Property_type,Property_city,Property_location,Bedrooms,Bathrooms,Parking_space,Floor_size,Property_price_(per_month)
3 Bedroom House,Pritoria,Leeuwenhof Estate,1,1,1,54 m²,R 24 000
2 Bedroom Apartment,Pritoria,Sinoville,1,1,1,51 m²,R 10 600
2 Bedroom Apartment,Pritoria,Pretoria Central,3,2,2,95 m²,R 14 000
2 Bedroom Townhouse,Pritoria,Mooikloof Ridge,2,1,1,60 m²,R 12 000
1 Bedroom Apartment,Pritoria,Willow Park Manor,2,1,1,75 m²,R 7 000
1 Bedroom Apartment,Pritoria,Meyerspark,0.5,1,1,45 m²,R 5 200
2 Bedroom Apartment,Pritoria,Montana,3,3,2,80 m²,R 11 000
4 Bedroom House,Pritoria,Wapadrand,2,2,2,75 m²,R 30 000
2 Bedroom Apartment,Pritoria,Elarduspark,2,1,1,48 m²,R 9 500
2 Bedroom Townhouse,Pritoria,Olympus AH,2,2,3,160 m²,R 10 500
1 Bedroom Apartment,Pritoria,Hillcrest,1,1,1,48 m²,R 7 000
3 Bedroom Townhouse,Pritoria,Rietvalleirand,1,1,1,98 m²,R 21 000
1 Bedroom Apartment,Pritoria,Hillcrest,2,2,3,42 m²,R 7 000
2 Bedroom Townhouse,Pritoria,Rietvalleirand,4,3,1,,R 13 800
1 Bedroom Apartment,Pritoria,Hatfield,2,2,2,,R 8 500
2 Bedroom Apartment,Pritoria,Olympus AH,2,1,1,106 m²,R 10 000
3 Bedroom Townhouse,Pritoria,Olympus AH,2,2,1,237 m²,R 25 000
2 Bedroom Apartment,Pritoria,Hazeldean,3,2.5,2,98 m²,R 9 800
2 Bedroom Apartment,Pritoria,Hatfield,2,2,1,43 m²,R 3 500
2 Bedroom Apartment,Pritoria,Hazeldean,2,1,1,105 m²,R 8 800
2 Bedroom Apartment,Pritoria,Hazeldean,2,2,1,123 m²,R 9 800
2 Bedroom Apartment,Pritoria,Hazeldean,2,2,2,90 m²,R 8 200
5 Bedroom House,Pritoria,Mooikloof Equestrian Estate,2,2,4,105 m²,R 70 000
2 Bedroom Apartment,Pritoria,Hazeldean,5,5,1,55 m²,R 8 800
1 Bedroom Apartment,Pritoria,Hatfield,2,2,1,74 m²,R 9 500
1 Bedroom Apartment,Pritoria,Bronberg,1,1,1,128 m²,R 9 150
2 Bedroom Townhouse,Pritoria,Hazeldean,1,1,2,83 m²,R 12 500
2 Bedroom Apartment,Pritoria,Equestria,2,2,1,58 m²,R 8 000
2 Bedroom Apartment,Pritoria,Waverley,2,1,2,97 m²,R 9 750
2 Bedroom Apartment,Pritoria,Paramount Estate,2,1,1,105 m²,R 8 500
3 Bedroom Apartment,Pritoria,Hazeldean,2,2,1,105 m²,R 9 500
2 Bedroom Apartment,Pritoria,Hazeldean,3,2,8,90 m²,R 8 800
4 Bedroom House,Pritoria,Lynnwood Glen,2,2,1,80 m²,R 25 000
2 Bedroom Apartment,Pritoria,Hazeldean,4,3,1,,R 8 200
3 Bedroom House,Pritoria,Annlin,2,2,2,,R 10 000
2 Bedroom Apartment,Pritoria,Hazelwood,3,2,,,R 17 000
2 Bedroom Apartment,Pritoria,Equestria,2,1,1,95 m²,R 8 600
0.5 Bedroom Apartment,Pritoria,Villieria,2,1,3,81 m²,R 5 047
2 Bedroom Apartment,Pritoria,Philip Nel Park,0.5,1,1,1 m²,R 6 800
2 Bedroom Apartment,Pritoria,Wolmer,2,1,1,75 m²,R 7 800
2 Bedroom Apartment,Pritoria,Hatfield,2,1,1,61 m²,R 10 000
3 Bedroom House,Pritoria,Montana,2,2,4,58 m²,R 18 000
2 Bedroom Apartment,Pritoria,Hazeldean,3,2,1,101 m²,R 8 800
2 Bedroom House,Pritoria,Blyde Riverwalk Estate,2,2,1,89 m²,R 13 500
2 Bedroom Townhouse,Pritoria,Silver Lakes,2,2,2,113 m²,R 8 200
2 Bedroom Townhouse,Pritoria,Lynnwood Manor,2,2,2,58 m²,R 17 800
2 Bedroom Apartment,Pritoria,Waverley,2,1.5,1,58 m²,R 9 750
1 Bedroom Apartment,Pritoria,Blyde Riverwalk Estate,2,1,1,44 m²,R 8 500
1 Bedroom Apartment,Pritoria,Willow Park Manor,1,1,1,105 m²,R 9 265
2 Bedroom Apartment,Pritoria,Hazeldean,1,1,2,180 m²,R 8 800
3 Bedroom Apartment,Pritoria,Erasmusrand,2,2,9,41 m²,R 11 000
5 Bedroom House,Pritoria,Six Fountains Residential Estate,3,2,1,1 m²,R 58 000
1 Bedroom Apartment,Pritoria,Mooikloof,5,5.5,2,90 m²,R 7 500
0.5 Bedroom Apartment,Pritoria,Villieria,1,1,2,80 m²,R 5 047
2 Bedroom Apartment,Pritoria,Boardwalk,0.5,1,4,,R 9 000
2 Bedroom Apartment,Pritoria,Mooikloof,2,1,,,R 14 500
2 Bedroom Townhouse,Pritoria,Silver Lakes Golf Estate,2,2,,,R 28 000
3 Bedroom Apartment,Pritoria,Montana,1,1,1,54 m²,R 10 500
2 Bedroom Apartment,Pritoria,Hatfield,3,2,3,156 m²,R 4 700
1 Bedroom Apartment,Pritoria,Elarduspark,2,1,1,56 m²,R 6 000
1 Bedroom Apartment,Pritoria,Elarduspark,1,1,1,45 m²,R 7 500
2 Bedroom Apartment,Pritoria,Dorandia,1,1,1,66 m²,R 7 400
2 Bedroom Apartment,Pritoria,Six Fountains Residential Estate,2,1,1,51 m²,R 15 000
2 Bedroom Apartment,Pritoria,Wolmer,2,2,2,104 m²,R 7 400
1 Bedroom Apartment,Pritoria,Elarduspark,2,1,1,51 m²,R 6 000
3 Bedroom Townhouse,Pritoria,Olympus AH,1,1,1,45 m²,R 25 000
2 Bedroom Apartment,Pritoria,Dorandia,3,2.5,2,254 m²,R 7 800
2 Bedroom Townhouse,Pritoria,Olympus AH,2,1,1,51 m²,R 7 600
3 Bedroom Townhouse,Pritoria,Bronberg,2,1,1,76 m²,R 17 000
2 Bedroom Townhouse,Pritoria,Mooikloof Ridge,3,2.5,2,180 m²,R 7 600
3 Bedroom Townhouse,Pritoria,Wonderboom,2,1,2,76 m²,R 16 000
1 Bedroom Apartment,Pritoria,Rietfontein,3,2,2,159 m²,R 4 925
1 Bedroom Apartment,Pritoria,Olympus AH,1,1,1,1 m²,R 9 440
0.5 Bedroom Apartment,Pritoria,Rietfontein,1,1,2,43 m²,R 4 375
0.5 Bedroom Apartment,Pritoria,Rietfontein,0.5,1,3,1 m²,R 4 150
3 Bedroom Apartment,Pritoria,Montana,0.5,1,,1 m²,R 12 000
2 Bedroom Townhouse,Pritoria,Equestria,3,2,,100 m²,R 10 000
3 Bedroom Townhouse,Pritoria,Olympus AH,2,1,,92 m²,R 25 000
1 Bedroom House,Pritoria,Capital Park,1,1,1,25 m²,R 2 780
2 Bedroom Apartment,Pritoria,Elarduspark,2,1,1,87 m²,R 8 600
2 Bedroom Apartment,Pritoria,Rietvalleirand,2,2,2,137 m²,R 11 500
2 Bedroom Apartment,Pritoria,Waverley,2,2,3,63 m²,R 10 250
3 Bedroom Townhouse,Pritoria,Silverton,3,3,1,63 m²,R 13 500
2 Bedroom Apartment,Pritoria,Waverley,2,2,1,74 m²,R 10 250
2 Bedroom Apartment,Pritoria,Blyde Riverwalk Estate,2,2,4,58 m²,R 11 000
1 Bedroom Apartment,Pritoria,Blyde Riverwalk Estate,1,1,1,50 m²,R 12 000
3 Bedroom House,Pritoria,Annlin,3,1.5,1,75 m²,R 11 000
1 Bedroom House,Pritoria,Montana Tuine,1,1,3,105 m²,R 8 340
2 Bedroom House,Pritoria,Montana Tuine,2,1,4,1 m²,R 13 500
4 Bedroom House,Pritoria,Newmark Estate,4,3.5,2,63 m²,R 35 000
5 Bedroom House,Pritoria,Montana,5,2.5,2,87 m²,R 23 000
2 Bedroom House,Pritoria,Montana Tuine,2,2,1,50 m²,R 16 700
3 Bedroom Townhouse,Pritoria,Lynnwood,3,2,1,50 m²,R 26 000
2 Bedroom Apartment,Pritoria,Magaliesmoot AH,2,2,1,32 m²,R 10 250
2 Bedroom Apartment,Pritoria,Magaliesmoot AH,2,1,1,,R 9 750
2 Bedroom Apartment,Pritoria,Elarduspark,2,1,,,R 8 600
1 Bedroom Apartment,Pritoria,Lynnwood,1,1,,,R 8 950
2 Bedroom Apartment,Pritoria,Olympus AH,2,1,,,R 7 600
1 Bedroom Apartment,Pritoria,Sunnyside,1,1,,,R 5 553
2 Bedroom Apartment,Pritoria,Waverley,2,1,2,56 m²,R 9 500
2 Bedroom Townhouse,Pritoria,Equestria,2,1,1,45 m²,R 11 500
1 Bedroom House,Pritoria,Montana Tuine,1,1,2,65 m²,R 8 040
2 Bedroom Apartment,Pritoria,Mooikloof Glen,2,2,2,90 m²,R 8 800
2 Bedroom Apartment,Pritoria,Montana Park,2,2,1,76 m²,R 8 600
2 Bedroom Apartment,Pritoria,Lynnwood,2,1,1,121 m²,R 22 000
2 Bedroom Apartment,Pritoria,Hatfield,2,1,2,63 m²,R 9 200
1 Bedroom House,Pritoria,Menlo Park,1,2,1,76 m²,R 27 000
1 Bedroom House,Pritoria,Constantia Park,1,1,2,56 m²,R 5 000
2 Bedroom Apartment,Pritoria,Waverley,2,2,1,63 m²,R 10 250
2 Bedroom Apartment,Pritoria,Pretoriuspark,2,2,1,63 m²,R 10 000
2 Bedroom Apartment,Pritoria,Hatfield,2,1,2,63 m²,R 9 400
2 Bedroom Apartment,Pritoria,Hatfield,2,1,2,107 m²,R 11 500
2 Bedroom Apartment,Pritoria,Waverley,2,2,2,75 m²,R 11 000
2 Bedroom Townhouse,Pritoria,Pretoria North,2,2,4,121 m²,R 10 250
2 Bedroom Apartment,Pritoria,Waverley,2,2,,,R 11 000
3 Bedroom House,Pritoria,Danville,3,2,,,R 8 000
2 Bedroom Apartment,Pritoria,Blyde Riverwalk Estate,2,2,,,R 11 500
3 Bedroom House,Pritoria,Roodeplaat,3,2.5,,,R 16 500
3 Bedroom Apartment,Pritoria,Montana,3,2,,,R 12 000
3 Bedroom Townhouse,Pritoria,Equestria,3,2,,,R 14 000
2 Bedroom Apartment,Pritoria,Equestria,2,1,1,81 m²,R 8 600
6 Bedroom House,Pritoria,Queenswood,6,3,14,63 m²,R 3 500
2 Bedroom Apartment,Pritoria,Waverley,2,2,3,70 m²,R 10 250
2 Bedroom Apartment,Pritoria,Montana,2,2,1,201 m²,R 10 200
3 Bedroom Townhouse,Pritoria,Boardwalk Meander,3,2,2,42 m²,R 20 000
1 Bedroom Apartment,Pritoria,Menlyn,1,1,7,58 m²,R 30 000
2 Bedroom Apartment,Pritoria,Waverley,2,1,2,126 m²,R 9 750
3 Bedroom Townhouse,Pritoria,Moreleta Park,3,2,58,55 m²,R 15 000
8 Bedroom House,Pritoria,Arcadia,8,3,4,64 m²,R 41 040
3 Bedroom Townhouse,Pritoria,Derdepoort,3,2,4,90 m²,R 17 000
58 Bedroom Apartment,Pritoria,Waterkloof,58,58,1,72 m²,R 15 990
3 Bedroom Townhouse,Pritoria,Magalieskruin,3,2,1,55 m²,R 12 500
4 Bedroom House,Pritoria,Doornpoort,4,3,2,72 m²,R 20 000
2 Bedroom Apartment,Pritoria,Erasmus Park,2,1,2,60 m²,R 10 900
2 Bedroom Apartment,Pritoria,Montana,2,2,58,94 m²,R 10 500
3 Bedroom Apartment,Pritoria,Annlin,3,2,1,,R 11 206
2 Bedroom Apartment,Pritoria,Blyde Riverwalk Estate,2,2,1,,R 12 000
58 Bedroom Apartment,Pritoria,Waterkloof,58,58,2,,R 15 990
2 Bedroom Apartment,Pritoria,Monument Park,2,1,,,R 9 646
2 Bedroom Apartment,Pritoria,La Montagne,2,1,,,R 7 500
2 Bedroom Apartment,Pritoria,Menlyn,2,2,,,R 56 500
2 Bedroom Apartment,Pritoria,Waterkloof,2,2,2,94 m²,R 10 000
3 Bedroom House,Pritoria,Villieria,3,2,3,43 m²,R 14 000
2 Bedroom Apartment,Pritoria,Menlyn,2,2,2,74 m²,R 55 700
0.5 Bedroom Apartment,Pritoria,Hatfield,0.5,2,1,56 m²,R 3 900
2 Bedroom Townhouse,Pritoria,Faerie Glen,2,2,1,68 m²,R 13 500
3 Bedroom Townhouse,Pritoria,Faerie Glen,3,1,3,55 m²,R 14 275
2 Bedroom Apartment,Pritoria,Rietfontein,2,1,1,46 m²,R 6 400
2 Bedroom Apartment,Pritoria,Olympus AH,2,1,2,70 m²,R 7 800
2 Bedroom Apartment,Pritoria,Montana,2,1,1,57 m²,R 8 400
2 Bedroom Apartment,Pritoria,Rietfontein,2,1,2,100 m²,R 6 400
2 Bedroom Apartment,Pritoria,Pretoria North,2,2,1,115 m²,R 5 500
3 Bedroom Townhouse,Pritoria,Montana,3,1,6,,R 18 000
2 Bedroom Apartment,Pritoria,West Park,2,2,2,,R 7 350
4 Bedroom House,Pritoria,Capital Park,4,2,12,,R 19 440
2 Bedroom Apartment,Pritoria,Blyde Riverwalk Estate,2,4.5,2,,R 10 500
6 Bedroom House,Pritoria,Waterkloof Ridge,6,2,2,,R 90 000
2 Bedroom Apartment,Pritoria,Hatfield,2,1,2,,R 10 500
1 Bedroom Apartment,Pritoria,Wonderboom South,1,2,4,,R 13 000
3 Bedroom Apartment,Pritoria,Mooikloof,3,2,,,R 16 000
2 Bedroom Apartment,Pritoria,Hazelwood,2,1.5,,,R 17 800
3 Bedroom House,Pritoria,Annlin,3,,,,R 11 000
2 Bedroom Apartment,Pritoria,The Hills Game Reserve Estate,2,2,2,73 m²,R 10 500
3 Bedroom Townhouse,Pritoria,Moreleta Park,3,1.5,2,120 m²,R 11 500
5 Bedroom House,Pritoria,Elarduspark,5,3,3,63 m²,R 19 900
2 Bedroom Apartment,Pritoria,Waverley,2,2,3,101 m²,R 10 250
3 Bedroom House,Pritoria,Constantia Park,3,1,4,178 m²,R 12 500
2 Bedroom Apartment,Pritoria,Menlo Park,2,2.5,2,112 m²,R 14 000
4 Bedroom Townhouse,Pritoria,Hatfield,4,2,1,63 m²,R 17 500
3 Bedroom Townhouse,Pritoria,Six Fountains Residential Estate,3,2,2,123 m²,R 22 000
2 Bedroom Apartment,Pritoria,Hazeldean,2,1,1,44 m²,R 9 250
2 Bedroom Apartment,Pritoria,Boardwalk,2,1,1,80 m²,R 8 100
2 Bedroom Apartment,Pritoria,Hazeldean,2,2,4,56 m²,R 9 500
1 Bedroom House,Pritoria,Equestria,1,1,1,56 m²,R 10 200
2 Bedroom Apartment,Pritoria,Roodeplaat,2,2,2,60 m²,R 10 480
3 Bedroom House,Pritoria,Lombardy Estate,3,2,2,50 m²,R 36 000
2 Bedroom Apartment,Pritoria,La Montagne,2,1,1,,R 8 300
2 Bedroom Apartment,Pritoria,Arcadia,2,1,1,,R 7 350
1 Bedroom Apartment,Pritoria,Menlyn,1,1,3,,R 21 000
2 Bedroom Apartment,Pritoria,Erasmus Park,2,1,4,,R 9 000
2 Bedroom Apartment,Pritoria,Olympus AH,2,1,,,R 7 600
5 Bedroom House,Pritoria,Elarduspark,5,3,,,R 19 900
3 Bedroom House,Pritoria,Waterkloof Ridge,3,3,,,R 49 000
1 Bedroom Apartment,Pritoria,Lynnwood Glen,1,1,1,44 m²,R 9 000
1 Bedroom Apartment,Pritoria,Hatfield,1,1,1,48 m²,R 8 100
2 Bedroom Apartment,Pritoria,Roodeplaat,2,1,1,75 m²,R 9 800
2 Bedroom Apartment,Pritoria,La Montagne,2,1.5,2,90 m²,R 9 500
2 Bedroom Townhouse,Pritoria,Mooikloof Ridge,2,1,2,81 m²,R 7 300
2 Bedroom Apartment,Pritoria,Roodeplaat,2,1,1,70 m²,R 10 000
2 Bedroom Apartment,Pritoria,Sinoville,2,2,1,88 m²,R 10 600
1 Bedroom Apartment,Pritoria,Silverton,1,1,2,40 m²,R 3 700
1 Bedroom Townhouse,Pritoria,Pretoria North,1,1.5,1,41 m²,R 5 100
1 Bedroom Apartment,Pritoria,Philip Nel Park,1,1,2,101 m²,R 6 050
2 Bedroom Apartment,Pritoria,Hazeldean,2,2,2,58 m²,R 9 800
1 Bedroom Apartment,Pritoria,Erasmus Park,1,1,4.5,107 m²,R 8 600
2 Bedroom Apartment,Pritoria,Blyde Riverwalk Estate,2,2,2,75 m²,R 16 300
2 Bedroom Apartment,Pritoria,Roodeplaat,2,1,1,83 m²,R 9 250
3 Bedroom House,Pritoria,Lynnwood Ridge,3,2,1,83 m²,R 22 000
5 Bedroom House,Pritoria,Sable Hills,5,5,,63 m²,R 35 000
2 Bedroom Apartment,Pritoria,Montana,2,2,,58 m²,R 8 600
2 Bedroom Townhouse,Pritoria,Mooikloof Ridge,2,1,,,R 8 350
2 Bedroom Townhouse,Pritoria,Mooikloof Ridge,2,1,,,R 8 350
2 Bedroom Apartment,Pritoria,Moregloed,2,2,,,R 10 250
2 Bedroom Apartment,Pritoria,Waverley,2,1,,,R 10 250
3 Bedroom House,Pritoria,Rietvalleirand,3,3,4,385 m²,R 23 500
2 Bedroom Apartment,Pritoria,Wonderboom,2,1,1,98 m²,R 4 150
2 Bedroom Apartment,Pritoria,Hazeldean,2,2,1,135 m²,R 9 800
3 Bedroom House,Pritoria,Wonderboom,3,2,2,105 m²,R 15 750
3 Bedroom Apartment,Pritoria,Hazeldean,3,2,1,40 m²,R 9 500
2 Bedroom Apartment,Pritoria,Philip Nel Park,2,1,1,131 m²,R 6 230
1 Bedroom Apartment,Pritoria,Hatfield,1,1,1,40 m²,R 6 680
2 Bedroom Apartment,Pritoria,Philip Nel Park,2,1,1,98 m²,R 6 340
3 Bedroom Townhouse,Pritoria,Hazeldean,3,2,4,99 m²,R 18 000
2 Bedroom Townhouse,Pritoria,Rietvalleirand,2,2,2,63 m²,R 14 500
1 Bedroom Apartment,Pritoria,Hatfield,1,1,1,74 m²,R 6 680
3 Bedroom Townhouse,Pritoria,Capital Park,3,1.5,4,32 m²,R 10 000
2 Bedroom Apartment,Pritoria,Hazeldean,2,2,1,123 m²,R 9 800
2 Bedroom Apartment,Pritoria,Menlo Park,2,2.5,2,45 m²,R 14 000
2 Bedroom Apartment,Pritoria,Waverley,2,2,2,,R 10 250
2 Bedroom Apartment,Pritoria,Blyde Riverwalk Estate,2,2,1,,R 13 000
1 Bedroom Apartment,Pritoria,Arcadia,1,1,1,,R 5 831
1 Bedroom Apartment,Pritoria,Florauna,1,1,1,,R 3 180
2 Bedroom Apartment,Pritoria,Doornpoort,2,1,1,,R 5 520
2 Bedroom Apartment,Pritoria,Hazeldean,2,2,58,,R 9 500
58 Bedroom Apartment,Pritoria,Waterkloof,58,58,,,R 10 990
2 Bedroom Apartment,Pritoria,Philip Nel Park,2,1,1,104 m²,R 5 950
3 Bedroom Townhouse,Pritoria,Equestria,3,1,4,104 m²,R 9 000
2 Bedroom Townhouse,Pritoria,Die Wilgers,2,2,3,125 m²,R 14 000
3 Bedroom House,Pritoria,Newmark Estate,3,2.5,4,82 m²,R 28 000
3 Bedroom Apartment,Pritoria,Hazeldean,3,2,1,41 m²,R 9 800
3 Bedroom Townhouse,Pritoria,Elarduspark,3,1.5,2,102 m²,R 10 950
2 Bedroom Apartment,Pritoria,Hillcrest,2,1,1,55 m²,R 8 000
2 Bedroom Apartment,Pritoria,Blyde Riverwalk Estate,2,2,2,79 m²,R 12 000
58 Bedroom Apartment,Pritoria,Waterkloof,58,58,58,44 m²,R 17 990
3 Bedroom House,Pritoria,Boardwalk,3,2,4,51 m²,R 27 000
2 Bedroom Apartment,Pritoria,Roodepark Eco Estate,2,2,1,100 m²,R 10 500
1 Bedroom Apartment,Pritoria,Waterkloof Park,1,1,1,100 m²,R 12 000
1 Bedroom Apartment,Pritoria,Menlyn,1,1,1,46 m²,R 14 000
Apartment,Pritoria,Greencreek Lifestyle Estate,2,1,1,64 m²,R 6 000
2 Bedroom Apartment,Pritoria,Arcadia,3,2.5,1,,R 21 000
3 Bedroom House,Pritoria,Six Fountains Residential Estate,2,2.5,1,,R 36 000
2 Bedroom Apartment,Pritoria,Philip Nel Park,2,1,1,,R 5 950
2 Bedroom Apartment,Pritoria,Faerie Glen,3,2,1,,R 9 950
3 Bedroom Townhouse,Pritoria,Equestria,1,2,3,,R 17 000
1 Bedroom Apartment,Pritoria,Hatfield,2,1,1,,R 11 500
2 Bedroom Apartment,Pritoria,Brooklyn,,2,1,,R 12 000
2 Bedroom Apartment,Pritoria,Menlo Park,2,2,2,77 m²,R 13 550
2 Bedroom Apartment,Pritoria,Erasmus Park,2,1,2,45 m²,R 12 000
2 Bedroom Apartment,Pritoria,Olympus AH,2,2,2,75 m²,R 10 750
1 Bedroom Apartment,Pritoria,Weavind Park,1,1,1,81 m²,R 5 500
0.5 Bedroom Apartment,Pritoria,Montana,0.5,1,1,1 m²,R 5 000
2 Bedroom Apartment,Pritoria,Equestria,2,1,5,51 m²,R 8 500
4 Bedroom House,Pritoria,Waterkloof Ridge,4,3,1,146 m²,R 36 999
2 Bedroom Apartment,Pritoria,La Montagne,2,1,1,52 m²,R 7 900
1.5 Bedroom Apartment,Pritoria,Arcadia,1.5,1,1,43 m²,R 6 200
2 Bedroom Apartment,Pritoria,Groenkloof,2,1,2,130 m²,R 7 500
2 Bedroom Townhouse,Pritoria,Erasmuskloof,2,2,1,58 m²,R 16 000
2 Bedroom Apartment,Pritoria,Hillcrest,2,1,1,75 m²,R 11 800
1 Bedroom Apartment,Pritoria,Annlin-Wes,1,1,2,69 m²,R 6 150
3 Bedroom House,Pritoria,Waterkloof,3,2,2,,R 20 000
2 Bedroom Apartment,Pritoria,Annlin,2,1.5,1,,R 9 500
1 Bedroom Apartment,Pritoria,Blyde Riverwalk Estate,1,1,6,,R 8 900
4 Bedroom House,Pritoria,Waterkloof,4,3,2,,R 40 000
1 Bedroom Apartment,Pritoria,Weavind Park,1,1,2,,R 5 500
2 Bedroom Apartment,Pritoria,Blyde Riverwalk Estate,2,2,4,,R 15 500
3 Bedroom Townhouse,Pritoria,Waterkloof Ridge,3,2.5,,,R 43 000
4 Bedroom House,Pritoria,The Wilds,4,4,,,R 60 000
3 Bedroom House,Pritoria,Boardwalk Meander,3,4,2,74 m²,R 28 000
2 Bedroom Apartment,Pritoria,Annlin,2,2,2,60 m²,R 11 206
2 Bedroom House,Pritoria,Lotus Gardens,2,1,1,135 m²,R 6 000
2 Bedroom Apartment,Pritoria,Sinoville,2,2,2,58 m²,R 10 600
3 Bedroom House,Pritoria,Zambezi Manor Lifestyle Estate,3,2,2,102 m²,R 15 750
2 Bedroom Apartment,Pritoria,Hatfield,2,1,2,46 m²,R 8 995
3 Bedroom Townhouse,Pritoria,Annlin,3,2,2,46 m²,R 11 500
2 Bedroom House,Pritoria,Newlands,2,2,2,74 m²,R 12 250
2 Bedroom Apartment,Pritoria,Willow Park Manor,2,2,1,140 m²,R 10 980
2 Bedroom Apartment,Pritoria,Erasmus Park,2,1,1,60 m²,R 9 500
1 Bedroom Apartment,Pritoria,Mooikloof Manor,1,1,2,69 m²,R 8 500
2 Bedroom Apartment,Pritoria,Annlin,2,2,12,103 m²,R 11 206
5 Bedroom House,Pritoria,Waterkloof,5,2,4,88 m²,R 85 000
3 Bedroom House,Pritoria,Montana,3,2,2,106 m²,R 13 800
3 Bedroom Townhouse,Pritoria,Olympus AH,3,2.5,1,,R 19 000
3 Bedroom Apartment,Pritoria,Arcadia,3,1,1,,R 7 500
1 Bedroom Apartment,Pritoria,Blyde Riverwalk Estate,1,1,2,,R 13 000
2 Bedroom Apartment,Pritoria,Blyde Riverwalk Estate,2,2,2,,R 13 000
2 Bedroom Apartment,Pritoria,Menlo Park,2,2.5,2,,R 14 000
2 Bedroom Apartment,Pritoria,Menlo Park,2,2,,,R 14 400
2 Bedroom Apartment,Pritoria,Brooklyn,2,2,,,R 20 000
3 Bedroom Townhouse,Pritoria,Lynnwood Manor,3,2,2,104 m²,R 16 000
2 Bedroom Apartment,Pritoria,Six Fountains Residential Estate,2,2,4,92 m²,R 15 000
2 Bedroom Apartment,Pritoria,Hazeldean,2,2,2,77 m²,R 10 550
2 Bedroom Apartment,Pritoria,Sunnyside,2,2,1,21 m²,R 6 500
0.5 Bedroom Apartment,Pritoria,Riviera,0.5,1,1,47 m²,R 4 000
1 Bedroom Apartment,Pritoria,Wonderboom South,1,1,1,149 m²,R 5 500
3 Bedroom Townhouse,Pritoria,Faerie Glen,3,2,4,58 m²,R 15 500
2 Bedroom Apartment,Pritoria,Waverley,2,1,4,62 m²,R 10 250
2 Bedroom Townhouse,Pritoria,The Wilds,2,2,2,237 m²,R 16 000
2 Bedroom Apartment,Pritoria,Montana,2,2,2,99 m²,R 8 900
1 Bedroom House,Pritoria,Ashlea Gardens,1,1,1,99 m²,R 16 500
3 Bedroom Townhouse,Pritoria,Olympus AH,3,2.5,1,99 m²,R 25 000
1 Bedroom Apartment,Pritoria,Montana,1,1,2,149 m²,R 7 000
2 Bedroom Apartment,Pritoria,Pretoria North,2,2,2,80 m²,R 6 800
2 Bedroom Townhouse,Pritoria,Olympus AH,2,2,2,,R 16 000
2 Bedroom Townhouse,Pritoria,Olympus AH,2,2,4,,R 16 000
2 Bedroom Townhouse,Pritoria,Olympus AH,2,2,4,,R 16 000
3 Bedroom House,Pritoria,Six Fountains Residential Estate,3,2.5,1,,R 38 000
3 Bedroom Townhouse,Pritoria,Faerie Glen,3,2,,,R 15 500
2 Bedroom Townhouse,Pritoria,Elarduspark,2,1.5,,,R 9 500
1 Bedroom Apartment,Pritoria,Blyde Riverwalk Estate,1,1,,,R 10 000
2 Bedroom Apartment,Pritoria,Waverley,2,1,4,71 m²,R 10 950
2 Bedroom Townhouse,Pritoria,Montana,2,2,4,64 m²,R 10 500
2 Bedroom House,Pritoria,Faerie Glen,2,2,2,137 m²,R 17 000
4 Bedroom House,Pritoria,Erasmusrand,4,2,2,45 m²,R 23 000
2 Bedroom Apartment,Pritoria,Mooikloof,2,2,2,81 m²,R 9 000
3 Bedroom House,Pritoria,Roodeplaat,3,2,1,71 m²,R 17 900
1 Bedroom Apartment,Pritoria,Montana,1,1,3,100 m²,R 5 400
3 Bedroom Townhouse,Pritoria,Monument Park,3,2.5,1,80 m²,R 15 500
Apartment,Pritoria,Arcadia,2,1,1,80 m²,R 7 103
2 Bedroom Apartment,Pritoria,Montana Park,3,1,2,40 m²,R 8 840
3 Bedroom Townhouse,Pritoria,Six Fountains Residential Estate,2,2,2,56 m²,R 19 100
2 Bedroom Apartment,Pritoria,Equestria,2,2,2,,R 9 750
2 Bedroom Townhouse,Pritoria,Olympus AH,0.5,2,3,,R 18 000
0.5 Bedroom Apartment,Pritoria,Pretoria West,2,1,2,,R 3 800
2 Bedroom Apartment,Pritoria,Waverley,2,1,1,,R 10 950
2 Bedroom Apartment,Pritoria,Montana,3,2,1,,R 10 000
3 Bedroom Apartment,Pritoria,Mooikloof,2,2,,,R 11 500
2 Bedroom Townhouse,Pritoria,Gezina,2,1,,,R 7 800
2 Bedroom Apartment,Pritoria,Montana,1,2,,,R 10 480
1 Bedroom Apartment,Pritoria,Menlo Park,2,1,,,R 9 200
2 Bedroom Apartment,Pritoria,La Montagne,,1,,,R 8 300
3 Bedroom Townhouse,Pritoria,Constantia Park,3,3,1,65 m²,R 30 000
2 Bedroom Apartment,Pritoria,Erasmuskloof,2,2,1,74 m²,R 8 000
2 Bedroom Apartment,Pritoria,Annlin,2,2,2,75 m²,R 11 206
3 Bedroom Apartment,Pritoria,Sinoville,3,2,1,42 m²,R 7 250
3 Bedroom Townhouse,Pritoria,Wonderboom,3,2,2,138 m²,R 10 400
2 Bedroom Townhouse,Pritoria,Willow Park Manor,2,2,3,125 m²,R 9 000
2 Bedroom Apartment,Pritoria,Blyde Riverwalk Estate,2,1,2,117 m²,R 14 000
2 Bedroom Apartment,Pritoria,Philip Nel Park,2,1,1,156 m²,R 7 600
1 Bedroom Apartment,Pritoria,Menlyn,1,3,1,55 m²,R 30 000
3 Bedroom House,Pritoria,Silver Lakes Golf Estate,3,2,2,75 m²,R 38 000
4 Bedroom House,Pritoria,Rose Acres Estate,4,1.5,1,53 m²,R 23 000
2 Bedroom Townhouse,Pritoria,Country View Estate,2,2,2,144 m²,R 10 400
3 Bedroom Townhouse,Pritoria,Moreleta Park,3,2,4,99 m²,R 13 500
3 Bedroom Townhouse,Pritoria,Mooikloof,3,2,2,,R 16 500
3 Bedroom Townhouse,Pritoria,Willow Park Manor,3,1,2,,R 13 950
1 Bedroom Apartment,Pritoria,Brooklyn,1,1,1,,R 9 990
2 Bedroom Apartment,Pritoria,Philip Nel Park,2,1,1,,R 7 600
3 Bedroom Apartment,Pritoria,Hatfield,3,2.5,2,,R 4 499
3 Bedroom Apartment,Pritoria,Lynnwood,3,1,2,,R 21 900
2 Bedroom Apartment,Pritoria,Montana,2,2,2,,R 8 900
2 Bedroom Townhouse,Pritoria,Olympus AH,2,,2,,R 16 000
2 Bedroom Townhouse,Pritoria,Olympus AH,2,2,2,99 m²,R 16 000
2 Bedroom Townhouse,Pritoria,Olympus AH,2,2,2,99 m²,R 16 000
2 Bedroom Townhouse,Pritoria,Olympus AH,2,2,2,99 m²,R 16 000
2 Bedroom Townhouse,Pritoria,Olympus AH,2,2,2,107 m²,R 14 000
4 Bedroom House,Pritoria,Garsfontein,4,5,6,68 m²,R 25 000
1 Bedroom Apartment,Pritoria,Menlo Park,1,1,1,78 m²,R 12 000
2 Bedroom Townhouse,Pritoria,Equestria,2,2,5,52 m²,R 17 000
2 Bedroom Apartment,Pritoria,Waterkloof Marina Retirement Estate,2,1,1,43 m²,R 14 500
1 Bedroom Apartment,Pritoria,Equestria,1,1,1,25 m²,R 10 200
1 Bedroom Apartment,Pritoria,Equestria,1,1,1,59 m²,R 8 900
1 Bedroom Apartment,Pritoria,Waterkloof,1,1,1,68 m²,R 6 000
2 Bedroom Apartment,Pritoria,Brooklyn,2,2,1,36 m²,R 9 500
2 Bedroom Apartment,Pritoria,Wonderboom South,2,1.5,8,29 m²,R 6 500
4 Bedroom House,Pritoria,Wonderboom,4,3,1,70 m²,R 25 000
1 Bedroom Apartment,Pritoria,Wapadrand,1,1,1,68 m²,R 6 500
0.5 Bedroom Apartment,Pritoria,Philip Nel Park,0.5,1,1,76 m²,R 5 100
1 Bedroom Apartment,Pritoria,Villieria,1,1,1,30 m²,R 7 000
2 Bedroom Apartment,Pritoria,Wonderboom South,2,1.5,6,,R 6 500
4 Bedroom House,Pritoria,Wonderboom South,4,2,1,,R 22 000
2 Bedroom Apartment,Pritoria,Sinoville,2,2,1,,R 7 600
1 Bedroom Apartment,Pritoria,Brooklyn,1,1,,,R 6 000
2 Bedroom Townhouse,Pritoria,Silver Lakes,2,1,2,112 m²,R 9 250
2 Bedroom Townhouse,Pritoria,Silver Lakes,2,1.5,2,145 m²,R 10 000
3 Bedroom Apartment,Pritoria,Menlyn,3,2,1,111 m²,R 14 500
2 Bedroom Apartment,Pritoria,Six Fountains,2,2,2,87 m²,R 13 500
3 Bedroom Townhouse,Pritoria,Rietfontein,3,1,2,156 m²,R 10 500
3 Bedroom Townhouse,Pritoria,Murrayfield,3,2,1,70 m²,R 11 880
4 Bedroom House,Pritoria,Waterkloof Ridge,4,4,3,56 m²,R 40 000
2 Bedroom Apartment,Pritoria,Brooklyn,2,2,2,121 m²,R 16 500
2 Bedroom Apartment,Pritoria,Olympus AH,2,1,1,73 m²,R 7 800
2 Bedroom Apartment,Pritoria,Olympus AH,2,2,2,168 m²,R 10 500
3 Bedroom Townhouse,Pritoria,Olympus AH,3,2.5,4,79 m²,R 17 500
2 Bedroom Townhouse,Pritoria,Moreleta Park,2,1,1,55 m²,R 7 500
3 Bedroom Townhouse,Pritoria,Equestria,3,2,4,65 m²,R 14 950
2 Bedroom Apartment,Pritoria,Tijger Vallei,2,2,1,82 m²,R 11 000
4 Bedroom House,Pritoria,Lynnwood Glen,4,1,3,87 m²,R 24 000
3 Bedroom Townhouse,Pritoria,Olympus AH,3,2,2,,R 9 900
Apartment,Pritoria,Hatfield,2,1,1,,R 6 990
2 Bedroom Apartment,Pritoria,Montana,2,1,1,,R 7 500
2 Bedroom Apartment,Pritoria,Nieuw Muckleneuk,2,2,2,,R 9 650
2 Bedroom Apartment,Pritoria,Six Fountains,2,2,2,,R 13 500
2 Bedroom Townhouse,Pritoria,Montana,,1,1,,R 7 100
4 Bedroom House,Pritoria,Garsfontein,4,4,2,78 m²,R 19 500
2 Bedroom Apartment,Pritoria,Waterkloof Glen,2,2,2,40 m²,R 8 500
4 Bedroom House,Pritoria,Dorandia,4,2,4,42 m²,R 15 000
3 Bedroom House,Pritoria,Wonderboom,3,3,2,50 m²,R 17 500
3 Bedroom Townhouse,Pritoria,Olympus AH,3,2.5,2,227 m²,R 22 000
1 Bedroom Apartment,Pritoria,Willow Park Manor,1,1,1,84 m²,R 15 000
1 Bedroom Apartment,Pritoria,Menlyn,1,1,1,72 m²,R 30 000
2 Bedroom House,Pritoria,Waterkloof Ridge,2,2,2,42 m²,R 48 000
1 Bedroom Apartment,Pritoria,Waterkloof Marina Retirement Estate,1,1,1,41 m²,R 9 600
3 Bedroom Townhouse,Pritoria,The Wilds,3,2,4,74 m²,R 18 500
3 Bedroom Townhouse,Pritoria,Meyerspark,3,2,4,45 m²,R 12 200
2 Bedroom Apartment,Pritoria,Moreleta Park,2,1,3,65 m²,R 11 000
2 Bedroom Apartment,Pritoria,Eloffsdal,2,1,1,30 m²,R 5 200
1 Bedroom Apartment,Pritoria,Menlyn,1,1,1,,R 30 000
3 Bedroom Townhouse,Pritoria,Ashlea Gardens,3,2.5,1,,R 23 000
1 Bedroom Apartment,Pritoria,Greencreek Lifestyle Estate,1,1,1,,R 8 000
2 Bedroom Apartment,Pritoria,Mooikloof,2,2,2,,R 11 500
58 Bedroom Apartment,Pritoria,Waterkloof,58,58,58,,R 8 990
2 Bedroom Apartment,Pritoria,Annlin,2,1,1,,R 6 700
2 Bedroom Apartment,Pritoria,Mooikloof,2,2,2,,R 10 000
1 Bedroom Apartment,Pritoria,Eloffsdal,1,1,,,R 3 840
3 Bedroom House,Pritoria,Waterkloof Ridge,3,3.5,3,144 m²,R 38 000
3 Bedroom Townhouse,Pritoria,Equestria,3,2.5,2,74 m²,R 16 500
2 Bedroom Apartment,Pritoria,Blyde Riverwalk Estate,2,2,2,60 m²,R 11 235
2 Bedroom Apartment,Pritoria,Castle Gate,2,1,1,227 m²,R 11 500
2 Bedroom Townhouse,Pritoria,Moreleta Park,2,1,3,98 m²,R 11 500
3 Bedroom House,Pritoria,Waterkloof Ridge,3,3.5,3,85 m²,R 38 000
3 Bedroom Townhouse,Pritoria,The Wilds,3,2,4,75 m²,R 18 500
2 Bedroom Apartment,Pritoria,Hazeldean,2,2,1,230 m²,R 9 800
2 Bedroom Apartment,Pritoria,Olympus AH,2,2,2,41 m²,R 12 320
1 Bedroom Apartment,Pritoria,Blyde Riverwalk Estate,1,1,1,75 m²,R 9 500
3 Bedroom House,Pritoria,Olympus AH,3,3,2,112 m²,R 24 600
3 Bedroom Townhouse,Pritoria,Waterkloof,3,2,2,50 m²,R 26 000
1 Bedroom Apartment,Pritoria,Mooikloof,1,1,2,,R 8 000
2 Bedroom Apartment,Pritoria,Mooikloof,2,2,2,,R 11 500
2 Bedroom Townhouse,Pritoria,La Montagne,2,1.5,2,,R 9 800
3 Bedroom House,Pritoria,Andeon,3,2,1,,R 14 000
1 Bedroom Apartment,Pritoria,Die Wilgers,1,1,2,,R 7 200
2 Bedroom Apartment,Pritoria,Menlyn,2,2,2,,R 45 000
3 Bedroom Townhouse,Pritoria,Equestria,3,2,2,,R 13 860
5 Bedroom House,Pritoria,Silver Lakes Golf Estate,5,3.5,,,R 30 000
2 Bedroom Townhouse,Pritoria,Pretoria West,2,1,,,R 8 500
4 Bedroom House,Pritoria,Moreleta Park,4,3.5,4,227 m²,R 24 500
3 Bedroom House,Pritoria,The Wilds,3,2,4,50 m²,R 18 500
1 Bedroom Apartment,Pritoria,Waterkloof Marina Retirement Estate,1,1,1,70 m²,R 9 600
1 Bedroom Apartment,Pritoria,Moreleta Park,1,1,1,45 m²,R 8 500
1 Bedroom Apartment,Pritoria,Garsfontein,1,1,1,70 m²,R 7 000
2 Bedroom Apartment,Pritoria,Montana,2,1,1,58 m²,R 9 600
2 Bedroom Townhouse,Pritoria,Montana,2,1,2,98 m²,R 6 850
3 Bedroom Apartment,Pritoria,Willow Park Manor,3,2,3,126 m²,R 10 500
4 Bedroom House,Pritoria,Silver Lakes Golf Estate,4,3,1,64 m²,R 39 000
2 Bedroom Apartment,Pritoria,Olympus AH,2,2,2,31 m²,R 13 900
1 Bedroom Townhouse,Pritoria,Mooiplaats AH,1,1,2,63 m²,R 7 500
3 Bedroom House,Pritoria,Rietfontein,3,2,1,70 m²,R 12 500
2 Bedroom Apartment,Pritoria,Pretoria North,2,1,2,105 m²,R 7 150
2 Bedroom Townhouse,Pritoria,Menlo Park,2,2.5,1,,R 16 000
1 Bedroom Apartment,Pritoria,Blyde Riverwalk Estate,1,1,1,,R 7 950
2 Bedroom Apartment,Pritoria,Waverley,2,2,4,,R 10 250
1 Bedroom Apartment,Pritoria,Moreleta Park,1,1,4,,R 8 500
3 Bedroom House,Pritoria,Montana,3,2,1,,R 15 500
3 Bedroom House,Pritoria,Six Fountains Residential Estate,3,2.5,4,,R 40 000
3 Bedroom Apartment,Pritoria,Hazeldean,3,2,,,R 9 500
3 Bedroom House,Pritoria,Six Fountains Residential Estate,3,2.5,,,R 38 000
3 Bedroom Townhouse,Pritoria,Lynnwood Glen,3,2,2,115 m²,R 18 500
2 Bedroom Apartment,Pritoria,Nieuw Muckleneuk,2,2,2,87 m²,R 21 500
2 Bedroom Apartment,Pritoria,Olympus AH,2,1,1,56 m²,R 8 000
3 Bedroom Townhouse,Pritoria,Equestria,3,2,2,70 m²,R 17 000
3 Bedroom House,Pritoria,Tileba,3,1,2,56 m²,R 14 500
2 Bedroom Apartment,Pritoria,Rietvalleirand,2,2,2,41 m²,R 9 000
4 Bedroom House,Pritoria,Silver Lakes Golf Estate,4,3.5,3,105 m²,R 65 000
2 Bedroom Townhouse,Pritoria,Erasmuskloof,2,1,2,40 m²,R 9 500
3 Bedroom House,Pritoria,Tileba,3,1,2,55 m²,R 14 500
2 Bedroom Apartment,Pritoria,Queenswood,2,2,1,110 m²,R 10 500
5 Bedroom Apartment,Pritoria,Sunnyside,5,1,2,56 m²,R 1 499
2 Bedroom Apartment,Pritoria,La Montagne,2,1,2,,R 8 500
1 Bedroom Apartment,Pritoria,Silver Lakes Golf Estate,1,1,1,,R 16 000
1 Bedroom Apartment,Pritoria,Greencreek Lifestyle Estate,1,1,1,,R 7 900
3 Bedroom Apartment,Pritoria,Hazeldean,3,2,2,,R 9 500
1 Bedroom Apartment,Pritoria,Montana Tuine,1,1,1,,R 9 632
3 Bedroom Townhouse,Pritoria,Equestria,3,2,2,,R 14 450
1 Bedroom Apartment,Pritoria,Moreleta Park,1,1,1,,R 7 200
2 Bedroom House,Pritoria,Andeon,2,1,2,,R 8 000
3 Bedroom Townhouse,Pritoria,Montana,3,2,4,,R 11 000
1 Bedroom Apartment,Pritoria,Waterkloof,1,1,1,,R 8 500
2 Bedroom Apartment,Pritoria,Silver Lakes,2,2,1,145 m²,R 10 000
2 Bedroom Apartment,Pritoria,Hazeldean,2,2,1,123 m²,R 9 500
2 Bedroom Apartment,Pritoria,Menlo Park,2,2,3,116 m²,R 19 500
0.5 Bedroom Apartment,Pritoria,Sunnyside,0.5,1,1,50 m²,R 3 200
2 Bedroom Apartment,Pritoria,Hazeldean,2,2,1,123 m²,R 9 500
0.5 Bedroom Apartment,Pritoria,Montana,0.5,1,1,30 m²,R 5 000
3 Bedroom House,Pritoria,Mooikloof Gardens Estate,3,2.5,2,105 m²,R 26 000
3 Bedroom Apartment,Pritoria,Shere,3,2,1,85 m²,R 9 500
4 Bedroom House,Pritoria,Willow Acres,4,4.5,2,140 m²,R 25 000
6 Bedroom House,Pritoria,Silver Lakes Golf Estate,6,3.5,2,83 m²,R 75 000
2 Bedroom Townhouse,Pritoria,Faerie Glen,2,1,1,40 m²,R 11 000
3 Bedroom House,Pritoria,Olympus AH,3,2.5,3,103 m²,R 19 000
2 Bedroom Apartment,Pritoria,Brooklyn,2,2,2,99 m²,R 13 500
1 Bedroom Apartment,Pritoria,Blyde Riverwalk Estate,1,1,1,42 m²,R 9 500
6 Bedroom House,Pritoria,Savannah Country Estate,6,5,4,31 m²,R 39 000
2 Bedroom Apartment,Pritoria,Rietvalleirand,2,2,2,101 m²,R 14 000
2 Bedroom Apartment,Pritoria,Olympus AH,2,2,2,72 m²,R 16 000
1 Bedroom Apartment,Pritoria,Menlyn,1,1,1,,R 30 000
1 Bedroom Apartment,Pritoria,Blyde Riverwalk Estate,1,1,1,,R 9 500
2 Bedroom Townhouse,Pritoria,Equestria,2,1,2,,R 16 000
2 Bedroom Apartment,Pritoria,Waterkloof Ridge,2,2,2,,R 10 200
3 Bedroom Townhouse,Pritoria,Moreleta Park,3,2,2,84 m²,R 10 000
0.5 Bedroom Apartment,Pritoria,Brooklyn,0.5,1,1,30 m²,R 4 500
3 Bedroom House,Pritoria,Waterkloof Glen,3,3.5,2,112 m²,R 22 000
Apartment,Pritoria,Lynnwood,3,1,1,116 m²,R 11 000
3 Bedroom Townhouse,Pritoria,Lynnwood Ridge,2,1.5,2,105 m²,R 16 000
2 Bedroom Apartment,Pritoria,Moreleta Park,1,1,1,101 m²,R 7 800
1 Bedroom Apartment,Pritoria,Hatfield,6,1,1,129 m²,R 6 900
6 Bedroom House,Pritoria,Hatfield,3,3,2,143 m²,R 4 500
3 Bedroom House,Pritoria,Annlin,3,1.5,3,100 m²,R 11 000
3 Bedroom Townhouse,Pritoria,Equestria,2,2,2,80 m²,R 16 000
2 Bedroom Townhouse,Pritoria,Brooklyn,2,2,1,105 m²,R 19 500
2 Bedroom Apartment,Pritoria,Hazeldean,0.5,2,1,,R 9 800
0.5 Bedroom Apartment,Pritoria,Brooklyn,2,1,1,,R 4 500
2 Bedroom Apartment,Pritoria,Hazeldean,2,2,2,,R 9 800
2 Bedroom Townhouse,Pritoria,Equestria,3,2,2,,R 13 000
3 Bedroom House,Pritoria,Sterrewag,3,3.5,2,,R 23 000
3 Bedroom Townhouse,Pritoria,Boardwalk Villas,3,2.5,2,,R 22 000
3 Bedroom Apartment,Pritoria,Blyde Riverwalk Estate,2,2,2,,R 18 500
2 Bedroom Apartment,Pritoria,Lynnwood Manor,3,1,2,,R 8 950
3 Bedroom House,Pritoria,Moreleta Park,3,2,1,,R 19 500
3 Bedroom Apartment,Pritoria,Hazeldean,,2,,,R 9 500
Apartment,Pritoria,Pretoria Central,2,1,2,85 m²,R 3 800
2 Bedroom Apartment,Pritoria,Olympus AH,2,1,2,1 m²,R 10 175
2 Bedroom Apartment,Pritoria,Montana,2,1,2,85 m²,R 9 250
2 Bedroom Apartment,Pritoria,Olympus AH,2,1,3,90 m²,R 8 800
2 Bedroom Apartment,Pritoria,Meyerspark,4,1,2,78 m²,R 6 300
4 Bedroom House,Pritoria,Silver Lakes Golf Estate,2,3.5,1,97 m²,R 48 000
2 Bedroom Apartment,Pritoria,Waterkloof Park,2,2,2,144 m²,R 17 000
2 Bedroom Apartment,Pritoria,La Montagne,2,1,2,107 m²,R 9 000
2 Bedroom Townhouse,Pritoria,The Wilds,2,2,2,107 m²,R 14 000
2 Bedroom Townhouse,Pritoria,Olympus AH,2,2,1,60 m²,R 14 000
2 Bedroom Townhouse,Pritoria,Olympus AH,2,2,2,107 m²,R 14 000
2 Bedroom Apartment,Pritoria,Pretoriuspark,3,1,2,111 m²,R 8 400
3 Bedroom House,Pritoria,Philip Nel Park,4,1,2,27 m²,R 14 500
4 Bedroom House,Pritoria,Waterkloof Golf Estate,2,5,2,85 m²,R 40 000
2 Bedroom Townhouse,Pritoria,Olympus AH,3,2,1,58 m²,R 14 000
3 Bedroom Apartment,Pritoria,Mooikloof,2,2,2,,R 17 500
2 Bedroom House,Pritoria,Brooklyn,1,1,1,,R 19 000
1 Bedroom Apartment,Pritoria,Pretoria Central,3,1,,,R 4 903
3 Bedroom House,Pritoria,Boardwalk,2,2,,,R 16 000
2 Bedroom Apartment,Pritoria,Olympus AH,1,1,,,R 10 175
1 Bedroom Apartment,Pritoria,Blyde Riverwalk Estate,,1,,,R 11 000
2 Bedroom Apartment,Pritoria,Mooikloof,2,2,2,65 m²,R 8 900
2 Bedroom House,Pritoria,Derdepoort,2,2,2,400 m²,R 11 000
3 Bedroom House,Pritoria,Lotus Gardens,3,2,2,55 m²,R 11 500
1 Bedroom Apartment,Pritoria,Florauna,1,1,1,70 m²,R 4 800
3 Bedroom House,Pritoria,Booysens,3,2.5,2,130 m²,R 8 250
2 Bedroom House,Pritoria,Mooiplaats AH,2,1,1,95 m²,R 7 000
2 Bedroom Apartment,Pritoria,Silver Lakes Golf Estate,2,1,2,65 m²,R 19 500
1 Bedroom Apartment,Pritoria,Les Marais,1,1,3,1 m²,R 4 750
2 Bedroom Apartment,Pritoria,Hatfield,2,2,1,64 m²,R 9 200
4 Bedroom Townhouse,Pritoria,Capital Park,4,2.5,4,125 m²,R 18 000
2 Bedroom Apartment,Pritoria,Blyde Riverwalk Estate,2,2,2,64 m²,R 11 000
3 Bedroom Townhouse,Pritoria,Annlin,3,2,2,,R 12 000
2 Bedroom Apartment,Pritoria,Menlo Park,2,2,1,,R 20 000
2 Bedroom Apartment,Pritoria,Mooikloof,2,2,3,,R 8 900
2 Bedroom Apartment,Pritoria,Waverley,2,1,1,,R 8 400
3 Bedroom House,Pritoria,Rietvalleirand,3,2,2,,R 13 000
1.5 Bedroom Apartment,Pritoria,Gezina,1.5,1,1,,R 5 500
2 Bedroom Apartment,Pritoria,Greencreek Lifestyle Estate,2,2,2,,R 9 500
3 Bedroom Apartment,Pritoria,Hazeldean,3,2,4,,R 9 800
2 Bedroom Apartment,Pritoria,Pretoria North,2,1,,,R 6 000
2 Bedroom House,Pritoria,Wapadrand,2,2,,,R 19 850
2 Bedroom Apartment,Pritoria,Monument Park,2,2,3,90 m²,R 13 500
2 Bedroom Apartment,Pritoria,Hatfield,2,1,1,48 m²,R 4 000
5 Bedroom House,Pritoria,Waterkloof Heights,5,6.5,5,81 m²,R 50 000
2 Bedroom House,Pritoria,Moreleta Park,2,1,2,79 m²,R 9 000
2 Bedroom Apartment,Pritoria,Brooklyn,2,2,1,167 m²,R 12 000
3 Bedroom Townhouse,Pritoria,Montana,3,2.5,3,85 m²,R 12 250
2 Bedroom Apartment,Pritoria,Montana,2,2,2,455 m²,R 8 600
3 Bedroom Townhouse,Pritoria,Garsfontein,3,2,2,125 m²,R 12 000
3 Bedroom House,Pritoria,Garsfontein,3,2,5,56 m²,R 26 000
2 Bedroom Apartment,Pritoria,Hatfield,2,2,4,130 m²,R 9 800
4 Bedroom House,Pritoria,Moreleta Park,4,3.5,1,126 m²,R 26 000
2 Bedroom Townhouse,Pritoria,The Wilds,2,2,2,126 m²,R 13 000
2 Bedroom Apartment,Pritoria,Sinoville,2,2,1,116 m²,R 10 600
1 Bedroom Apartment,Pritoria,Menlyn,1,1,2,69 m²,R 18 000
4 Bedroom Townhouse,Pritoria,Equestria,4,3,2,202 m²,R 17 000
2 Bedroom Apartment,Pritoria,Olympus AH,2,2,2,,R 14 500
2 Bedroom Apartment,Pritoria,Olympus AH,2,2,2,,R 14 500
2 Bedroom Apartment,Pritoria,Nieuw Muckleneuk,2,2,2,,R 16 500
3 Bedroom Apartment,Pritoria,Shere,3,2,4,,R 10 500
1 Bedroom Townhouse,Pritoria,Pretoria West,1,1,,,R 5 650
3 Bedroom Townhouse,Pritoria,Olympus AH,3,2.5,,,R 22 000
3 Bedroom House,Pritoria,Andeon AH,3,2,2,59 m²,R 9 000
2 Bedroom Apartment,Pritoria,Nieuw Muckleneuk,2,2,1,84 m²,R 9 500
2 Bedroom Apartment,Pritoria,La Montagne,2,1,1,106 m²,R 8 000
4 Bedroom House,Pritoria,Muckleneuk,4,4,2,114 m²,R 36 500
2 Bedroom Apartment,Pritoria,Blyde Riverwalk Estate,2,2,2,56 m²,R 11 500
3 Bedroom Apartment,Pritoria,Blyde Riverwalk Estate,3,2,2,99 m²,R 16 500
2 Bedroom Townhouse,Pritoria,Faerie Glen,2,1,4,70 m²,R 13 500
Apartment,Pritoria,Sunnyside,0.5,1,1,58 m²,R 3 303
0.5 Bedroom Apartment,Pritoria,Gezina,3,1,5,90 m²,R 3 600
3 Bedroom House,Pritoria,Pretoria Gardens,2,2,1,74 m²,R 13 500
2 Bedroom Apartment,Pritoria,Montana Tuine,2,2,2,74 m²,R 8 550
2 Bedroom Townhouse,Pritoria,La Montagne,2,1,2,,R 7 950
2 Bedroom Townhouse,Pritoria,Olympus AH,3,2,4,,R 16 000
3 Bedroom Townhouse,Pritoria,Faerie Glen,2,2.5,1,,R 24 000
2 Bedroom Apartment,Pritoria,Montana,1,2,1,,R 8 900
1 Bedroom Apartment,Pritoria,Blyde Riverwalk Estate,2,1,3,,R 14 000
2 Bedroom Townhouse,Pritoria,Montana,5,2,3,,R 9 500
5 Bedroom House,Pritoria,Waterkloof Ridge,3,4,2,,R 55 000
3 Bedroom Townhouse,Pritoria,Montana Tuine,2,2,1,,R 12 000
2 Bedroom Apartment,Pritoria,Rietfontein,2,1.5,1,,R 8 000
2 Bedroom Apartment,Pritoria,Rietfontein,,1.5,,,R 8 000
4 Bedroom House,Pritoria,Silver Lakes Golf Estate,4,3.5,4,123 m²,R 35 000
3 Bedroom Apartment,Pritoria,La Montagne,3,2,2,67 m²,R 10 000
3 Bedroom Townhouse,Pritoria,Annlin,3,2.5,2,87 m²,R 9 320
1 Bedroom Apartment,Pritoria,Newlands,1,1,1,1 m²,R 7 900
3 Bedroom House,Pritoria,Montana,3,2.5,4,40 m²,R 18 730
3 Bedroom Townhouse,Pritoria,Wapadrand,3,2,1,90 m²,R 12 000
5 Bedroom House,Pritoria,Waterkloof Glen,5,4.5,6,131 m²,R 60 000
0.5 Bedroom Apartment,Pritoria,Menlo Park,0.5,1,2,154 m²,R 10 250
3 Bedroom Townhouse,Pritoria,Annlin,3,2.5,1,65 m²,R 9 320
1 Bedroom House,Pritoria,Montana Tuine,1,1,4,42 m²,R 9 032
3 Bedroom House,Pritoria,Erasmuskloof,3,2,1,135 m²,R 25 000
2 Bedroom Townhouse,Pritoria,Waterkloof Ridge,2,2,3,,R 15 500
3 Bedroom Townhouse,Pritoria,Oukraal Estate,3,2.5,4,,R 11 000
3 Bedroom House,Pritoria,Lindo Park,3,1,1,,R 9 500
3 Bedroom Townhouse,Pritoria,Elarduspark,3,2,2,,R 19 500
2 Bedroom Apartment,Pritoria,Waterkloof Ridge,2,2,3,,R 12 000
3 Bedroom House,Pritoria,Mooikloof Gardens Estate,3,2,2,,R 26 000
1 Bedroom Apartment,Pritoria,Menlyn,1,1,1,,R 14 500
3 Bedroom House,Pritoria,Roodeplaat,3,2,2,,R 15 750
3 Bedroom Apartment,Pritoria,Villieria,3,2,,,R 8 000
3 Bedroom Apartment,Pritoria,Wapadrand,3,2,,,R 11 000
2 Bedroom Apartment,Pritoria,Waverley,2,1,1,66 m²,R 6 000
Apartment,Pritoria,Capital Park,1,1,1,70 m²,R 3 940
1 Bedroom Townhouse,Pritoria,Elarduspark,2,1.5,2,94 m²,R 7 500
2 Bedroom Townhouse,Pritoria,Moreleta Park,2,1,1,43 m²,R 11 500
2 Bedroom Apartment,Pritoria,Montana Tuine,3,2.5,2,50 m²,R 9 500
3 Bedroom House,Pritoria,Six Fountains Residential Estate,2,2,2,75 m²,R 40 000
2 Bedroom Apartment,Pritoria,Menlyn,1,1,1,7 m²,R 55 700
1 Bedroom Apartment,Pritoria,Olympus AH,1,1,2,15 m²,R 9 450
1 Bedroom Apartment,Pritoria,Blyde Riverwalk Estate,1,1,1,7 m²,R 10 500
1 Bedroom Apartment,Pritoria,Hatfield,3,2,2,30 m²,R 4 550
3 Bedroom House,Pritoria,Andeon,3,1,2,98 m²,R 9 000
3 Bedroom House,Pritoria,Meyerspark,2,1,1,,R 14 000
2 Bedroom Apartment,Pritoria,Philip Nel Park,3,2,2,,R 6 800
3 Bedroom Apartment,Pritoria,Annlin,0.5,1,2,,R 8 300
0.5 Bedroom Apartment,Pritoria,Capital Park,3,2,1,,R 3 000
3 Bedroom Apartment,Pritoria,Annlin,1,1,1,,R 8 300
1 Bedroom Apartment,Pritoria,Willow Acres,2,2,2,,R 7 500
2 Bedroom Apartment,Pritoria,Shere,2,2,2,,R 9 800
2 Bedroom Apartment,Pritoria,Montana,2,2,2,,R 8 900
2 Bedroom Townhouse,Pritoria,Olympus AH,4,2.5,,,R 16 500
4 Bedroom House,Pritoria,Lynnwood Ridge,,,,,R 35 000
2 Bedroom Townhouse,Pritoria,Country View Estate,2,1,2,57 m²,R 10 500
4 Bedroom House,Pritoria,Murrayfield,4,5,2,105 m²,R 40 000
2 Bedroom Apartment,Pritoria,Silverton,2,1,2,217 m²,R 5 800
4 Bedroom House,Pritoria,Lynnwood,4,3,2,52 m²,R 28 623
3 Bedroom Townhouse,Pritoria,Faerie Glen,3,2,4,92 m²,R 15 000
3 Bedroom Townhouse,Pritoria,Brooklyn,3,3,2,73 m²,R 23 000
4 Bedroom House,Pritoria,Mooikloof Gardens Estate,4,3,1,169 m²,R 35 000
2 Bedroom House,Pritoria,Montana,2,2,2,56 m²,R 10 600
1 Bedroom Apartment,Pritoria,Waterkloof Marina Retirement Estate,1,1,2,49 m²,R 10 500
2 Bedroom Apartment,Pritoria,Menlo Park,2,2,1,180 m²,R 20 000
2 Bedroom Apartment,Pritoria,The Hills Game Reserve Estate,2,2,4,,R 11 500
2 Bedroom Townhouse,Pritoria,Silver Lakes Golf Estate,2,2,1,,R 22 000
3 Bedroom House,Pritoria,Olympus AH,3,2,1,,R 21 500
2 Bedroom Apartment,Pritoria,La Montagne,2,1,2,,R 8 800
0.5 Bedroom House,Pritoria,Pretoria North,0.5,1,8,,R 4 150
4 Bedroom House,Pritoria,Murrayfield,4,5,2,,R 40 000
2 Bedroom Apartment,Pritoria,Hatfield,2,1,2,,R 8 400
4 Bedroom House,Pritoria,Waterkloof Ridge,4,4.5,2,,R 40 000
3 Bedroom House,Pritoria,Oukraal Estate,3,2.5,,,R 19 500
2 Bedroom Apartment,Pritoria,Hatfield,2,1,,,R 11 800
3 Bedroom House,Pritoria,Moreleta Park,3,2,,,R 20 500
4 Bedroom House,Pritoria,Waterkloof Ridge,4,5,6,54 m²,R 42 000
1 Bedroom Apartment,Pritoria,Menlo Park,1,1,1,84 m²,R 13 000
2 Bedroom Apartment,Pritoria,Moreleta Park,2,1,2,41 m²,R 8 800
1 Bedroom Apartment,Pritoria,Shere,1,1,1,42 m²,R 6 750
2 Bedroom Apartment,Pritoria,Menlyn,2,2,2,38 m²,R 56 000
0.5 Bedroom Apartment,Pritoria,Oukraal Estate,0.5,1,1,87 m²,R 5 400
2 Bedroom Townhouse,Pritoria,Elarduspark,2,1,2,38 m²,R 8 600
4 Bedroom House,Pritoria,Waterkloof,4,3,7,66 m²,R 25 000
0.5 Bedroom Apartment,Pritoria,Oukraal Estate,0.5,1,1,85 m²,R 5 400
2 Bedroom Apartment,Pritoria,Arcadia,2,1,2,61 m²,R 8 500
4 Bedroom House,Pritoria,The Wilds,4,4.5,4,139 m²,R 49 900
3 Bedroom Apartment,Pritoria,Silverton,3,1,2,78 m²,R 8 000
1 Bedroom Apartment,Pritoria,Andeon,1,1,1,140 m²,R 5 800
3 Bedroom Townhouse,Pritoria,Arcadia,3,2,1,140 m²,R 12 700
5 Bedroom House,Pritoria,Waterkloof,5,3.5,2,140 m²,R 35 000
2 Bedroom Apartment,Pritoria,Menlo Park,2,2,2,140 m²,R 14 500
3 Bedroom Townhouse,Pritoria,Equestria,3,2,4,,R 16 800
3 Bedroom Townhouse,Pritoria,Olympus AH,3,2.5,2,,R 19 000
3 Bedroom Townhouse,Pritoria,Olympus AH,3,2.5,2,,R 19 000
3 Bedroom Townhouse,Pritoria,Olympus AH,3,2.5,2,,R 19 000
3 Bedroom Townhouse,Pritoria,Olympus AH,3,2.5,2,,R 19 000
3 Bedroom House,Pritoria,Lynnwood,3,3.5,2,70 m²,R 28 000
2 Bedroom Apartment,Pritoria,Alphen Park,2,2,2,99 m²,R 14 000
2 Bedroom Townhouse,Pritoria,Olympus AH,2,2,2,99 m²,R 16 000
2 Bedroom Townhouse,Pritoria,Olympus AH,2,2,2,90 m²,R 16 000
4 Bedroom House,Pritoria,Waterkloof,4,3.5,3,31 m²,R 60 000
2 Bedroom Townhouse,Pritoria,Magalieskruin,2,2,1,31 m²,R 8 000
2 Bedroom Townhouse,Pritoria,Die Wilgers,2,2,2,74 m²,R 4 500
2 Bedroom Apartment,Pritoria,Brooklyn,2,2,1,,R 19 500
1 Bedroom Apartment,Pritoria,Mooikloof Manor,1,1,1,,R 6 250
2 Bedroom Apartment,Pritoria,Waterkloof,2,1,1,,R 11 000
2 Bedroom Townhouse,Pritoria,Montana,2,2,2,,R 10 000
2 Bedroom House,Pritoria,Silver Lakes Golf Estate,2,2,1,,R 23 000
1 Bedroom Apartment,Pritoria,Mooikloof Manor,1,1,1,,R 6 250
3 Bedroom Townhouse,Pritoria,Annlin,3,2,4,,R 12 800
2 Bedroom Apartment,Pritoria,Blyde Riverwalk Estate,2,2,2,,R 14 000
10 Bedroom House,Pritoria,Lynnwood Glen,10,10,4,,R 39 500
1 Bedroom Apartment,Pritoria,Montana,1,1,4,,R 5 600
3 Bedroom House,Pritoria,Faerie Glen,3,2.5,1,,R 27 000
3 Bedroom House,Pritoria,Mamelodi East,3,1,2,,R 7 500
2 Bedroom Apartment,Pritoria,Blyde Riverwalk Estate,2,2,1,,R 17 000
3 Bedroom Townhouse,Pritoria,Derdepoort,3,2,,,R 15 500
3 Bedroom Apartment,Pritoria,Greencreek Lifestyle Estate,3,2,2,80 m²,R 12 500
1 Bedroom Apartment,Pritoria,Montana,1,1,1,49 m²,R 6 050
2 Bedroom Apartment,Pritoria,Hillcrest,2,1,1,51 m²,R 7 500
1 Bedroom Apartment,Pritoria,Hatfield,1,1,1,41 m²,R 9 000
3 Bedroom House,Pritoria,Nellmapius,3,2,2,45 m²,R 7 500
Apartment,Pritoria,Hatfield,4,1,1,58 m²,R 8 000
4 Bedroom House,Pritoria,Faerie Glen,2,3.5,4,120 m²,R 29 000
2 Bedroom Apartment,Pritoria,Queenswood,5,1,2,100 m²,R 9 500
5 Bedroom House,Pritoria,Six Fountains Residential Estate,2,4.5,4,45 m²,R 50 000
2 Bedroom Apartment,Pritoria,Dorandia,3,1,1,105 m²,R 7 200
3 Bedroom Townhouse,Pritoria,Brooklyn,1,2,3,310 m²,R 38 000
1 Bedroom Apartment,Pritoria,Blyde Riverwalk Estate,3,1,1,,R 11 000
3 Bedroom Apartment,Pritoria,Montana,3,2,3,,R 10 400
3 Bedroom Apartment,Pritoria,Blyde Riverwalk Estate,5,2,2,,R 16 000
5 Bedroom House,Pritoria,Lynnwood Glen,4,3,6,,R 25 000
4 Bedroom House,Pritoria,Waterkloof Heights,2,4.5,4,,R 60 000
2 Bedroom Apartment,Pritoria,Dorandia,3,1,1,,R 7 200
3 Bedroom Townhouse,Pritoria,Montana,2,2.5,2,,R 19 000
2 Bedroom Apartment,Pritoria,Menlo Park,3,2.5,1,,R 14 000
3 Bedroom House,Pritoria,Faerie Glen,1,2.5,4,,R 25 000
1 Bedroom Apartment,Pritoria,Hatfield,,1,,,R 4 500
2 Bedroom Apartment,Pritoria,Nieuw Muckleneuk,2,2,2,62 m²,R 10 800
5 Bedroom House,Pritoria,Eastwood,5,3,3,68 m²,R 40 000
House,Pritoria,Montana Park,1,1,3,123 m²,R 16 500
1 Bedroom Apartment,Pritoria,La Montagne,2,1,1,390 m²,R 6 800
2 Bedroom Apartment,Pritoria,Equestria,4,1,1,123 m²,R 12 000
4 Bedroom Townhouse,Pritoria,Lynnwood Manor,2,2,2,140 m²,R 50 000
2 Bedroom Apartment,Pritoria,Equestria,1,1,1,140 m²,R 12 000
1 Bedroom House,Pritoria,Magalieskruin,3,1,2,139 m²,R 6 800
3 Bedroom Townhouse,Pritoria,Olympus AH,3,2.5,2,163 m²,R 19 000
3 Bedroom Townhouse,Pritoria,Olympus AH,3,2.5,2,58 m²,R 19 000
3 Bedroom Townhouse,Pritoria,Olympus AH,2,2.5,2,250 m²,R 19 000
2 Bedroom House,Pritoria,Rietvalleirand,4,2,1,40 m²,R 14 000
4 Bedroom House,Pritoria,Savannah Country Estate,14,5,6,,R 25 000
14 Bedroom House,Pritoria,Arcadia,4,12,6,,R 5 900
4 Bedroom Townhouse,Pritoria,Tijger Vallei,3,2,3,,R 14 500
3 Bedroom House,Pritoria,Montana,4,2.5,4,,R 17 300
4 Bedroom Townhouse,Pritoria,Brooklyn,1,3,4,,R 40 000
1 Bedroom Apartment,Pritoria,Willow Park Manor,3,1,1,,R 12 000
3 Bedroom Apartment,Pritoria,Annlin,3,2,2,,R 11 206
3 Bedroom Townhouse,Pritoria,Baileys Muckleneuk,1,3.5,3,,R 26 750
1 Bedroom Apartment,Pritoria,Philip Nel Park,,1,1,,R 5 700
2 Bedroom Apartment,Pritoria,Eloffsdal,2,1,1,83 m²,R 6 200
2 Bedroom Apartment,Pritoria,Annlin,2,1,1,99 m²,R 6 700
2 Bedroom Townhouse,Pritoria,Montana,2,1,1,74 m²,R 6 500
2 Bedroom Townhouse,Pritoria,Olympus AH,2,2,2,69 m²,R 16 000
1 Bedroom Apartment,Pritoria,Wonderboom South,1,1,1,85 m²,R 5 150
3 Bedroom House,Pritoria,Montana Park,3,2,3,143 m²,R 25 000
3 Bedroom House,Pritoria,Annlin,3,2,2,140 m²,R 9 320
0.5 Bedroom Apartment,Pritoria,Hatfield,0.5,1,1,99 m²,R 7 300
2 Bedroom Apartment,Pritoria,Montana,2,2,1,,R 7 680
2 Bedroom Apartment,Pritoria,Sunnyside,2,1,1,,R 6 000
1 Bedroom Townhouse,Pritoria,Lynnwood,1,1,2,,R 12 000
3 Bedroom House,Pritoria,Waterkloof,3,2,6,,R 28 000
1 Bedroom Apartment,Pritoria,Hatfield,1,1,2,,R 4 950
1 Bedroom House,Pritoria,Menlyn,1,1,1,,R 4 300
3 Bedroom Townhouse,Pritoria,Lynnwood,3,2,2,,R 15 900
2 Bedroom Apartment,Pritoria,Annlin-Wes,2,2,2,,R 7 400
3 Bedroom Townhouse,Pritoria,Equestria,3,2,3,,R 15 800
1 Bedroom Apartment,Pritoria,Pretoria Central,1,1,2,,R 5 500
3 Bedroom Townhouse,Pritoria,Olympus AH,3,2.5,2,,R 19 000
2 Bedroom Townhouse,Pritoria,Olympus AH,2,2,2,,R 16 000
2 Bedroom Townhouse,Pritoria,Moreleta Park,2,1,1,,R 10 800
2 Bedroom Apartment,Pritoria,Olympus AH,2,2,2,85 m²,R 9 900
Apartment,Pritoria,Pretoriuspark,2,2,1,56 m²,R 8 000
2 Bedroom Apartment,Pritoria,Hatfield,3,2,3,72 m²,R 10 000
3 Bedroom House,Pritoria,Lotus Gardens,6,7,1,250 m²,R 6 000
6 Bedroom House,Pritoria,Savannah Country Estate,3,2,3,72 m²,R 39 000
3 Bedroom Townhouse,Pritoria,Annlin,3,2,4,57 m²,R 12 000
3 Bedroom House,Pritoria,Waterkloof Ridge,3,2.5,1,246 m²,R 28 000
3 Bedroom House,Pritoria,Montana,2,2,1,,R 17 300
2 Bedroom Apartment,Pritoria,Hatfield,2,1,2,,R 10 000
2 Bedroom Apartment,Pritoria,Silverton,0.5,1,2,,R 6 000
0.5 Bedroom Apartment,Pritoria,Arcadia,3,1,2,,R 2 600
3 Bedroom House,Pritoria,Mountain View,2,1,1,,R 9 050
2 Bedroom House,Pritoria,Lotus Gardens,3,2,1,,R 6 500
3 Bedroom House,Pritoria,Mountain View,3,2,1,,R 18 000
3 Bedroom Townhouse,Pritoria,Monument Park,2,1,1,,R 22 000
2 Bedroom Apartment,Pritoria,Montana,2,1,1,,R 7 400
2 Bedroom Apartment,Pritoria,Philip Nel Park,1,1,,,R 6 970
1 Bedroom Apartment,Pritoria,Blyde Riverwalk Estate,1,1,,,R 8 000
1 Bedroom Apartment,Pritoria,Silverton,1,1,,,R 6 400
House,Pritoria,Pretoria North,,1,,,R 4 150
1 Bedroom House,Pritoria,Waterkloof Ridge,,,,,R 6 000
5 Bedroom House,Pritoria,Waterkloof,5,4,4,100 m²,R 45 000
1 Bedroom Apartment,Pritoria,Annlin,1,1,1,63 m²,R 6 150
1 Bedroom Apartment,Pritoria,Annlin,1,1,1,64 m²,R 6 150
5 Bedroom House,Pritoria,Waterkloof,5,6,9,,R 100 000
0.5 Bedroom Apartment,Pritoria,Hillcrest,0.5,1,1,,R 5 900
2 Bedroom Apartment,Pritoria,Erasmusrand,2,2,2,,R 9 500
2 Bedroom Apartment,Pritoria,Six Fountains,2,2.5,2,,R 15 400
3 Bedroom House,Pritoria,Waterkloof Boulevard Estate,3,2,2,,R 37 500
1 Bedroom Apartment,Pritoria,Pretoria Central,1,1,1,,R 5 650
1 Bedroom Apartment,Pritoria,Pretoria Central,1,1,2,,R 5 250
1 Bedroom Apartment,Pritoria,Pretoria Central,1,1,2,,R 5 150
1 Bedroom Apartment,Pritoria,Montana,1,1,5,,R 7 800
3 Bedroom House,Pritoria,Garsfontein,3,2.5,2,,R 26 000
3 Bedroom House,Pritoria,Montana,3,1,1,,R 12 500
3 Bedroom House,Pritoria,Montana Park,3,2,3,,R 11 500
1 Bedroom Apartment,Pritoria,Mooikloof,1,1,1,,R 8 500
2 Bedroom House,Pritoria,Gezina,2,1,1,,R 9 950
2 Bedroom Apartment,Pritoria,Kilner Park,2,1,1,,R 7 700
1 Bedroom House,Pritoria,Brooklyn,1,1,,,R 4 000
3 Bedroom House,Pritoria,Philip Nel Park,3,1,,,R 7 990
2 Bedroom Apartment,Pritoria,Roodepark Eco Estate,2,1,,,R 8 500
3 Bedroom Townhouse,Pritoria,Olympus AH,3,2.5,2,140 m²,R 19 000
2 Bedroom House,Pritoria,Lynnwood Glen,2,2,2,7 m²,R 25 000
2 Bedroom Apartment,Pritoria,Montana,2,2,1,50 m²,R 8 000
3 Bedroom House,Pritoria,Zwavelpoort AH,3,2.5,4,50 m²,R 23 000
3 Bedroom Townhouse,Pritoria,Wapadrand,3,2,3,75 m²,R 12 000
3 Bedroom Apartment,Pritoria,Doornpoort,3,2,2,55 m²,R 9 350
3 Bedroom House,Pritoria,Waterkloof,3,3.5,5,,R 48 000
1 Bedroom Apartment,Pritoria,Waterkloof Marina Retirement Estate,1,1,1,,R 9 639
3 Bedroom Apartment,Pritoria,Sinoville,3,1,1,,R 6 900
3 Bedroom Townhouse,Pritoria,Brooklyn,3,3,1,,R 30 000
5 Bedroom House,Pritoria,Philip Nel Park,5,1,2,,R 15 000
2 Bedroom Apartment,Pritoria,Booysens,2,1,1,,R 7 000
1 Bedroom Apartment,Pritoria,Waterkloof Marina Retirement Estate,1,1,1,,R 9 639
2 Bedroom Apartment,Pritoria,Montana,2,1,1,,R 9 600
1 Bedroom Apartment,Pritoria,Menlyn,1,1,1,,R 13 500
3 Bedroom Apartment,Pritoria,Sinoville,3,2,2,,R 7 250
2 Bedroom Townhouse,Pritoria,Rietfontein,2,1,2,,R 6 300
2 Bedroom Apartment,Pritoria,Nieuw Muckleneuk,2,2,2,,R 13 500
2 Bedroom Apartment,Pritoria,Montana,2,2,2,,R 9 400
2 Bedroom Apartment,Pritoria,Montana,2,2,,,R 8 900
2 Bedroom Apartment,Pritoria,Montana,2,1,,,R 7 900
2 Bedroom Townhouse,Pritoria,Olympus AH,2,2,2,99 m²,R 16 000
4 Bedroom Townhouse,Pritoria,Kameeldrift East,4,2,2,119 m²,R 12 900
3 Bedroom Townhouse,Pritoria,Montana,3,2.5,2,100 m²,R 11 850
3 Bedroom Apartment,Pritoria,Baileys Muckleneuk,3,2,2,51 m²,R 28 650
2 Bedroom Townhouse,Pritoria,Muckleneuk,2,1,2,40 m²,R 18 000
2 Bedroom Apartment,Pritoria,Montana Tuine,2,1,1,300 m²,R 7 100
1 Bedroom Apartment,Pritoria,Hatfield,1,4,1,74 m²,R 7 000
4 Bedroom Townhouse,Pritoria,Waterkloof Ridge,4,2,4,51 m²,R 30 000
3 Bedroom Townhouse,Pritoria,Montana,3,3,1,33 m²,R 8 000
4 Bedroom House,Pritoria,Silver Stream Estate,4,2,4,107 m²,R 30 000
3 Bedroom House,Pritoria,East Lynne,3,2.5,2,65 m²,R 10 990
3 Bedroom Townhouse,Pritoria,Woodhill Golf Estate,3,2,2,,R 25 000
3 Bedroom Apartment,Pritoria,Annlin,3,1,2,,R 11 206
1 Bedroom Apartment,Pritoria,Pretoria Central,1,1,2,,R 5 400
1 Bedroom Apartment,Pritoria,Pretoria Central,1,4,2,,R 5 400
5 Bedroom House,Pritoria,Roodeplaat,5,1,7,,R 30 000
2 Bedroom Townhouse,Pritoria,Pretoria North,2,1,1,,R 7 150
2 Bedroom Apartment,Pritoria,Montana,2,1,1,,R 7 100
1 Bedroom Apartment,Pritoria,Savannah Country Estate,1,2,1,,R 11 100
2 Bedroom Apartment,Pritoria,Blyde Riverwalk Estate,2,2,2,,R 15 500
2 Bedroom Apartment,Pritoria,Mooikloof Glen,2,,2,,R 11 000
2 Bedroom Apartment,Pritoria,Menlo Park,2,2.5,2,105 m²,R 14 000
1 Bedroom House,Pritoria,Montana Tuine,1,1,1,69 m²,R 11 632
2 Bedroom Apartment,Pritoria,Sinoville,2,2,2,88 m²,R 10 600
3 Bedroom House,Pritoria,Lynnwood Glen,3,2,2,71 m²,R 21 500
4 Bedroom Townhouse,Pritoria,Moreleta Park,4,2.5,6,140 m²,R 16 000
Apartment,Pritoria,Pretoriuspark,2,2,2,56 m²,R 8 750
2 Bedroom Apartment,Pritoria,Rietvalleirand,3,2,2,180 m²,R 8 000
3 Bedroom House,Pritoria,Wapadrand,3,2,4,63 m²,R 30 000
3 Bedroom House,Pritoria,Montana,1,1,1,70 m²,R 18 730
1 Bedroom Apartment,Pritoria,Doornpoort,2,1,2,37 m²,R 4 075
2 Bedroom Townhouse,Pritoria,Moreleta Park,3,2,2,,R 10 700
3 Bedroom Townhouse,Pritoria,Hazeldean,3,2.5,2,,R 9 980
3 Bedroom Townhouse,Pritoria,Olympus AH,3,2,4,,R 19 000
3 Bedroom House,Pritoria,Montana,2,1,4,,R 18 730
2 Bedroom Apartment,Pritoria,Waverley,3,3,1,,R 9 500
3 Bedroom Townhouse,Pritoria,Menlo Park,2,1,2,,R 25 000
2 Bedroom Apartment,Pritoria,Montana Park,2,2,2,,R 6 900
2 Bedroom Apartment,Pritoria,Blyde Riverwalk Estate,1,1,1,,R 15 000
1 Bedroom Apartment,Pritoria,Pretoria Central,1,1,,,R 5 450
1 Bedroom Apartment,Pritoria,Blyde Riverwalk Estate,,1,,,R 11 000
Apartment,Pritoria,Pretoria North,,,,,R 4 600
2 Bedroom Townhouse,Pritoria,Olympus AH,2,2,2,99 m²,R 16 000
5 Bedroom House,Pritoria,Montana Park,5,4,4,68 m²,R 30 000
1 Bedroom Apartment,Pritoria,Newlands,1,1,1,166 m²,R 8 700
2 Bedroom Townhouse,Pritoria,Montana Tuine,2,1,1,47 m²,R 6 750
2 Bedroom Townhouse,Pritoria,Garsfontein,2,1,1,30 m²,R 8 600
2 Bedroom Apartment,Pritoria,Gezina,2,1,1,75 m²,R 5 550
3 Bedroom Townhouse,Pritoria,Woodhill Golf Estate,3,2,2,70 m²,R 27 000
2 Bedroom Apartment,Pritoria,Wonderboom South,2,1,1,47 m²,R 5 575
1 Bedroom Apartment,Pritoria,Blyde Riverwalk Estate,1,1,1,71 m²,R 10 000
1 Bedroom Apartment,Pritoria,Menlo Park,1,1,1,148 m²,R 5 000
2 Bedroom Apartment,Pritoria,Proclamation Hill,2,1,2,105 m²,R 6 600
2 Bedroom Apartment,Pritoria,Rietvalleirand,2,2,1,,R 8 400
1 Bedroom Apartment,Pritoria,Blyde Riverwalk Estate,1,1,2,,R 10 000
2 Bedroom Apartment,Pritoria,Annlin,2,2,2,,R 11 206
2 Bedroom Townhouse,Pritoria,Montana,2,2,1,,R 10 000
1 Bedroom Apartment,Pritoria,Montana,1,1,2,,R 6 050
3 Bedroom Townhouse,Pritoria,Wonderboom,3,2,1,,R 10 400
2 Bedroom Apartment,Pritoria,Sinoville,2,1,2,,R 7 600
2 Bedroom Apartment,Pritoria,Moregloed,2,2,2,,R 11 000
3 Bedroom Apartment,Pritoria,Waterkloof,3,2,,,R 17 000
3 Bedroom Apartment,Pritoria,Blyde Riverwalk Estate,3,2,,,R 15 500
3 Bedroom House,Pritoria,Moreleta Park,3,2.5,2,67 m²,R 19 500
0.5 Bedroom Apartment,Pritoria,Hatfield,0.5,1,1,60 m²,R 6 500
2 Bedroom Apartment,Pritoria,Hatfield,2,2,2,37 m²,R 10 500
2 Bedroom Apartment,Pritoria,Sinoville,2,2,1,34 m²,R 10 600
1 Bedroom Apartment,Pritoria,Blyde Riverwalk Estate,1,1,2,229 m²,R 7 900
0.5 Bedroom Apartment,Pritoria,Hatfield,0.5,1,1,74 m²,R 6 050
4 Bedroom Townhouse,Pritoria,Roodeplaat,4,4,2,130 m²,R 12 900
3 Bedroom Townhouse,Pritoria,Moreleta Park,3,2,1,101 m²,R 12 000
2 Bedroom Apartment,Pritoria,Arcadia,2,1,2,30 m²,R 6 910
3 Bedroom House,Pritoria,Equestria,3,3,2,92 m²,R 27 500
3 Bedroom Apartment,Pritoria,Groenkloof,3,2,2,67 m²,R 24 000
3 Bedroom Townhouse,Pritoria,Garsfontein,3,2,1,,R 12 000
2 Bedroom Apartment,Pritoria,Mooikloof,2,1,4,,R 7 350
3 Bedroom Townhouse,Pritoria,The Wilds,3,2,2,,R 24 000
10 Bedroom House,Pritoria,Waterkloof Ridge,10,8,2,,R 56 000
Apartment,Pritoria,Nieuw Muckleneuk,3,2,1,,R 10 000
3 Bedroom House,Pritoria,Wapadrand,2,2.5,2,,R 12 200
2 Bedroom Apartment,Pritoria,Menlo Park,1,1,2,,R 14 000
1 Bedroom Apartment,Pritoria,Menlo Park,2,2,,,R 6 100
2 Bedroom Apartment,Pritoria,Menlyn,2,2,,,R 20 500
2 Bedroom Apartment,Pritoria,Hatfield,,,,,R 10 500
3 Bedroom Apartment,Pritoria,Silver Lakes,3,2,2,1 m²,R 22 000
2 Bedroom Apartment,Pritoria,Die Wilgers,2,2,1,105 m²,R 7 500
2 Bedroom Apartment,Pritoria,Andeon,2,1,2,90 m²,R 8 000
3 Bedroom Apartment,Pritoria,Blyde Riverwalk Estate,3,2,2,64 m²,R 20 000
3 Bedroom Apartment,Pritoria,Greencreek Lifestyle Estate,3,2,1,90 m²,R 10 500
1 Bedroom Apartment,Pritoria,Doornpoort,1,1,2,105 m²,R 5 075
3 Bedroom House,Pritoria,Lindo Park,3,1.5,1,27 m²,R 10 000
1 Bedroom Apartment,Pritoria,Greencreek Lifestyle Estate,1,1,2,75 m²,R 6 750
2 Bedroom Apartment,Pritoria,Brooklyn,2,2,1,118 m²,R 15 000
2 Bedroom Apartment,Pritoria,Brooklyn,2,2,1,,R 14 000
2 Bedroom House,Pritoria,Lotus Gardens,2,1,2,,R 6 500
3 Bedroom Apartment,Pritoria,Sinoville,3,1,2,,R 7 250
1 Bedroom Apartment,Pritoria,Pretoria West,1,1,2,,R 5 000
2 Bedroom Apartment,Pritoria,Brooklyn,2,2,2,,R 16 500
2 Bedroom Townhouse,Pritoria,Silver Lakes,2,2,1,,R 9 800
4 Bedroom House,Pritoria,Boardwalk Meander,4,3,5,,R 48 000
1 Bedroom Apartment,Pritoria,Willow Park Manor,1,1,1,,R 6 500
3 Bedroom Apartment,Pritoria,Hatfield,3,3,,,R 13 500
2 Bedroom Apartment,Pritoria,Die Wilgers,2,2,,,R 7 500
3 Bedroom Apartment,Pritoria,Magalieskruin,3,2,,,R 9 500
2 Bedroom Townhouse,Pritoria,Pretoria North,2,1.5,,,R 7 200
2 Bedroom Apartment,Pritoria,Montana,2,1,1,60 m²,R 10 100
1 Bedroom Apartment,Pritoria,Murrayfield,1,1,2,63 m²,R 7 500
1 Bedroom Apartment,Pritoria,Blyde Riverwalk Estate,1,1,1,55 m²,R 7 300
3 Bedroom Townhouse,Pritoria,Montana,3,2,2,63 m²,R 15 610
3 Bedroom Townhouse,Pritoria,Country View Estate,3,2.5,2,45 m²,R 18 500
3 Bedroom Townhouse,Pritoria,Tyger Valley,3,2,2,129 m²,R 13 500
4 Bedroom House,Pritoria,Silver Lakes Golf Estate,4,2.5,6,120 m²,R 35 000
House,Pritoria,Lynnwood Park,3,1,1,,R 6 950
3 Bedroom House,Pritoria,Mooikloof,2,2,1,,R 15 500
2 Bedroom Apartment,Pritoria,Mooikloof Glen,1,2,2,,R 9 000
1 Bedroom Apartment,Pritoria,Hatfield,2,1,1,,R 8 600
2 Bedroom Apartment,Pritoria,Mooikloof Glen,2,2,2,,R 9 000
2 Bedroom House,Pritoria,Lotus Gardens,4,1,1,,R 5 500
4 Bedroom House,Pritoria,Silver Lakes Golf Estate,1,4,4,,R 68 000
1 Bedroom Apartment,Pritoria,Silver Lakes,1,1,1,,R 6 500
1 Bedroom House,Pritoria,Menlyn,3,1,2,,R 17 000
3 Bedroom House,Pritoria,Waterkloof Park,3,3,4,,R 27 000
3 Bedroom House,Pritoria,Six Fountains,3,2,2,,R 38 000
3 Bedroom Apartment,Pritoria,Silver Lakes,2,2,1,,R 9 500
2 Bedroom Apartment,Pritoria,Nieuw Muckleneuk,4,2,1,,R 25 000
4 Bedroom House,Pritoria,Willow Acres,,3,3,,R 30 000
3 Bedroom Apartment,Pritoria,Equestria,3,1,2,83 m²,R 8 900
2 Bedroom Apartment,Pritoria,Menlo Park,2,2,2,138 m²,R 18 500
Apartment,Pritoria,Hatfield,3,2,2,116 m²,R 3 500
3 Bedroom House,Pritoria,Doornpoort,2,2,12,155 m²,R 12 600
2 Bedroom Apartment,Pritoria,Hatfield,3,3.5,1,47 m²,R 10 200
House,Pritoria,Waverley,3,2,2,55 m²,R 30 000
3 Bedroom House,Pritoria,Waterkloof Ridge,2,2,1,55 m²,R 38 000
3 Bedroom Townhouse,Pritoria,Pretoria North,1,1,2,,R 6 800
2 Bedroom Townhouse,Pritoria,Menlo Park,3,2.5,1,,R 19 500
1 Bedroom Townhouse,Pritoria,Hatfield,1,1,2,,R 5 985
3 Bedroom Townhouse,Pritoria,Florauna,2,1,2,,R 11 200
1 Bedroom Townhouse,Pritoria,Hatfield,3,2,1,,R 5 985
2 Bedroom House,Pritoria,Villieria,1,1,6,,R 8 000
3 Bedroom House,Pritoria,Florauna,3,1,1,,R 11 900
1 Bedroom Apartment,Pritoria,Menlo Park,1,1,1,,R 10 250
3 Bedroom Apartment,Pritoria,Sunnyside,1,1,,,R 6 600
1 Bedroom Apartment,Pritoria,Hatfield,3,3.5,,,R 7 200
1 Bedroom Apartment,Pritoria,Garsfontein,2,2,,,R 9 500
3 Bedroom House,Pritoria,Silver Stream Estate,1,1,,,R 26 000
2 Bedroom Apartment,Pritoria,Montana,,,,,R 10 500
1 Bedroom Apartment,Pritoria,Silver Lakes Golf Estate,,,,,R 9 550
2 Bedroom Apartment,Pritoria,Greencreek Lifestyle Estate,2,1,2,58 m²,R 8 500
1 Bedroom Apartment,Pritoria,Pretoria Central,1,1,2,60 m²,R 8 000
2 Bedroom Apartment,Pritoria,Sinoville,2,2,2,83 m²,R 10 200
2 Bedroom Apartment,Pritoria,Mooikloof Ridge,2,1,2,86 m²,R 8 500
Apartment,Pritoria,Arcadia,1.5,1,1,54 m²,R 4 000
1.5 Bedroom Townhouse,Pritoria,Pretoria North,2,1.5,2,40 m²,R 6 200
2 Bedroom Apartment,Pritoria,Menlo Park,2,2.5,1,86 m²,R 23 000
2 Bedroom Townhouse,Pritoria,Equestria,3,1,3,101 m²,R 8 100
3 Bedroom House,Pritoria,Muckleneuk,2,2,1,102 m²,R 16 000
2 Bedroom Apartment,Pritoria,Blyde Riverwalk Estate,3,2,2,64 m²,R 13 000
3 Bedroom House,Pritoria,Rietfontein,2,1.5,1,64 m²,R 11 500
2 Bedroom Apartment,Pritoria,Olympus AH,1,1,1,,R 8 000
1 Bedroom Apartment,Pritoria,Hatfield,2,1,2,,R 7 980
2 Bedroom Apartment,Pritoria,Menlo Park,4,2.5,2,,R 23 000
4 Bedroom House,Pritoria,Willow Acres,3,3.5,2,,R 29 870
3 Bedroom Apartment,Pritoria,Blyde Riverwalk Estate,3,2,2,,R 18 000
3 Bedroom House,Pritoria,Kameeldrift East,2,1,2,,R 8 900
2 Bedroom Apartment,Pritoria,Montana,2,1,1,,R 8 400
2 Bedroom House,Pritoria,Olympus AH,2,2,1,,R 15 000
2 Bedroom Apartment,Pritoria,Brooklyn,2,2,1,,R 12 000
2 Bedroom Apartment,Pritoria,Brooklyn,,2,,,R 14 000
2 Bedroom Apartment,Pritoria,Brooklyn,2,2,1,64 m²,R 12 000
3 Bedroom House,Pritoria,Hazelwood,3,3,2,64 m²,R 50 000
2 Bedroom Apartment,Pritoria,Brooklyn,2,2,1,41 m²,R 12 000
1 Bedroom Apartment,Pritoria,Waterkloof Ridge,1,1,1,46 m²,R 9 250
2 Bedroom Apartment,Pritoria,Montana Tuine,2,1,1,1 m²,R 7 750
2 Bedroom Apartment,Pritoria,Andeon,2,1,2,46 m²,R 7 030
4 Bedroom House,Pritoria,Silver Stream Estate,4,6,1,250 m²,R 34 000
2 Bedroom Apartment,Pritoria,Hatfield,2,1,3,179 m²,R 3 800
3 Bedroom Townhouse,Pritoria,Baileys Muckleneuk,3,3.5,5,1 m²,R 26 750
3 Bedroom Townhouse,Pritoria,Faerie Glen,3,2,1,70 m²,R 18 500
2 Bedroom Apartment,Pritoria,Pretoria North,2,1,2,100 m²,R 5 900
2 Bedroom Townhouse,Pritoria,Olympus AH,2,2,4,104 m²,R 16 500
1 Bedroom Apartment,Pritoria,Andeon,1,1,1,67 m²,R 5 650
4 Bedroom Townhouse,Pritoria,Silver Lakes Golf Estate,4,3.5,2,,R 43 000
1.5 Bedroom Apartment,Pritoria,Sunnyside,1.5,1,1,,R 5 800
3 Bedroom Apartment,Pritoria,Blyde Riverwalk Estate,3,2,2,,R 20 000
2 Bedroom Apartment,Pritoria,Sinoville,2,2,1,,R 7 600
2 Bedroom Apartment,Pritoria,Brooklyn,2,2,1,,R 16 500
1 Bedroom Apartment,Pritoria,Hillcrest,1,1,1,,R 7 900
4 Bedroom House,Pritoria,Zambezi Manor Lifestyle Estate,4,3,,,R 23 000
2 Bedroom Apartment,Pritoria,Hatfield,2,2,,,R 10 500
1 Bedroom Apartment,Pritoria,Lynnwood Manor,1,1,1,30 m²,R 9 000
2 Bedroom Apartment,Pritoria,Pretoria North,2,1,2,74 m²,R 7 350
2 Bedroom Townhouse,Pritoria,Pretoriuspark,2,2,2,99 m²,R 9 900
2 Bedroom Townhouse,Pritoria,Olympus AH,2,2,6,9 m²,R 15 500
4 Bedroom House,Pritoria,Boschkop AH,4,3.5,2,37 m²,R 35 000
2 Bedroom Apartment,Pritoria,Mooikloof,2,2,1,141 m²,R 12 000
2 Bedroom House,Pritoria,Mahube Valley,2,1,3,65 m²,R 4 600
4 Bedroom House,Pritoria,Waterkloof Ridge,4,3,2,24 m²,R 70 000
3 Bedroom House,Pritoria,Philip Nel Park,3,1,1,,R 6 500
Apartment,Pritoria,Sunnyside,1,1,1,,R 3 203
1 Bedroom Apartment,Pritoria,Blyde Riverwalk Estate,2,1,1,,R 11 000
2 Bedroom Apartment,Pritoria,La Montagne,2,1,2,,R 8 000
2 Bedroom House,Pritoria,Waverley,1,1,1,,R 11 300
1 Bedroom Apartment,Pritoria,Arcadia,2,1,1,,R 6 300
2 Bedroom Apartment,Pritoria,Sunnyside,3,1,2,,R 6 700
3 Bedroom Apartment,Pritoria,Erasmus Park,1,2,1,,R 16 500
1 Bedroom Apartment,Pritoria,Constantia Park,3,1,1,,R 6 500
3 Bedroom Townhouse,Pritoria,Lynnwood Glen,1,2,1,,R 20 000
1 Bedroom Apartment,Pritoria,Garsfontein,1,1,1,,R 10 500
1 Bedroom Apartment,Pritoria,Waverley,2,1,1,,R 8 200
2 Bedroom Apartment,Pritoria,La Montagne,,1,,,R 8 000
1 Bedroom Apartment,Pritoria,Daspoort Estate,1,1,1,40 m²,R 3 600
3 Bedroom Townhouse,Pritoria,Equestria,3,2,4,110 m²,R 15 500
0.5 Bedroom Apartment,Pritoria,Pretoria Central,0.5,1,1,58 m²,R 3 010
3 Bedroom House,Pritoria,Buffelsdrift AH,3,2,2,127 m²,R 12 500
1 Bedroom Apartment,Pritoria,Blyde Riverwalk Estate,1,1,1,83 m²,R 10 000
4 Bedroom House,Pritoria,Silver Lakes Golf Estate,4,2,4,51 m²,R 35 000
2 Bedroom Apartment,Pritoria,East Lynne,2,1,1,,R 7 500
4 Bedroom House,Pritoria,Waterkloof,4,4.5,6,,R 56 000
1 Bedroom Apartment,Pritoria,Buffelsdrift AH,1,1,1,,R 9 000
3 Bedroom House,Pritoria,Buffelsdrift AH,3,2,2,,R 12 500
2 Bedroom Apartment,Pritoria,Waverley,2,1,1,,R 9 500
3 Bedroom House,Pritoria,Zambezi Manor Lifestyle Estate,3,2,1,,R 14 200
1 Bedroom Apartment,Pritoria,Blyde Riverwalk Estate,1,1,2,,R 8 900
1 Bedroom Apartment,Pritoria,Moreleta Park,1,1,2,,R 8 500
3 Bedroom Townhouse,Pritoria,Equestria,3,2,2,,R 15 000
2 Bedroom Apartment,Pritoria,Menlo Park,2,2.5,1,,R 14 500
2 Bedroom Apartment,Pritoria,Silver Lakes Golf Estate,2,2,1,,R 28 000
0.5 Bedroom Apartment,Pritoria,Wonderboom South,0.5,1,2,,R 4 100
1 Bedroom Apartment,Pritoria,Brooklyn,1,1,,,R 7 900
1 Bedroom Apartment,Pritoria,The Hills Game Reserve Estate,1,1,,,R 8 000
4 Bedroom House,Pritoria,Queenswood,4,1.5,,,R 15 500
1 Bedroom Apartment,Pritoria,Hatfield,1,1,1,101 m²,R 7 350
2 Bedroom Apartment,Pritoria,Paramount Estate,2,2,1,120 m²,R 8 800
2 Bedroom Apartment,Pritoria,Brooklyn,2,2,2,83 m²,R 13 000
4 Bedroom House,Pritoria,Moreleta Park,4,3,2,40 m²,R 24 000
4 Bedroom House,Pritoria,Faerie Glen,4,3,4,46 m²,R 20 000
4 Bedroom House,Pritoria,Moreleta Park,4,3,2,126 m²,R 24 000
3 Bedroom House,Pritoria,Silver Lakes,3,2,4,74 m²,R 27 000
2 Bedroom Townhouse,Pritoria,Die Wilgers,2,1,1,4 m²,R 11 900
2 Bedroom Apartment,Pritoria,Mooikloof Ridge,2,1,1,37 m²,R 8 500
1 Bedroom Apartment,Pritoria,Willow Park Manor,1,1,1,110 m²,R 8 200
2 Bedroom Apartment,Pritoria,Roodeplaat,2,1,1,,R 7 750
4 Bedroom House,Pritoria,Erasmusrand,4,3,2,,R 23 000
3 Bedroom Apartment,Pritoria,Sinoville,3,1,2,,R 7 250
2 Bedroom House,Pritoria,Roodeplaat,2,1,2,,R 8 800
2 Bedroom Apartment,Pritoria,Rietvalleirand,2,2,2,,R 13 500
Apartment,Pritoria,Menlyn,2,2,1,,R 9 500
2 Bedroom Apartment,Pritoria,Montana,4,3,5,,R 10 500
4 Bedroom House,Pritoria,Waterkloof Ridge,1,1,1,,R 37 000
1 Bedroom Apartment,Pritoria,Gezina,1,1,1,,R 4 200
1 Bedroom Apartment,Pritoria,Pretoria Central,2,2,2,,R 5 500
2 Bedroom Apartment,Pritoria,Menlo Park,,,,,R 19 000
2 Bedroom Townhouse,Pritoria,Boardwalk,2,2,2,99 m²,R 15 500
2 Bedroom Townhouse,Pritoria,Boardwalk,2,2,2,99 m²,R 15 500
2 Bedroom Apartment,Pritoria,Waverley,2,1,2,82 m²,R 9 750
2 Bedroom Apartment,Pritoria,Menlyn,2,1,1,50 m²,R 9 800
1 Bedroom Apartment,Pritoria,Hatfield,1,1,1,131 m²,R 7 700
2 Bedroom Apartment,Pritoria,Rietvalleirand,2,2,2,74 m²,R 13 500
2 Bedroom Apartment,Pritoria,Blyde Riverwalk Estate,2,2,2,60 m²,R 13 500
2 Bedroom Apartment,Pritoria,Menlyn,2,1,1,43 m²,R 9 800
2 Bedroom Apartment,Pritoria,Sinoville,2,2,1,90 m²,R 10 200
1 Bedroom Apartment,Pritoria,Blyde Riverwalk Estate,1,1,1,105 m²,R 11 000
2 Bedroom Apartment,Pritoria,Hazeldean,2,1,1,1 m²,R 8 500
3 Bedroom Apartment,Pritoria,Hazeldean,3,2,2,97 m²,R 9 500
2 Bedroom Apartment,Pritoria,Pretoria West,2,1,4,,R 7 500
Apartment,Pritoria,Pretoria Central,3,2,2,,R 1 280
3 Bedroom Apartment,Pritoria,Moreleta Park,3,2,2,,R 8 500
3 Bedroom House,Pritoria,Nellmapius,3,2,4,,R 8 000
3 Bedroom Townhouse,Pritoria,Montana,2,1,5,,R 12 230
2 Bedroom Townhouse,Pritoria,Faerie Glen,2.5,1,,,R 8 850
2.5 Bedroom Apartment,Pritoria,Arcadia,4,2.5,,,R 7 350
4 Bedroom House,Pritoria,Waterkloof Ridge,3,2,,,R 35 000
3 Bedroom House,Pritoria,Erasmuskloof,,,,,R 28 000
2 Bedroom Townhouse,Pritoria,Montana,2,2.5,4,90 m²,R 10 000
3 Bedroom Townhouse,Pritoria,Annlin,3,2,5,76 m²,R 13 750
2 Bedroom Apartment,Pritoria,Brooklyn,2,2,2,77 m²,R 13 000
2 Bedroom Apartment,Pritoria,Sinoville,2,2,2,100 m²,R 10 400
3 Bedroom Townhouse,Pritoria,Olympus AH,3,2.5,3,20 m²,R 19 000
2 Bedroom Townhouse,Pritoria,Olympus AH,2,2,2,34 m²,R 16 000
3 Bedroom Townhouse,Pritoria,Boardwalk Meander,3,2,2,78 m²,R 21 000
2 Bedroom Apartment,Pritoria,Arcadia,2,1,2,114 m²,R 7 500
1 Bedroom Apartment,Pritoria,Hillcrest,1,1,1,77 m²,R 6 300
3 Bedroom Apartment,Pritoria,Blyde Riverwalk Estate,3,2,2,80 m²,R 17 000
1 Bedroom Apartment,Pritoria,Silver Lakes Golf Estate,1,1,1,107 m²,R 7 000
1 Bedroom Apartment,Pritoria,Menlyn,1,1,1,,R 22 000
2 Bedroom Apartment,Pritoria,Waterkloof Marina Retirement Estate,2,1,2,,R 15 530
3 Bedroom Apartment,Pritoria,The Hills Game Reserve Estate,3,2,2,,R 14 000
2 Bedroom Apartment,Pritoria,Arcadia,2,1,1,,R 7 500
1 Bedroom Apartment,Pritoria,Olympus AH,1,1,1,,R 9 410
2 Bedroom Apartment,Pritoria,Erasmus Park,2,2,1,,R 12 000
1 Bedroom Apartment,Pritoria,Pretoria North,1,1,1,,R 4 200
1 Bedroom Apartment,Pritoria,Nieuw Muckleneuk,1,1,2,,R 6 500
2 Bedroom Apartment,Pritoria,Olympus Heights Estate,2,1,2,,R 8 000
2 Bedroom Townhouse,Pritoria,Olympus AH,2,2,,,R 14 000
2 Bedroom Townhouse,Pritoria,Olympus AH,2,2,2,107 m²,R 14 000
2 Bedroom Townhouse,Pritoria,Olympus AH,2,2,2,107 m²,R 14 000
6 Bedroom House,Pritoria,Savannah Country Estate,6,6.5,3,99 m²,R 39 000
2 Bedroom Townhouse,Pritoria,Equestria,2,2,2,99 m²,R 13 500
2 Bedroom Townhouse,Pritoria,Olympus AH,2,2,2,148 m²,R 16 000
2 Bedroom Townhouse,Pritoria,Olympus AH,2,2,2,140 m²,R 16 000
3 Bedroom Townhouse,Pritoria,Olympus AH,3,2,3,148 m²,R 17 500
3 Bedroom Townhouse,Pritoria,Olympus AH,3,2.5,2,148 m²,R 19 000
3 Bedroom Townhouse,Pritoria,Olympus AH,3,2,3,148 m²,R 17 500
3 Bedroom Townhouse,Pritoria,Olympus AH,3,2,3,107 m²,R 17 500
3 Bedroom Townhouse,Pritoria,Olympus AH,3,2,3,56 m²,R 17 500
3 Bedroom House,Pritoria,Waterkloof,3,2,2,54 m²,R 35 000
1 Bedroom Apartment,Pritoria,Brooklyn,1,1,1,148 m²,R 10 489
2 Bedroom Apartment,Pritoria,Blyde Riverwalk Estate,2,2,2,,R 12 500
2 Bedroom Apartment,Pritoria,Sunnyside,2,1,1,,R 6 300
2 Bedroom Apartment,Pritoria,Waterkloof Ridge,2,2,1,,R 11 800
2 Bedroom Apartment,Pritoria,Lynnwood,2,1,1,,R 8 750
3 Bedroom Townhouse,Pritoria,Olympus AH,3,2,3,,R 17 500
2 Bedroom Apartment,Pritoria,Pretoria North,2,1,1,,R 5 900
1 Bedroom Apartment,Pritoria,Montana,1,1,1,,R 5 400
2 Bedroom Apartment,Pritoria,Montana,2,1,2,,R 8 400
2 Bedroom Apartment,Pritoria,Greencreek Lifestyle Estate,2,2,2,66 m²,R 9 000
3 Bedroom Townhouse,Pritoria,Constantia Park,3,3,2,55 m²,R 30 000
3 Bedroom House,Pritoria,Sable Hills,3,2,4,90 m²,R 19 000
1 Bedroom Apartment,Pritoria,Montana,1,1,1,64 m²,R 5 400
2 Bedroom Apartment,Pritoria,Waterkloof Ridge,2,1,2,94 m²,R 17 000
4 Bedroom House,Pritoria,Muckleneuk,4,4,2,105 m²,R 36 000
2 Bedroom Apartment,Pritoria,Faerie Glen,2,2,1,112 m²,R 9 350
4 Bedroom House,Pritoria,Waterkloof,4,3,2,,R 37 000
2 Bedroom Townhouse,Pritoria,Rietvalleirand,2,1,2,,R 6 990
2 Bedroom Apartment,Pritoria,Hatfield,2,1,2,,R 9 500
2 Bedroom Apartment,Pritoria,Lynnwood,2,1,1,,R 12 000
3 Bedroom Townhouse,Pritoria,Equestria,3,2,3,,R 17 300
2 Bedroom Apartment,Pritoria,Hatfield,2,2,1,,R 10 400
Apartment,Pritoria,Arcadia,2,1,1,,R 2 903
2 Bedroom Apartment,Pritoria,Menlo Park,3,2,1,,R 14 400
3 Bedroom Apartment,Pritoria,Hazeldean,3,2,2,,R 10 500
3 Bedroom Townhouse,Pritoria,Constantia Park,2,3,1,,R 30 000
2 Bedroom Apartment,Pritoria,Hazeldean,2,1,2,,R 9 250
2 Bedroom Apartment,Pritoria,Menlo Park,3,2,2,,R 14 000
3 Bedroom Townhouse,Pritoria,Menlyn,3,2,2,,R 17 500
3 Bedroom Apartment,Pritoria,Sinoville,,2,,,R 7 250
2 Bedroom Apartment,Pritoria,Mooikloof,2,2,2,107 m²,R 9 800
2 Bedroom House,Pritoria,Faerie Glen,2,1,4,107 m²,R 13 800
2 Bedroom Townhouse,Pritoria,Faerie Glen,2,1,1,99 m²,R 8 570
2 Bedroom Townhouse,Pritoria,Olympus AH,2,2,2,99 m²,R 14 000
2 Bedroom Townhouse,Pritoria,Olympus AH,2,2,2,237 m²,R 14 000
5 Bedroom House,Pritoria,Garsfontein,5,3,6,1 m²,R 25 000
3 Bedroom House,Pritoria,Monument Park,3,3,4,70 m²,R 18 500
3 Bedroom Townhouse,Pritoria,Moreleta Park,3,2,2,64 m²,R 12 500
2 Bedroom Apartment,Pritoria,Greencreek Lifestyle Estate,2,2,2,90 m²,R 9 000
2 Bedroom Townhouse,Pritoria,Olympus AH,2,2,2,,R 16 000
2 Bedroom Townhouse,Pritoria,Olympus AH,2,2,2,,R 16 000
1 Bedroom Apartment,Pritoria,Hatfield,1,1,1,,R 6 300
2 Bedroom Apartment,Pritoria,Montana Tuine,2,1,2,,R 6 500
3 Bedroom House,Pritoria,Olympus AH,3,2.5,2,,R 25 000
2 Bedroom Apartment,Pritoria,Roodeplaat,2,1,2,,R 8 560
2 Bedroom Apartment,Pritoria,Montana,2,1,1,,R 7 900
2 Bedroom Apartment,Pritoria,Waterkloof,2,2,2,,R 15 000
1 Bedroom Apartment,Pritoria,Hatfield,1,1,2,,R 6 300
2 Bedroom Apartment,Pritoria,Brooklyn,2,2,,,R 12 000
2 Bedroom Apartment,Pritoria,Boardwalk,2,2,,,R 10 800
2 Bedroom Apartment,Pritoria,Monument Park,2,1,,,R 11 000
2 Bedroom Apartment,Pritoria,Philip Nel Park,2,1,1,56 m²,R 6 650
3 Bedroom Apartment,Pritoria,Rietfontein,3,2,2,106 m²,R 8 500
2 Bedroom Apartment,Pritoria,Blyde Riverwalk Estate,2,2,2,105 m²,R 16 000
2 Bedroom Apartment,Pritoria,Hazeldean,2,2,1,46 m²,R 8 800
3 Bedroom House,Pritoria,Garsfontein,3,2,1,45 m²,R 14 495
0.5 Bedroom Apartment,Pritoria,Pretoria North,0.5,1,1,138 m²,R 3 450
1 Bedroom Apartment,Pritoria,Mooikloof Glen,1,1,2,,R 8 000
2 Bedroom Townhouse,Pritoria,Montana Park,2,1,2,,R 7 650
3 Bedroom House,Pritoria,Andeon,3,2,1,,R 12 000
0.5 Bedroom Apartment,Pritoria,Pretoria North,0.5,1,1,,R 3 950
2 Bedroom Apartment,Pritoria,Wolmer,2,1,2,,R 7 200
2 Bedroom Apartment,Pritoria,Six Fountains,2,2,2,,R 12 000
2 Bedroom Apartment,Pritoria,Montana,2,2,2,,R 8 600
2 Bedroom Apartment,Pritoria,Montana Park,2,1,2,,R 8 400
3 Bedroom House,Pritoria,Andeon,3,2,2,,R 9 250
2 Bedroom Apartment,Pritoria,Montana,2,2,2,,R 8 600
3 Bedroom House,Pritoria,Menlo Park,3,3.5,4,,R 25 000
5 Bedroom House,Pritoria,Elarduspark,5,5,2,,R 45 000
2 Bedroom Apartment,Pritoria,Country View Estate,2,1,4,,R 10 400
3 Bedroom House,Pritoria,Faerie Glen,3,3,2,,R 24 500
2 Bedroom House,Pritoria,Danville,2,2,,,R 6 200
2 Bedroom Apartment,Pritoria,Hatfield,2,2,1,81 m²,R 10 200
3 Bedroom Townhouse,Pritoria,Equestria,3,2,3,56 m²,R 14 980
2 Bedroom Apartment,Pritoria,Lynnwood,2,2,2,74 m²,R 20 000
2 Bedroom Apartment,Pritoria,Olympus AH,2,1,1,65 m²,R 7 800
2 Bedroom Apartment,Pritoria,Waterkloof Ridge,2,2,2,88 m²,R 11 700
2 Bedroom Apartment,Pritoria,Olympus AH,2,1,1,64 m²,R 9 420
2 Bedroom Apartment,Pritoria,Hatfield,2,2,2,99 m²,R 10 500
3 Bedroom House,Pritoria,Montana,3,2,4,55 m²,R 16 530
2 Bedroom Apartment,Pritoria,Menlo Park,2,2.5,2,65 m²,R 14 000
5 Bedroom House,Pritoria,Montana,5,4,4,76 m²,R 30 000
2 Bedroom Apartment,Pritoria,Brooklyn,2,2,1,,R 14 000
2 Bedroom Townhouse,Pritoria,Olympus AH,2,2,1,,R 16 000
2 Bedroom Apartment,Pritoria,Philip Nel Park,2,1,1,,R 5 780
2 Bedroom Apartment,Pritoria,Hatfield,2,1,1,,R 8 000
1 Bedroom Apartment,Pritoria,Hatfield,1,1,1,,R 8 850
6 Bedroom House,Pritoria,Waterkloof,6,6,4,,R 70 000
3 Bedroom Apartment,Pritoria,Sinoville,3,2,1,,R 7 250
2 Bedroom Apartment,Pritoria,Hatfield,2,1,1,,R 9 000
5 Bedroom House,Pritoria,Montana,5,4,4,,R 30 000
3 Bedroom Townhouse,Pritoria,Garsfontein,3,1.5,1,,R 12 500
2 Bedroom Apartment,Pritoria,Magalieskruin,2,2,1,,R 8 000
1.5 Bedroom Apartment,Pritoria,Wonderboom South,1.5,1,1,72 m²,R 5 245
1 Bedroom Apartment,Pritoria,Gezina,1,1,1,48 m²,R 4 810
4 Bedroom House,Pritoria,Capital Park,4,1,1,44 m²,R 12 500
1 Bedroom Apartment,Pritoria,Annlin,1,1,1,90 m²,R 6 150
1 Bedroom Apartment,Pritoria,Olympus AH,1,1,1,120 m²,R 9 370
2 Bedroom Apartment,Pritoria,Moregloed,2,1,1,85 m²,R 8 000
1 Bedroom Apartment,Pritoria,Waterkloof Ridge,1,1,1,48 m²,R 13 000
2 Bedroom Apartment,Pritoria,Hatfield,2,1,2,220 m²,R 7 500
3 Bedroom House,Pritoria,Garsfontein,3,2,2,,R 16 200
1 Bedroom Apartment,Pritoria,Pretoria Central,1,1,2,,R 5 950
1 Bedroom Apartment,Pritoria,Mayville,2,1,1,,R 5 900
2 Bedroom Apartment,Pritoria,Olympus AH,1,1,2,,R 9 900
3 Bedroom House,Pritoria,Muckleneuk,2,2,4,,R 25 000
1 Bedroom Apartment,Pritoria,Annlin,3,3,1,,R 6 150
1 Bedroom Apartment,Pritoria,Philip Nel Park,1,1,1,,R 3 700
2 Bedroom House,Pritoria,Silverton,1,1,2,,R 9 900
3 Bedroom House,Pritoria,Danville,2,1,2,,R 11 000
2 Bedroom Apartment,Pritoria,Wolmer,3,2,1,,R 6 800
1 Bedroom Apartment,Pritoria,Roodeplaat,2,1,1,,R 4 500
0.5 Bedroom Apartment,Pritoria,Montana,1,1,1,,R 5 000
6 Bedroom House,Pritoria,Waterkloof,6,5,5,79 m²,R 65 000
1 Bedroom House,Pritoria,Rietfontein,1,1,1,71 m²,R 5 500
3 Bedroom Apartment,Pritoria,Sunnyside,3,2,3,10 m²,R 2 800
3 Bedroom House,Pritoria,Waterlake Farm Lifestyle Estate,3,2,1,252 m²,R 22 000
2 Bedroom Apartment,Pritoria,Brooklyn,2,2,2,48 m²,R 12 000
2 Bedroom Apartment,Pritoria,Waverley,2,2,1,71 m²,R 11 000
2 Bedroom House,Pritoria,Mahube Valley,2,1,1,56 m²,R 5 500
Apartment,Pritoria,Sunnyside,1,1,1,,R 3 003
1 Bedroom Apartment,Pritoria,Pretoria North,1,1,2,,R 5 100
1 Bedroom Apartment,Pritoria,Pretoria North,1,1,2,,R 5 900
1 Bedroom Apartment,Pritoria,Hillcrest,4,1,1,,R 6 200
4 Bedroom House,Pritoria,Willow Acres,2,4,2,,R 25 000
2 Bedroom Apartment,Pritoria,Annlin,1,1,2,,R 7 400
1 Bedroom Apartment,Pritoria,Mooikloof,2,1,1,,R 7 500
2 Bedroom Apartment,Pritoria,Equestria,3,1,2,,R 10 500
3 Bedroom Townhouse,Pritoria,Die Wilgers,3,2,1,,R 10 600
3 Bedroom House,Pritoria,Elarduspark,3,3,1,,R 25 000
3 Bedroom House,Pritoria,Willow Park Manor,2,2.5,2,,R 13 000
2 Bedroom Apartment,Pritoria,La Montagne,1,1,,,R 7 950
1 Bedroom Apartment,Pritoria,Pretoria North,3,1,,,R 5 900
3 Bedroom House,Pritoria,Bougainvillea Estate,,2,,,R 23 500
4 Bedroom House,Pritoria,Faerie Glen,4,3,4,140 m²,R 29 000
3 Bedroom House,Pritoria,Erasmuskloof,3,3,1,140 m²,R 25 000
3 Bedroom Townhouse,Pritoria,Olympus AH,3,2.5,2,130 m²,R 19 000
3 Bedroom Townhouse,Pritoria,Olympus AH,3,2.5,2,80 m²,R 19 000
3 Bedroom Apartment,Pritoria,Brooklyn,3,2.5,2,68 m²,R 17 000
3 Bedroom Apartment,Pritoria,Greencreek Lifestyle Estate,3,2,2,64 m²,R 10 500
1 Bedroom Apartment,Pritoria,Lynnwood,1,1,2,110 m²,R 10 000
2 Bedroom Townhouse,Pritoria,La Montagne,2,1,1,64 m²,R 10 500
2 Bedroom Apartment,Pritoria,Montana,2,1,1,90 m²,R 9 500
3 Bedroom House,Pritoria,Erasmuskloof,3,3,2,1 m²,R 25 000
2 Bedroom Apartment,Pritoria,Montana,2,1,2,,R 7 900
2 Bedroom Apartment,Pritoria,Montana,2,2,1,,R 8 900
2 Bedroom Apartment,Pritoria,Brooklyn,2,2,2,,R 12 000
3 Bedroom House,Pritoria,Wonderboom,3,2,1,,R 14 200
2 Bedroom Apartment,Pritoria,Olympus AH,2,1,1,,R 8 525
3 Bedroom Apartment,Pritoria,Hillcrest,3,2,2,,R 13 500
2 Bedroom House,Pritoria,Lotus Gardens,2,1,2,,R 6 800
2 Bedroom Apartment,Pritoria,West Park,2,1,1,,R 6 200
3 Bedroom House,Pritoria,Kilner Park,3,3,,,R 10 500
3 Bedroom Apartment,Pritoria,Roodeplaat,3,2,,,R 9 950
2 Bedroom Apartment,Pritoria,Hatfield,2,1,,,R 8 500
1 Bedroom Apartment,Pritoria,Monument Park,1,1,1,50 m²,R 10 000
2 Bedroom Apartment,Pritoria,Baileys Muckleneuk,2,2,1,100 m²,R 16 500
3 Bedroom Townhouse,Pritoria,Monument Park,3,2,1,44 m²,R 15 500
3 Bedroom Apartment,Pritoria,Waverley,3,1,1,65 m²,R 13 800
5 Bedroom House,Pritoria,The Wilds,5,3,8,48 m²,R 39 520
2 Bedroom Apartment,Pritoria,Montana,2,2,1,62 m²,R 10 500
1 Bedroom Apartment,Pritoria,Blyde Riverwalk Estate,1,1,1,138 m²,R 8 500
1 Bedroom Apartment,Pritoria,Equestria,1,1,1,,R 8 900
3 Bedroom Townhouse,Pritoria,Magalieskruin,3,3,1,,R 11 000
2 Bedroom Apartment,Pritoria,Mooikloof Manor,2,2,1,,R 9 000
2 Bedroom Apartment,Pritoria,Pretoria North,2,1,1,,R 6 100
3.5 Bedroom House,Pritoria,Waterkloof,3.5,2.5,2,,R 40 000
2 Bedroom Apartment,Pritoria,Waterkloof Ridge,2,2,2,,R 10 000
4 Bedroom House,Pritoria,Lynnwood Glen,4,3,4,,R 16 000
1 Bedroom Apartment,Pritoria,Blyde Riverwalk Estate,1,1,1,,R 8 050
1.5 Bedroom Apartment,Pritoria,Sunnyside,1.5,1,2,,R 5 950
2 Bedroom Apartment,Pritoria,Montana Tuine,2,1,1,,R 6 800
4 Bedroom House,Pritoria,Sable Hills,4,3,2,,R 29 500
3 Bedroom House,Pritoria,Waterlake Farm Lifestyle Estate,3,2,2,,R 22 000
3 Bedroom Townhouse,Pritoria,The Wilds,3,2,2,,R 17 500
5 Bedroom House,Pritoria,The Wilds,5,3,8,,R 39 520
7 Bedroom House,Pritoria,Magalieskruin,7,4,6,100 m²,R 21 000
2 Bedroom Townhouse,Pritoria,Brooklyn,2,2,4,30 m²,R 16 950
3 Bedroom Townhouse,Pritoria,Deerness,3,2,2,59 m²,R 11 300
1 Bedroom Apartment,Pritoria,Menlo Park,1,1,1,65 m²,R 13 990
3 Bedroom Townhouse,Pritoria,Faerie Glen,3,2,2,1 m²,R 13 400
3 Bedroom Apartment,Pritoria,Blyde Riverwalk Estate,3,2,2,,R 15 000
4 Bedroom House,Pritoria,Waterkloof Heights,4,3.5,4,,R 55 000
2 Bedroom House,Pritoria,Waterkloof Ridge,2,2,2,,R 13 500
2 Bedroom Apartment,Pritoria,Hatfield,2,1,1,,R 10 500
3 Bedroom Townhouse,Pritoria,Faerie Glen,3,2,2,,R 13 400
1 Bedroom Apartment,Pritoria,Erasmus Park,1,1,1,,R 8 100
2 Bedroom Apartment,Pritoria,Nieuw Muckleneuk,2,2,1,,R 10 500
2 Bedroom Apartment,Pritoria,Hatfield,2,1,2,,R 10 500
1 Bedroom Apartment,Pritoria,Lynnwood Ridge,1,1,1,,R 7 100
4 Bedroom Townhouse,Pritoria,Roodeplaat,4,3,1,,R 10 000
3 Bedroom House,Pritoria,Olympus AH,3,2.5,4,,R 16 500
0.5 Bedroom Apartment,Pritoria,Hillcrest,0.5,1,1,,R 9 500
1 Bedroom Apartment,Pritoria,Andeon AH,1,1,1,,R 5 100
3 Bedroom House,Pritoria,Waterkloof Glen,3,3,4,,R 19 000
2 Bedroom Apartment,Pritoria,Queenswood,2,1,2,,R 7 150
2 Bedroom Apartment,Pritoria,Andeon AH,2,1,1,,R 7 910
1 Bedroom Apartment,Pritoria,Baileys Muckleneuk,1,1,1,39 m²,R 7 600
1 Bedroom Apartment,Pritoria,Waterkloof,1,1,1,45 m²,R 11 000
2 Bedroom Apartment,Pritoria,Montana,2,1,2,160 m²,R 7 200
2 Bedroom Apartment,Pritoria,Hatfield,2,2,1,107 m²,R 9 000
2 Bedroom Townhouse,Pritoria,Equestria,2,2,2,237 m²,R 10 660
3 Bedroom House,Pritoria,Brooklyn,3,2,2,,R 25 500
0.5 Bedroom Apartment,Pritoria,La Montagne,0.5,1,1,,R 5 330
3 Bedroom Townhouse,Pritoria,Lynnwood Manor,3,2.5,2,,R 19 500
2 Bedroom Apartment,Pritoria,Montana,2,2,1,,R 10 500
1 Bedroom Apartment,Pritoria,Annlin-Wes,1,1,1,,R 6 150
1 Bedroom Apartment,Pritoria,Montana,1,1,1,,R 5 400
2 Bedroom Townhouse,Pritoria,Olympus AH,2,2,2,,R 14 000
1 Bedroom Apartment,Pritoria,Hatfield,1,2,1,,R 5 900
3 Bedroom Apartment,Pritoria,Kameeldrift East,3,2,1,,R 9 100
3 Bedroom Townhouse,Pritoria,Annlin,3,1.5,4,,R 9 000
4 Bedroom House,Pritoria,Waterkloof Ridge,4,3,4,,R 35 000
1 Bedroom Apartment,Pritoria,Montana,1,1,1,,R 5 400
3 Bedroom Townhouse,Pritoria,Faerie Glen,3,2,4,,R 15 000
2 Bedroom Townhouse,Pritoria,La Montagne,2,1,2,,R 11 000
1 Bedroom Apartment,Pritoria,Rietfontein,1,1,3,,R 5 500
3 Bedroom Townhouse,Pritoria,Olympus AH,3,2.5,,,R 25 000
6 Bedroom House,Pritoria,Lynnwood Glen,6,6,2,120 m²,R 4 250
Townhouse,Pritoria,Roodeplaat,2,1,1,79 m²,R 13 500
2 Bedroom Apartment,Pritoria,Montana,1,1,1,51 m²,R 7 200
1 Bedroom Apartment,Pritoria,Pretoria North,1,1,1,45 m²,R 3 800
1 Bedroom Apartment,Pritoria,Faerie Glen,0.5,1,4,,R 12 500
0.5 Bedroom Apartment,Pritoria,Hillcrest,3,2,6,,R 7 200
3 Bedroom Apartment,Pritoria,Roodepark Eco Estate,1,1,1,,R 10 000
1 Bedroom House,Pritoria,Silver Lakes,5,5,1,,R 10 500
5 Bedroom House,Pritoria,Waterkloof Heights,5,4,2,,R 99 000
5 Bedroom House,Pritoria,Waterkloof Ridge,1,1,2,,R 42 000
1 Bedroom Apartment,Pritoria,Mayville,1,1,1,,R 5 500
1 Bedroom Apartment,Pritoria,Hatfield,1,1,4,,R 9 300
1 Bedroom House,Pritoria,Blyde Riverwalk Estate,1,1,2,,R 10 000
1 Bedroom Apartment,Pritoria,Rietfontein,4,3,1,,R 6 300
4 Bedroom Apartment,Pritoria,Roodeplaat,1,1,2,,R 10 000
1 Bedroom Apartment,Pritoria,Sunnyside,4,3,,,R 5 650
4 Bedroom House,Pritoria,Lynnwood,2,1,,,R 28 600
2 Bedroom Apartment,Pritoria,Pretoria North,2,1,,,R 6 600
2 Bedroom Townhouse,Pritoria,Lynnwood,2,1,,,R 14 500
2 Bedroom Apartment,Pritoria,Dorandia,2,1,,,R 7 200
2 Bedroom Townhouse,Pritoria,Lynnwood,,,,,R 14 500
3 Bedroom Townhouse,Pritoria,Montana,3,2,4,104 m²,R 18 730
3 Bedroom House,Pritoria,Silver Lakes Golf Estate,3,2,4,45 m²,R 29 000
2 Bedroom Apartment,Pritoria,Menlo Park,2,3,4,45 m²,R 23 000
3 Bedroom House,Pritoria,Silver Lakes Golf Estate,3,2,1,99 m²,R 29 000
1 Bedroom Apartment,Pritoria,Pretoria West,1,1,1,99 m²,R 6 500
1 Bedroom Apartment,Pritoria,Lynnwood Glen,1,1,10,99 m²,R 6 900
8 Bedroom House,Pritoria,Hatfield,8,7,2,56 m²,R 4 450
2 Bedroom Townhouse,Pritoria,Olympus AH,2,2,2,60 m²,R 16 000
2 Bedroom Townhouse,Pritoria,Olympus AH,2,2,2,99 m²,R 16 000
2 Bedroom Townhouse,Pritoria,Olympus AH,2,2,1,,R 16 000
1 Bedroom Apartment,Pritoria,Montana,1,1,2,,R 5 600
0.5 Bedroom Apartment,Pritoria,Eloffsdal,0.5,1,1,,R 3 940
3 Bedroom Townhouse,Pritoria,Lynnwood Glen,3,2,2,,R 22 500
2.5 Bedroom Apartment,Pritoria,Silverton,2.5,1,2,,R 7 000
2 Bedroom Apartment,Pritoria,Equestria,2,2,5,,R 10 500
House,Pritoria,Waterkloof Ridge,1,1,1,,R 29 000
1 Bedroom Apartment,Pritoria,Blyde Riverwalk Estate,1,1,2,,R 8 500
2 Bedroom Townhouse,Pritoria,Lynnwood Glen,2,1,2,,R 8 750
2 Bedroom Townhouse,Pritoria,Olympus AH,2,2,2,,R 16 000
2 Bedroom Apartment,Pritoria,Montana Park,2,2,,,R 8 900
1 Bedroom Apartment,Pritoria,Waverley,1,1,2,68 m²,R 4 000
4 Bedroom House,Pritoria,Equestria,4,3,4,16 m²,R 23 000
1 Bedroom Apartment,Pritoria,Hatfield,1,1,1,8 m²,R 3 800
3 Bedroom House,Pritoria,Lotus Gardens,3,2,2,111 m²,R 7 000
3 Bedroom House,Pritoria,Kirkney,3,2,2,134 m²,R 7 500
3 Bedroom Townhouse,Pritoria,Waterkloof,3,3.5,2,83 m²,R 25 000
3 Bedroom Townhouse,Pritoria,Willow Park Manor,3,2,2,75 m²,R 13 500
1 Bedroom Apartment,Pritoria,Val De Grace,1,1,3,249 m²,R 2 550
4 Bedroom House,Pritoria,Waverley,4,2.5,2,64 m²,R 20 600
Apartment,Pritoria,Pretoria Central,2,2,1,65 m²,R 3 203
2 Bedroom Apartment,Pritoria,Muckleneuk,3,2,2,,R 35 000
3 Bedroom Townhouse,Pritoria,Willow Park Manor,1,1,1,,R 13 500
1 Bedroom Apartment,Pritoria,Blyde Riverwalk Estate,3,2,2,,R 9 500
3 Bedroom Townhouse,Pritoria,Six Fountains Residential Estate,2,1,3,,R 20 000
2 Bedroom Apartment,Pritoria,Mooikloof Ridge,1,1,3,,R 8 500
1 Bedroom Apartment,Pritoria,Rietfontein,2,2,1,,R 4 200
2 Bedroom Apartment,Pritoria,Hatfield,3,2.5,2,,R 10 990
3 Bedroom House,Pritoria,Menlo Park,4,5,,,R 34 000
4 Bedroom House,Pritoria,Paradiso,2,2,,,R 47 900
2 Bedroom Apartment,Pritoria,Brooklyn,2,2,,,R 14 000
2 Bedroom Apartment,Pritoria,Mooikloof,,,,,R 9 500
Townhouse,Pritoria,Andeon,4,2,1,86 m²,R 7 500
4 Bedroom House,Pritoria,Pretoria West,4,4.5,4,107 m²,R 11 500
4 Bedroom House,Pritoria,Waterkloof Heights,2,3,2,40 m²,R 60 000
2 Bedroom Apartment,Pritoria,Menlo Park,2,2,2,50 m²,R 23 000
2 Bedroom Townhouse,Pritoria,Olympus AH,5,5,4,140 m²,R 14 000
5 Bedroom House,Pritoria,Elandsfontein AH,3,3,2,,R 15 500
3 Bedroom House,Pritoria,Boardwalk,2.5,2,1,,R 23 000
2.5 Bedroom Apartment,Pritoria,Annlin,2,1,1,,R 11 206
2 Bedroom House,Pritoria,Equestria,3,2,4,,R 12 000
3 Bedroom Townhouse,Pritoria,Andeon,3,2,1,,R 8 500
3 Bedroom House,Pritoria,Roseville,1,1,1,,R 11 400
1 Bedroom Apartment,Pritoria,Pretoria West,2,2,4,,R 3 500
2 Bedroom Townhouse,Pritoria,Silver Lakes Golf Estate,2,1,2,,R 28 000
2 Bedroom Apartment,Pritoria,Hatfield,4,1,2,,R 7 950
4 Bedroom Apartment,Pritoria,Arcadia,0.5,1,2,,R 10 000
0.5 Bedroom Apartment,Pritoria,Pretoria Central,1,1,2,,R 4 500
1 Bedroom Apartment,Pritoria,Pretoria Central,0.5,1,2,,R 5 150
0.5 Bedroom Apartment,Pritoria,Pretoria Central,1,1,,,R 5 400
1 Bedroom Apartment,Pritoria,Pretoria Central,4,1,,,R 5 450
4 Bedroom Apartment,Pritoria,Arcadia,3,2.5,,,R 10 000
3 Bedroom Townhouse,Pritoria,Olympus AH,,,,,R 19 000
2 Bedroom Apartment,Pritoria,Willow Park,2,2,2,72 m²,R 11 500
2 Bedroom Townhouse,Pritoria,Olympus AH,2,2,2,99 m²,R 16 000
2 Bedroom Townhouse,Pritoria,Olympus AH,2,2,2,99 m²,R 16 000
2 Bedroom Townhouse,Pritoria,Olympus AH,2,2,2,99 m²,R 16 000
2 Bedroom Apartment,Pritoria,Mooikloof,2,2,1,79 m²,R 9 500
2 Bedroom Apartment,Pritoria,Faerie Glen,2,1,1,79 m²,R 8 950
4 Bedroom House,Pritoria,Die Wilgers,4,2.5,3,104 m²,R 21 400
1 Bedroom Apartment,Pritoria,Montana,1,1,1,79 m²,R 5 400
2 Bedroom Apartment,Pritoria,Willow Park Manor,2,2,2,,R 14 500
2 Bedroom Apartment,Pritoria,Garsfontein,2,1,3,,R 7 500
3 Bedroom House,Pritoria,Leeuwfontein Estate,3,2,1,,R 30 000
3 Bedroom Apartment,Pritoria,Sunnyside,3,1,1,,R 2 500
2 Bedroom Apartment,Pritoria,Faerie Glen,2,1,2,,R 8 950
2 Bedroom Apartment,Pritoria,Equestria,2,2,2,,R 12 165
0.5 Bedroom Apartment,Pritoria,Sunnyside,0.5,1,2,,R 4 400
0.5 Bedroom Apartment,Pritoria,Pretoria Central,0.5,1,2,,R 4 800
1 Bedroom Apartment,Pritoria,Sunnyside,1,1,3,,R 5 500
2 Bedroom Townhouse,Pritoria,Mooikloof Ridge,2,1,1,,R 10 500
1 Bedroom Apartment,Pritoria,Montana,1,1,1,,R 5 500
2 Bedroom Townhouse,Pritoria,Kameeldrift East,2,1,,,R 8 000
2 Bedroom Apartment,Pritoria,Pretoria North,2,1,,,R 7 150
3 Bedroom Apartment,Pritoria,Blyde Riverwalk Estate,3,2,2,105 m²,R 15 000
1 Bedroom Apartment,Pritoria,Pretoria Central,1,1,2,100 m²,R 5 600
3 Bedroom Apartment,Pritoria,Pretoria Central,3,1,1,48 m²,R 10 500
1 Bedroom Apartment,Pritoria,Hatfield,1,1,1,105 m²,R 6 600
1.5 Bedroom Apartment,Pritoria,Muckleneuk,1.5,1,1,57 m²,R 5 000
3 Bedroom Apartment,Pritoria,Blyde Riverwalk Estate,3,2,2,68 m²,R 26 000
0.5 Bedroom Apartment,Pritoria,Sunnyside,0.5,1,1,37 m²,R 4 883
1.5 Bedroom Apartment,Pritoria,Sunnyside,1.5,1,1,59 m²,R 6 500
1 Bedroom Apartment,Pritoria,Brooklyn,1,1,1,65 m²,R 12 075
2 Bedroom Apartment,Pritoria,Waterkloof Marina Retirement Estate,2,1,1,112 m²,R 12 800
1 Bedroom Apartment,Pritoria,Blyde Riverwalk Estate,1,1,1,,R 10 000
2 Bedroom Apartment,Pritoria,Mountain View,2,1,1,,R 7 500
1 Bedroom Apartment,Pritoria,Willow Park Manor,1,1,8,,R 10 500
1 Bedroom Apartment,Pritoria,Brooklyn,1,1,1,,R 5 500
3 Bedroom Townhouse,Pritoria,Olympus AH,3,2,1,,R 19 500
5 Bedroom House,Pritoria,Six Fountains Residential Estate,5,4.5,1,,R 50 000
3 Bedroom Townhouse,Pritoria,Olympus AH,3,2,2,,R 19 500
1 Bedroom Apartment,Pritoria,Montana,1,1,,,R 5 400
2 Bedroom Apartment,Pritoria,Montana,2,1,,,R 7 500
2 Bedroom House,Pritoria,Olympus AH,2,2,,,R 16 000
2 Bedroom Apartment,Pritoria,Hazeldean,2,1,,,R 9 250
3 Bedroom Apartment,Pritoria,Montana,3,2,2,43 m²,R 10 900
4 Bedroom House,Pritoria,Waterkloof,4,4,6,1 317 m²,R 60 000
0.5 Bedroom Apartment,Pritoria,Rietfontein,0.5,1,3,114 m²,R 3 900
5 Bedroom House,Pritoria,Mooikloof,5,3,1,66 m²,R 37 000
4 Bedroom House,Pritoria,Waterkloof Ridge,4,4,1,148 m²,R 40 000
1 Bedroom Apartment,Pritoria,Montana Tuine,1,1,2,,R 7 800
2 Bedroom Apartment,Pritoria,Twee Riviere Lifestyle Estate,2,1,4,,R 7 800
2 Bedroom Apartment,Pritoria,Brooklyn,2,2,4,,R 12 750
4 Bedroom House,Pritoria,Faerie Glen,4,3,4,,R 29 000
3 Bedroom House,Pritoria,Faerie Glen,3,3,1,,R 25 500
3 Bedroom House,Pritoria,Moreleta Park,3,2.5,1,,R 25 500
1 Bedroom Townhouse,Pritoria,Pretoria North,1,1,2,,R 6 165
6 Bedroom House,Pritoria,Brooklyn,6,3.5,1,,R 4 250
3 Bedroom Townhouse,Pritoria,Montana,3,2.5,4,,R 14 800
1 Bedroom Apartment,Pritoria,Elarduspark,1,1,2,,R 8 100
3 Bedroom House,Pritoria,Faerie Glen,3,3,1,,R 25 500
2 Bedroom Apartment,Pritoria,Brooklyn,2,2,2,,R 13 950
9 Bedroom House,Pritoria,Brooklyn,9,8,2,,R 3 900
1 Bedroom Apartment,Pritoria,Pretoria Central,1,1,,,R 5 000
3 Bedroom Townhouse,Pritoria,Boardwalk Manor,3,2.5,,,R 28 000
3 Bedroom Townhouse,Pritoria,Equestria,3,2,,,R 13 500
2 Bedroom Apartment,Pritoria,La Montagne,2,1,1,302 m²,R 9 500
2 Bedroom Apartment,Pritoria,La Montagne,2,1,1,380 m²,R 9 500
4 Bedroom House,Pritoria,Olympus AH,4,4,4,67 m²,R 27 500
2 Bedroom House,Pritoria,Mahube Valley,2,1,1,81 m²,R 5 500
2 Bedroom Apartment,Pritoria,Greencreek Lifestyle Estate,2,2,2,64 m²,R 8 800
3 Bedroom Townhouse,Pritoria,Rietondale,3,2,2,54 m²,R 14 000
2 Bedroom Apartment,Pritoria,Montana,2,2,2,140 m²,R 8 600
1 Bedroom Apartment,Pritoria,Hatfield,1,1,1,,R 4 000
1 Bedroom House,Pritoria,Hatfield,1,2,1,,R 4 650
2 Bedroom Apartment,Pritoria,Annlin,2,1,2,,R 8 000
2 Bedroom Apartment,Pritoria,Mooikloof,2,2,2,,R 9 500
3 Bedroom House,Pritoria,Brooklyn,3,2.5,1,,R 35 000
3 Bedroom House,Pritoria,Montana,3,2,2,,R 18 000
1 Bedroom Apartment,Pritoria,Willow Park Manor,1,1,2,,R 10 000
9 Bedroom House,Pritoria,Lynnwood Glen,9,4,1,,R 4 300
2 Bedroom Apartment,Pritoria,Roodeplaat,2,1,4,,R 7 500
2 Bedroom Apartment,Pritoria,Olympus AH,2,1,6,,R 8 500
4 Bedroom House,Pritoria,Equestria,4,3.5,2,,R 23 250
3 Bedroom House,Pritoria,Silver Lakes,3,2,1,,R 32 500
3 Bedroom Townhouse,Pritoria,Olympus AH,3,2.5,,,R 19 000
2 Bedroom Apartment,Pritoria,Annlin-Wes,2,1,,,R 7 400
2 Bedroom Apartment,Pritoria,Ashlea Gardens,2,2.5,2,92 m²,R 21 500
3 Bedroom House,Pritoria,Waverley,3,1.5,2,64 m²,R 17 200
12 Bedroom Apartment,Pritoria,Brooklyn,12,10,6,89 m²,R 5 200
1 Bedroom Apartment,Pritoria,Arcadia,1,1,1,45 m²,R 5 200
2 Bedroom Apartment,Pritoria,Moreleta Park,2,2,1,112 m²,R 10 400
1 Bedroom Apartment,Pritoria,Sunnyside,1,1,1,,R 4 000
2 Bedroom Apartment,Pritoria,Equestria,2,2,2,,R 10 500
3 Bedroom House,Pritoria,Silver Lakes Golf Estate,3,2,2,,R 44 500
3 Bedroom House,Pritoria,Equestria,3,2,2,,R 35 000
2 Bedroom Apartment,Pritoria,Olympus AH,2,1,1,,R 8 525
2 Bedroom Apartment,Pritoria,Elarduspark,2,1,1,,R 9 300
3 Bedroom House,Pritoria,Waverley,3,1.5,2,,R 17 200
2 Bedroom Apartment,Pritoria,Philip Nel Park,2,1,1,,R 5 950
3 Bedroom Townhouse,Pritoria,Ashlea Gardens,3,2,4,,R 25 000
3 Bedroom House,Pritoria,Arcadia,3,3,3,,R 20 000
1 Bedroom Apartment,Pritoria,Rietfontein,1,1,1,,R 5 900
1 Bedroom Apartment,Pritoria,Annlin,1,1,1,,R 6 150
3 Bedroom House,Pritoria,Mamelodi West,3,1,1,,R 6 500
3 Bedroom House,Pritoria,Faerie Glen,3,3,4,,R 24 500
2 Bedroom Apartment,Pritoria,Olympus AH,2,2,2,,R 10 500
4 Bedroom House,Pritoria,Menlo Park,4,2.5,4,,R 27 000
2 Bedroom Apartment,Pritoria,Groenkloof,2,2,1,40 m²,R 12 000
2 Bedroom Apartment,Pritoria,Wonderboom South,2,2,1,81 m²,R 7 500
3 Bedroom House,Pritoria,Danville,3,2,4,64 m²,R 12 000
1 Bedroom Apartment,Pritoria,Blyde Riverwalk Estate,1,1,1,64 m²,R 9 000
5 Bedroom House,Pritoria,Waterkloof Ridge,5,5.5,4,64 m²,R 99 000
2 Bedroom Apartment,Pritoria,Arcadia,2,2,1,64 m²,R 6 000
1 Bedroom Apartment,Pritoria,Murrayfield,1,1,1,,R 5 300
House,Pritoria,Groenkloof,2,1,1,,R 100 000
2 Bedroom House,Pritoria,Mamelodi,2,1,1,,R 6 600
2 Bedroom Apartment,Pritoria,Menlyn,2,2,2,,R 10 400
2 Bedroom Apartment,Pritoria,Boardwalk Villas,1,1,1,,R 10 500
1 Bedroom Apartment,Pritoria,Blyde Riverwalk Estate,1,1,2,,R 7 500
1 Bedroom Apartment,Pritoria,Waterkloof,2,2,1,,R 15 990
2 Bedroom House,Pritoria,Riviera,1,1,1,,R 10 500
1 Bedroom Apartment,Pritoria,Gezina,2,2,1,,R 4 400
2 Bedroom Apartment,Pritoria,Brooklyn,2,2,1,,R 14 000
2 Bedroom Apartment,Pritoria,Brooklyn,2,2,1,,R 14 000
2 Bedroom Apartment,Pritoria,Brooklyn,2,2,1,,R 12 000
2 Bedroom Apartment,Pritoria,Brooklyn,1.5,1,,,R 12 000
1.5 Bedroom Apartment,Pritoria,Gezina,,,,,R 5 900
House,Pritoria,Groenkloof,,,,,R 100 000
0.5 Bedroom Apartment,Pritoria,Montana,0.5,1,1,66 m²,R 5 000
1 Bedroom Apartment,Pritoria,Elarduspark,1,1,1,65 m²,R 7 500
1 Bedroom Apartment,Pritoria,Arcadia,1,1,3,249 m²,R 5 500
5 Bedroom House,Pritoria,Doornpoort,5,4,1,80 m²,R 22 000
1 Bedroom Apartment,Pritoria,Silver Lakes Golf Estate,1,1,2,455 m²,R 13 000
1 Bedroom Apartment,Pritoria,Mooikloof Equestrian Estate,1,1,2,,R 7 500
2 Bedroom Townhouse,Pritoria,Waterkloof Glen,2,2,6,,R 11 450
2 Bedroom Apartment,Pritoria,Queenswood,2,1,2,,R 9 000
3 Bedroom House,Pritoria,Waterkloof Ridge,3,3,3,,R 26 999
2 Bedroom Apartment,Pritoria,Hatfield,2,1,1,,R 9 500
2 Bedroom Townhouse,Pritoria,Daspoort,2,1,3,,R 6 100
3 Bedroom Apartment,Pritoria,Wapadrand,3,2,3,,R 12 250
3 Bedroom Townhouse,Pritoria,Roodeplaat,3,3,4,,R 13 500
3 Bedroom House,Pritoria,Menlo Park,3,2.5,2,,R 34 000
3 Bedroom House,Pritoria,Constantia Park,3,2,2,,R 22 000
4 Bedroom Townhouse,Pritoria,Pretoria North,4,2,1,,R 16 500
4 Bedroom House,Pritoria,Savannah Country Estate,4,3,2,,R 24 000
2 Bedroom Townhouse,Pritoria,Montana Park,2,1,2,,R 7 900
2 Bedroom Apartment,Pritoria,Annlin,2,1,,,R 8 300
2 Bedroom Townhouse,Pritoria,Montana Park,2,1,,,R 7 900
4 Bedroom House,Pritoria,Moreleta Park,4,3.5,,,R 26 000
2 Bedroom Townhouse,Pritoria,Boardwalk Meander,2,2,3,82 m²,R 17 750
3 Bedroom Apartment,Pritoria,Hatfield,3,1,1,151 m²,R 4 500
1 Bedroom House,Pritoria,Silver Lakes,1,1,1,64 m²,R 5 500
4 Bedroom House,Pritoria,Brooklyn,4,4,4,107 m²,R 40 000
2 Bedroom Apartment,Pritoria,Menlo Park,2,2,2,25 m²,R 16 000
4 Bedroom House,Pritoria,Pebble Rock Golf Village,4,4,2,101 m²,R 27 500
3 Bedroom Townhouse,Pritoria,Erasmuskloof,3,2,1,107 m²,R 15 000
1 Bedroom Apartment,Pritoria,Waverley,1,1,1,,R 4 750
0.5 Bedroom Apartment,Pritoria,Mayville,0.5,1,1,,R 3 840
2 Bedroom Apartment,Pritoria,Olympus AH,2,1,2,,R 8 800
2 Bedroom Townhouse,Pritoria,Montana Park,2,2,2,,R 8 900
3 Bedroom Townhouse,Pritoria,Mountain View,3,2,2,,R 10 630
2 Bedroom Townhouse,Pritoria,Olympus AH,2,2,1,,R 14 000
1 Bedroom Apartment,Pritoria,Mooiplaats AH,1,1,2,,R 4 300
3 Bedroom House,Pritoria,Equestria,3,2,1,,R 21 500
2 Bedroom Townhouse,Pritoria,Ashlea Gardens,2,2,2,,R 27 500
2 Bedroom Townhouse,Pritoria,Olympus AH,2,2,1,,R 14 000
1 Bedroom House,Pritoria,Willow Acres,1,1,6,,R 8 500
0.5 Bedroom Apartment,Pritoria,Mayville,0.5,1,1,,R 3 940
4 Bedroom House,Pritoria,Woodhill Golf Estate,4,4.5,,,R 59 500
1 Bedroom Apartment,Pritoria,Groenkloof,1,1,,,R 7 500
Apartment,Pritoria,Roodepark Eco Estate,3,1,2,75 m²,R 8 900
3 Bedroom House,Pritoria,Mountain View,3,1,1,25 m²,R 8 000
3 Bedroom House,Pritoria,Elarduspark,1,1,1,78 m²,R 13 200
1 Bedroom Apartment,Pritoria,Lisdogan Park,1,1,2,106 m²,R 6 995
1 Bedroom Apartment,Pritoria,Wonderboom South,2,2,4,71 m²,R 4 800
2 Bedroom Townhouse,Pritoria,Wapadrand,4,4,1,78 m²,R 9 950
4 Bedroom House,Pritoria,Baileys Muckleneuk,1,1,2,140 m²,R 24 500
1 Bedroom House,Pritoria,Capital Park,2,2,2,90 m²,R 4 200
2 Bedroom Apartment,Pritoria,Olympus AH,2,2,2,68 m²,R 10 000
2 Bedroom Apartment,Pritoria,Menlo Park,3,1,1,,R 16 000
3 Bedroom House,Pritoria,Gezina,1,1,2,,R 11 350
1 Bedroom Apartment,Pritoria,Claremont,2,2,2,,R 3 800
2 Bedroom Townhouse,Pritoria,Wapadrand,3,2.5,2,,R 9 950
3 Bedroom Townhouse,Pritoria,Olympus AH,3,2,1,,R 18 500
3 Bedroom Apartment,Pritoria,Hatfield,2,2,2,,R 3 750
2 Bedroom House,Pritoria,Lynnwood Glen,2,1,1,,R 15 000
2 Bedroom Apartment,Pritoria,Menlo Park,2,1,2,,R 15 900
2 Bedroom Townhouse,Pritoria,Moreleta Park,0.5,2,2,,R 8 500
0.5 Bedroom Apartment,Pritoria,Arcadia,2,2,,,R 4 850
2 Bedroom Townhouse,Pritoria,Die Wilgers,2,,,,R 11 700
2 Bedroom Apartment,Pritoria,Greencreek Lifestyle Estate,,,,,R 8 800
3 Bedroom Apartment,Pritoria,Mooikloof,3,2,2,101 m²,R 16 000
3 Bedroom Townhouse,Pritoria,Sinoville,3,2,2,150 m²,R 11 500
4 Bedroom Townhouse,Pritoria,Olympus AH,4,3.5,4,47 m²,R 27 500
2 Bedroom Apartment,Pritoria,Hatfield,2,1,2,90 m²,R 7 900
3 Bedroom Townhouse,Pritoria,Sinoville,3,2,2,,R 11 500
2 Bedroom Apartment,Pritoria,Equestria,2,1,2,,R 16 000
1 Bedroom Apartment,Pritoria,Monument Park,1,1,1,,R 7 100
1 Bedroom Apartment,Pritoria,Hatfield,1,1,2,,R 4 200
3 Bedroom House,Pritoria,Equestria,3,2,1,,R 17 000
3 Bedroom House,Pritoria,Kwaggasrand,3,1,1,,R 8 000
1 Bedroom House,Pritoria,Lynnwood Glen,1,1,7,,R 5 800
4 Bedroom House,Pritoria,Waterkloof Ridge,4,3,2,,R 35 000
3 Bedroom Townhouse,Pritoria,Pretoria North,3,2.5,2,,R 6 800
4 Bedroom House,Pritoria,Erasmuskloof,4,3,1,,R 55 000
2 Bedroom Apartment,Pritoria,Montana,2,1,1,,R 8 400
2 Bedroom Townhouse,Pritoria,Mooikloof,2,2,1,,R 9 400
1 Bedroom Townhouse,Pritoria,Hatfield,1,1,3,,R 6 880
2 Bedroom Apartment,Pritoria,Gezina,2,1,2,,R 6 000
2 Bedroom Apartment,Pritoria,Mahube Valley,2,1,,,R 5 800
4 Bedroom House,Pritoria,Waterkloof Heights,4,4.5,,,R 45 000
2 Bedroom Apartment,Pritoria,Lynnwood Park,2,1,,,R 14 000
5 Bedroom House,Pritoria,Eersterust,5,3,2,107 m²,R 13 380
2 Bedroom House,Pritoria,Villieria,2,2,2,112 m²,R 12 950
1 Bedroom House,Pritoria,Elandspoort,1,1,2,90 m²,R 3 300
2 Bedroom Townhouse,Pritoria,Olympus AH,2,2,1,24 m²,R 14 000
1 Bedroom Apartment,Pritoria,Muckleneuk,1,1,1,1 m²,R 8 500
2 Bedroom Apartment,Pritoria,Hazeldean,2,1,2,43 m²,R 9 250
2 Bedroom Apartment,Pritoria,Annlin,2,1,1,81 m²,R 7 400
1 Bedroom Apartment,Pritoria,Arcadia,1,1,5,104 m²,R 4 900
7 Bedroom House,Pritoria,Murrayfield,7,8,2,,R 40 000
2 Bedroom Apartment,Pritoria,Eastwood,2,2,1,,R 16 500
1 Bedroom Apartment,Pritoria,Alphen Park,1,1,1,,R 7 000
2 Bedroom Apartment,Pritoria,Booysens,2,1,1,,R 7 000
2.5 Bedroom Apartment,Pritoria,Arcadia,2.5,1,3,,R 7 580
5 Bedroom House,Pritoria,The Hills Game Reserve Estate,5,3,3,,R 36 500
5 Bedroom House,Pritoria,The Hills Game Reserve Estate,5,3,1,,R 36 500
1 Bedroom Apartment,Pritoria,Montana,1,1,2,,R 5 400
3 Bedroom Townhouse,Pritoria,Waterkloof,3,2,8,,R 17 500
6 Bedroom House,Pritoria,Waterkloof Ridge,6,6.5,1,,R 65 000
2 Bedroom Apartment,Pritoria,Lynnwood Ridge,2,1,1,,R 10 900
2 Bedroom Apartment,Pritoria,Booysens,2,1,1,,R 7 000
3 Bedroom Apartment,Pritoria,Wonderboom South,3,2,,,R 9 800
2 Bedroom Apartment,Pritoria,Capital Park,2,1,1,99 m²,R 5 650
2 Bedroom Townhouse,Pritoria,Olympus AH,2,2,2,99 m²,R 16 000
2 Bedroom Townhouse,Pritoria,Olympus AH,2,2,2,252 m²,R 16 000
8 Bedroom House,Pritoria,Arcadia,8,3,7,125 m²,R 5 900
2 Bedroom Townhouse,Pritoria,Colbyn,2,2,2,98 m²,R 12 500
3 Bedroom Apartment,Pritoria,Mooikloof Glen,3,2,2,,R 11 500
7 Bedroom House,Pritoria,Grootfontein Country Estates,7,5,6,,R 30 000
1.5 Bedroom Apartment,Pritoria,Monument Park,1.5,1,1,,R 6 550
4 Bedroom House,Pritoria,Willow Acres,4,4,3,,R 25 000
3 Bedroom House,Pritoria,Silver Lakes Golf Estate,3,3,2,,R 38 000
2 Bedroom Townhouse,Pritoria,Montana,2,2,2,,R 12 000
3 Bedroom Townhouse,Pritoria,Silver Lakes,3,2,2,,R 9 850
0.5 Bedroom Apartment,Pritoria,Pretoria Central,0.5,1,6,,R 4 000
4 Bedroom House,Pritoria,The Wilds,4,4.5,2,,R 49 900
3 Bedroom Apartment,Pritoria,Annlin,3,2,1,,R 9 300
1 Bedroom Apartment,Pritoria,Wonderboom South,1,1,4,,R 5 150
3 Bedroom House,Pritoria,Waterkloof,3,2,4,,R 35 000
3 Bedroom House,Pritoria,Waterkloof,3,2,5,,R 35 000
6 Bedroom House,Pritoria,Muckleneuk,6,5,2,,R 49 999
3 Bedroom House,Pritoria,Waterkloof Ridge,3,3,,,R 30 000
Apartment,Pritoria,Montana,,1,,,R 4 600
3 Bedroom House,Pritoria,Waverley,3,1,1,97 m²,R 13 800
2 Bedroom Townhouse,Pritoria,Moreleta Park,2,2,2,43 m²,R 8 500
2 Bedroom Apartment,Pritoria,Hatfield,2,2,1,101 m²,R 9 400
2 Bedroom Apartment,Pritoria,Hazeldean,2,2,1,44 m²,R 8 800
1 Bedroom Apartment,Pritoria,Montana Tuine,1,1,1,31 m²,R 9 632
1 Bedroom Apartment,Pritoria,Greencreek Lifestyle Estate,1,1,1,81 m²,R 6 800
1.5 Bedroom Apartment,Pritoria,Pretoria Central,1.5,1,1,140 m²,R 5 445
2 Bedroom Townhouse,Pritoria,Garsfontein,2,1,6,140 m²,R 10 200
3 Bedroom House,Pritoria,Waverley,3,1,2,85 m²,R 13 800
4 Bedroom House,Pritoria,Silver Lakes,4,3.5,2,49 m²,R 26 500
3 Bedroom Townhouse,Pritoria,Boardwalk,3,2.5,1,60 m²,R 18 500
3 Bedroom Townhouse,Pritoria,Boardwalk,3,2.5,2,92 m²,R 18 500
3 Bedroom Townhouse,Pritoria,Ashlea Gardens,3,2.5,1,60 m²,R 23 000
2 Bedroom Apartment,Pritoria,Olympus AH,2,2,2,,R 9 900
1 Bedroom Apartment,Pritoria,Willow Park Manor,1,1,1,,R 8 500
2 Bedroom Apartment,Pritoria,Waverley,2,1,1,,R 8 400
1 Bedroom Apartment,Pritoria,Blyde Riverwalk Estate,1,1,1,,R 8 350
2 Bedroom Apartment,Pritoria,Olympus AH,2,1,6,,R 9 000
2 Bedroom Apartment,Pritoria,Sinoville,2,2,1,,R 10 600
4 Bedroom House,Pritoria,Woodhill Golf Estate,4,4.5,,,R 59 500
0.5 Bedroom Apartment,Pritoria,Eloffsdal,0.5,1,,,R 3 840
1 Bedroom Apartment,Pritoria,Annlin-Wes,1,1,1,106 m²,R 6 150
1 Bedroom Apartment,Pritoria,Sunnyside,1,1,1,67 m²,R 4 900
2 Bedroom Apartment,Pritoria,Mooikloof Glen,2,2,2,120 m²,R 9 000
3 Bedroom Apartment,Pritoria,Boardwalk,3,2,2,105 m²,R 12 000
1.5 Bedroom Apartment,Pritoria,Sunnyside,1.5,1,2,76 m²,R 7 900
2 Bedroom Apartment,Pritoria,Montana,2,2,1,102 m²,R 9 200
2 Bedroom Apartment,Pritoria,Kwaggasrand,2,1,2,90 m²,R 5 300
2 Bedroom Apartment,Pritoria,Hazeldean,2,2,3,30 m²,R 9 800
3.5 Bedroom House,Pritoria,Die Wilgers,3.5,2.5,4,66 m²,R 25 000
3 Bedroom House,Pritoria,Alphen Park,3,2,4,39 m²,R 19 000
3 Bedroom House,Pritoria,The Wilds,3,3,2,74 m²,R 25 000
2 Bedroom Apartment,Pritoria,Brooklyn,2,2,2,,R 13 000
3 Bedroom Apartment,Pritoria,Greencreek Lifestyle Estate,3,2,2,,R 12 500
2 Bedroom Townhouse,Pritoria,Newlands,2,1,1,,R 11 500
2 Bedroom Apartment,Pritoria,Hazeldean,2,1,4,,R 8 500
3 Bedroom House,Pritoria,The Wilds,3,3,2,,R 25 000
1 Bedroom Apartment,Pritoria,Waterkloof,1,1,1,,R 18 990
2 Bedroom Apartment,Pritoria,Six Fountains,2,2,1,,R 14 000
1 Bedroom Apartment,Pritoria,Elarduspark,1,1,2,,R 8 100
1 Bedroom Apartment,Pritoria,Brooklyn,1,1,,,R 7 600
2 Bedroom Apartment,Pritoria,Waterkloof Ridge,2,2,,,R 11 200
3 Bedroom Townhouse,Pritoria,Olympus AH,3,2.5,2,139 m²,R 19 000
3 Bedroom Townhouse,Pritoria,Olympus AH,3,2.5,2,140 m²,R 19 000
3 Bedroom Townhouse,Pritoria,Olympus AH,3,2.5,2,140 m²,R 19 000
3 Bedroom Townhouse,Pritoria,Olympus AH,3,2,3,148 m²,R 17 500
3 Bedroom Townhouse,Pritoria,Olympus AH,3,2,3,148 m²,R 17 500
3 Bedroom Townhouse,Pritoria,Olympus AH,3,2,3,148 m²,R 17 500
1 Bedroom Apartment,Pritoria,Blyde Riverwalk Estate,1,1,1,92 m²,R 10 000
2 Bedroom Apartment,Pritoria,Blyde Riverwalk Estate,2,2,2,58 m²,R 17 000
2 Bedroom House,Pritoria,Claremont,2,2,4,,R 10 500
1 Bedroom Apartment,Pritoria,Montana,1,1,1,,R 5 000
5 Bedroom House,Pritoria,Mooikloof Equestrian Estate,5,3,5,,R 65 000
1 Bedroom Apartment,Pritoria,Annlin-Wes,1,1,1,,R 6 150
3 Bedroom House,Pritoria,Montana,3,2.5,5,,R 15 000
1 Bedroom Apartment,Pritoria,Hatfield,1,1,1,,R 9 000
1 Bedroom Apartment,Pritoria,Menlo Park,1,1.5,1,,R 15 000
2 Bedroom Townhouse,Pritoria,Olympus AH,2,2,3,,R 16 500
5 Bedroom House,Pritoria,Mooikloof Equestrian Estate,5,3,5,,R 65 000
Apartment,Pritoria,Montana,4,1,1,,R 5 100
4 Bedroom House,Pritoria,Silver Lakes Golf Estate,2,3.5,8,,R 75 000
2 Bedroom Apartment,Pritoria,Pretoria North,1,1,1,,R 6 300
1 Bedroom Apartment,Pritoria,Blyde Riverwalk Estate,,1,1,,R 10 000
2 Bedroom House,Pritoria,Mooikloof Heights,2,2,2,100 m²,R 11 900
2 Bedroom Apartment,Pritoria,Blyde Riverwalk Estate,2,2,1,60 m²,R 12 000
2 Bedroom Apartment,Pritoria,Erasmus Park,2,1,3,60 m²,R 9 900
3 Bedroom Townhouse,Pritoria,Faerie Glen,3,2,1,45 m²,R 14 999
1 Bedroom Apartment,Pritoria,Blyde Riverwalk Estate,1,1,1,60 m²,R 8 350
1 Bedroom Apartment,Pritoria,Arcadia,1,1,1,64 m²,R 8 500
2 Bedroom Apartment,Pritoria,Sinoville,2,2,1,148 m²,R 10 500
1 Bedroom Apartment,Pritoria,Arcadia,1,1,4,140 m²,R 5 300
3 Bedroom House,Pritoria,Menlo Park,3,3,3,140 m²,R 34 000
4 Bedroom House,Pritoria,The Hills Game Reserve Estate,4,4.5,1,140 m²,R 39 000
1 Bedroom Apartment,Pritoria,Lynnwood,1,1,1,44 m²,R 6 500
1 Bedroom Apartment,Pritoria,Waterkloof,1,1,1,,R 11 500
1.5 Bedroom Apartment,Pritoria,Hatfield,1.5,1,2,,R 5 990
1 Bedroom Apartment,Pritoria,Mahube Valley,1,1,1,,R 4 500
1 Bedroom Apartment,Pritoria,Lynnwood,1,1,3,,R 6 500
3 Bedroom Townhouse,Pritoria,Olympus AH,3,2,2,,R 17 500
3 Bedroom Townhouse,Pritoria,Olympus AH,3,2.5,2,,R 19 000
3 Bedroom Townhouse,Pritoria,Olympus AH,3,2.5,2,,R 19 000
3 Bedroom Townhouse,Pritoria,Olympus AH,3,2.5,1,,R 19 000
1 Bedroom Apartment,Pritoria,Hatfield,1,1,2,,R 12 000
1 Bedroom Apartment,Pritoria,Muckleneuk,1,1,,,R 5 800
5 Bedroom House,Pritoria,Pretoria West,5,4,3,50 m²,R 14 500
4 Bedroom Townhouse,Pritoria,Kameeldrift East,4,3,2,59 m²,R 10 000
1 Bedroom Apartment,Pritoria,Waterkloof Ridge,1,1,1,64 m²,R 9 639
3 Bedroom House,Pritoria,Woodhill Lavender Estate,3,2.5,2,65 m²,R 25 500
1 Bedroom Townhouse,Pritoria,Doornpoort,1,1,1,92 m²,R 5 000
3 Bedroom House,Pritoria,Pretoria West,3,2,5,,R 10 500
2 Bedroom Apartment,Pritoria,Castle Gate,2,1,1,,R 10 500
2 Bedroom Apartment,Pritoria,Olympus AH,2,1,1,,R 8 800
2 Bedroom Apartment,Pritoria,Blyde Riverwalk Estate,2,2,1,,R 9 500
1 Bedroom Apartment,Pritoria,Hatfield,1,1,1,,R 7 320
2 Bedroom Apartment,Pritoria,Waterkloof,2,2,1,,R 28 990
1 Bedroom House,Pritoria,Kleinfontein AH,1,1,1,,R 7 500
1 Bedroom Apartment,Pritoria,Hatfield,1,1,1,,R 7 320
1 Bedroom House,Pritoria,Silverton,1,1,2,,R 6 500
2 Bedroom Apartment,Pritoria,Brooklyn,2,2,1,,R 14 950
1 Bedroom Apartment,Pritoria,Villieria,1,1,4,,R 5 900
2 Bedroom Apartment,Pritoria,Menlo Park,2,2,1,,R 14 000
0.5 Bedroom Apartment,Pritoria,Sunnyside,0.5,1,1,,R 4 850
0.5 Bedroom Apartment,Pritoria,Montana,0.5,1,4,,R 5 100
4 Bedroom House,Pritoria,Silver Lakes Golf Estate,4,3.5,,,R 45 000
2 Bedroom Townhouse,Pritoria,Willow Park Manor,2,1,,,R 10 000
4 Bedroom House,Pritoria,Murrayfield,4,5,5,111 m²,R 25 000
4 Bedroom House,Pritoria,Silver Lakes Golf Estate,4,3,3,112 m²,R 39 000
3 Bedroom House,Pritoria,Murrayfield,3,3,2,98 m²,R 15 000
2 Bedroom Apartment,Pritoria,Waterkloof,2,1,1,79 m²,R 18 990
0.5 Bedroom Apartment,Pritoria,Mahube Valley,0.5,1,1,121 m²,R 3 000
2 Bedroom Apartment,Pritoria,Sinoville,2,1,1,60 m²,R 7 600
2 Bedroom Apartment,Pritoria,Kilner Park,2,1,2,101 m²,R 7 800
2 Bedroom Apartment,Pritoria,Willow Park Manor,2,2,1,,R 15 000
2 Bedroom Apartment,Pritoria,Silver Lakes,2,1,2,,R 9 250
2 Bedroom Townhouse,Pritoria,Brooklyn,2,2,1,,R 23 000
3 Bedroom Apartment,Pritoria,Roodepark Eco Estate,3,2,6,,R 10 000
1 Bedroom Apartment,Pritoria,Blyde Riverwalk Estate,1,1,4,,R 8 000
4 Bedroom House,Pritoria,Willow Acres,4,3,2,,R 30 000
3 Bedroom House,Pritoria,Wonderboom,3,2,1,,R 13 500
2 Bedroom House,Pritoria,Villieria,2,1,3,,R 11 200
2 Bedroom Apartment,Pritoria,Hatfield,2,1,6,,R 9 500
3 Bedroom House,Pritoria,Danville,3,1,1,,R 9 000
8 Bedroom House,Pritoria,Waterkloof Ridge,8,7,2,,R 70 000
1 Bedroom Apartment,Pritoria,Kameeldrift West,1,1,1,,R 5 500
3 Bedroom House,Pritoria,Murrayfield,3,3,,,R 15 000
2 Bedroom Apartment,Pritoria,Hazeldean,2,2,,,R 8 800
1 Bedroom House,Pritoria,Colbyn,1,1,1,98 m²,R 5 000
1 Bedroom Apartment,Pritoria,Arcadia,1,1,1,64 m²,R 5 090
10 Bedroom Apartment,Pritoria,Brooklyn,10,7,1,1 m²,R 4 500
1 Bedroom Apartment,Pritoria,Waterkloof,1,1,1,1 m²,R 19 990
2 Bedroom Apartment,Pritoria,Silver Lakes,2,2,2,86 m²,R 9 800
1 Bedroom House,Pritoria,Silver Lakes Golf Estate,1,1,2,124 m²,R 11 500
4 Bedroom House,Pritoria,Waterkloof Ridge,4,2,4,12 m²,R 29 000
2 Bedroom Apartment,Pritoria,Montana,2,1,1,77 m²,R 7 900
3 Bedroom House,Pritoria,Equestria,3,2,1,,R 35 000
1 Bedroom Apartment,Pritoria,Hatfield,1,1,1,,R 7 800
1 Bedroom Apartment,Pritoria,Hatfield,1,1,1,,R 7 800
3 Bedroom House,Pritoria,Rietfontein,3,1,2,,R 11 200
1 Bedroom House,Pritoria,Pretoria North,1,1,1,,R 4 100
2 Bedroom Townhouse,Pritoria,Country View Estate,2,1,3,,R 11 500
2 Bedroom Apartment,Pritoria,Die Wilgers,2,1,1,,R 7 500
4 Bedroom Townhouse,Pritoria,Elarduspark,4,2,1,,R 15 000
Apartment,Pritoria,Pretoria Central,1,1,1,,R 3 253
1 Bedroom Apartment,Pritoria,Waverley,2,1,2,,R 5 400
2 Bedroom Apartment,Pritoria,Garsfontein,3,1,1,,R 7 950
3 Bedroom House,Pritoria,Montana,2,1,,,R 9 900
2 Bedroom Apartment,Pritoria,Brooklyn,,2,,,R 11 700
2 Bedroom Apartment,Pritoria,Baileys Muckleneuk,2,2,2,58 m²,R 5 400
2 Bedroom Apartment,Pritoria,Menlyn,2,1,1,68 m²,R 24 500
2 Bedroom Apartment,Pritoria,Annlin-Wes,2,1,2,68 m²,R 7 400
2 Bedroom Apartment,Pritoria,Waterkloof Ridge,2,2,1,400 m²,R 11 500
2 Bedroom Apartment,Pritoria,Sunnyside,2,1.5,2,114 m²,R 7 500
2 Bedroom Apartment,Pritoria,Hatfield,2,2,1,58 m²,R 8 000
2 Bedroom Apartment,Pritoria,Pretoria North,2,1,1,,R 6 800
2 Bedroom Apartment,Pritoria,Waterkloof,2,1,1,,R 27 990
2 Bedroom Apartment,Pritoria,Blyde Riverwalk Estate,2,2,2,,R 14 000
2 Bedroom Apartment,Pritoria,Pretoria North,2,1,1,,R 6 800
2 Bedroom Townhouse,Pritoria,Olympus AH,2,2,1,,R 19 400
2 Bedroom House,Pritoria,Kirkney,2,1,4,,R 6 500
0.5 Bedroom Apartment,Pritoria,Gezina,0.5,1,1,,R 3 400
2 Bedroom House,Pritoria,Pretoria North,2,1,1,,R 9 000
1.5 Bedroom Apartment,Pritoria,Arcadia,1.5,1.5,10,,R 7 000
5 Bedroom House,Pritoria,Waterkloof Heights,5,5,2,,R 99 000
4 Bedroom House,Pritoria,Faerie Glen,4,4,5,,R 50 000
4 Bedroom House,Pritoria,Waterkloof Ridge,4,3,2,,R 31 500
3 Bedroom Townhouse,Pritoria,Six Fountains,3,2.5,2,,R 19 400
3 Bedroom Townhouse,Pritoria,Erasmus Park,3,2,1,,R 18 500
1 Bedroom Apartment,Pritoria,Blyde Riverwalk Estate,1,1,,,R 14 000
1 Bedroom Apartment,Pritoria,Lynnwood,1,1,1,62 m²,R 11 000
2 Bedroom Townhouse,Pritoria,Menlyn,2,2.5,2,62 m²,R 17 850
4 Bedroom House,Pritoria,Moreleta Park,4,2,4,75 m²,R 23 500
2 Bedroom Townhouse,Pritoria,Menlyn,2,2.5,2,60 m²,R 17 850
2 Bedroom Apartment,Pritoria,Mountain View,2,1,1,99 m²,R 7 500
3 Bedroom Apartment,Pritoria,La Montagne,3,1,1,93 m²,R 8 500
2 Bedroom Apartment,Pritoria,Brooklyn,2,2,2,54 m²,R 13 000
1 Bedroom Apartment,Pritoria,Waterkloof,1,1,1,101 m²,R 18 990
4 Bedroom House,Pritoria,Moreleta Park,4,2.5,6,,R 24 900
2 Bedroom Townhouse,Pritoria,Annlin,2,1,2,,R 6 800
1.5 Bedroom Apartment,Pritoria,Villieria,1.5,1,1,,R 4 945
2 Bedroom Apartment,Pritoria,Lynnwood Manor,2,1,1,,R 10 500
1 Bedroom Apartment,Pritoria,Rietvlei View Country Estates,1,1,2,,R 5 800
2 Bedroom Townhouse,Pritoria,Montana,2,1,1,,R 6 800
2 Bedroom Townhouse,Pritoria,Elarduspark,2,2,2,,R 12 200
1 Bedroom Apartment,Pritoria,Pretoria West,1,1,4,,R 5 800
2 Bedroom Townhouse,Pritoria,Olympus AH,2,2,2,,R 16 000
3 Bedroom House,Pritoria,Lotus Gardens,3,2,1,,R 8 800
2 Bedroom Apartment,Pritoria,Hazeldean,2,2,1,,R 10 300
2 Bedroom Apartment,Pritoria,Equestria,2,1,,,R 8 950
2 Bedroom Apartment,Pritoria,Silver Lakes,2,2,,,R 8 800
3 Bedroom Apartment,Pritoria,Willow Park Manor,3,2,2,54 m²,R 16 500
1 Bedroom Townhouse,Pritoria,Lombardy Estate,1,1,3,54 m²,R 13 900
5 Bedroom House,Pritoria,Silver Lakes Golf Estate,5,5.5,8,54 m²,R 65 000
2 Bedroom Apartment,Pritoria,Die Wilgers,2,1,1,50 m²,R 9 500
2 Bedroom Apartment,Pritoria,La Montagne,2,1,1,89 m²,R 9 500
2 Bedroom Apartment,Pritoria,La Montagne,2,1,1,31 m²,R 8 750
0.5 Bedroom Apartment,Pritoria,Capital Park,0.5,1,1,135 m²,R 5 000
5 Bedroom House,Pritoria,Six Fountains Residential Estate,5,6,8,199 m²,R 50 000
2 Bedroom House,Pritoria,Glenway Estate,2,1,3,,R 8 000
2 Bedroom Townhouse,Pritoria,Mooikloof Ridge,2,1,1,,R 7 800
5 Bedroom House,Pritoria,Silver Lakes,5,4,7,,R 65 000
1 Bedroom Apartment,Pritoria,Blyde Riverwalk Estate,1,1,1,,R 8 000
1 Bedroom Townhouse,Pritoria,Lombardy Estate,1,1,3,,R 13 900
14 Bedroom House,Pritoria,Hatfield,14,13,6,,R 3 500
3 Bedroom Townhouse,Pritoria,Equestria,3,2,3,,R 15 900
4 Bedroom House,Pritoria,Waterkloof,4,3,4,,R 40 000
2 Bedroom House,Pritoria,Sable Hills,2,2,1,,R 13 200
2 Bedroom Townhouse,Pritoria,Wapadrand,2,1,2,,R 9 500
2 Bedroom Townhouse,Pritoria,Olympus AH,2,2,4,,R 13 500
3 Bedroom House,Pritoria,Pretoria West,3,2,3,,R 11 500
4 Bedroom Townhouse,Pritoria,Mooikloof Ridge,4,2.5,,,R 18 000
2 Bedroom Apartment,Pritoria,Montana Tuine,2,1,1,60 m²,R 7 000
2 Bedroom Apartment,Pritoria,Olympus AH,2,2,2,85 m²,R 9 900
1 Bedroom Apartment,Pritoria,Meyerspark,1,1,1,54 m²,R 6 000
4 Bedroom House,Pritoria,Monument Park,4,3,4,77 m²,R 30 000
4 Bedroom House,Pritoria,Dorandia,4,3,3,310 m²,R 14 400
1 Bedroom House,Pritoria,Die Wilgers,1,1,1,64 m²,R 6 000
2 Bedroom Apartment,Pritoria,Willow Park Manor,2,1,1,70 m²,R 9 500
1 Bedroom House,Pritoria,Colbyn,1,1,1,,R 5 000
2 Bedroom Apartment,Pritoria,Menlo Park,2,2,2,,R 14 300
1 Bedroom Apartment,Pritoria,Arcadia,1,1,1,,R 6 700
1 Bedroom Apartment,Pritoria,Blyde Riverwalk Estate,1,1,1,,R 8 444
3 Bedroom Apartment,Pritoria,Lynnwood,3,2.5,2,,R 18 000
4 Bedroom House,Pritoria,Moreleta Park,4,2,6,,R 24 900
1 Bedroom Apartment,Pritoria,Mooikloof Glen,1,1,1,,R 8 000
3 Bedroom Apartment,Pritoria,Lynnwood,3,2.5,2,,R 18 000
9 Bedroom House,Pritoria,Brooklyn,9,4,1,,R 3 995
2 Bedroom Apartment,Pritoria,Olympus AH,2,1,2,,R 8 800
4 Bedroom House,Pritoria,Kameeldrift East,4,2,1,,R 17 900
0.5 Bedroom Apartment,Pritoria,Montana,0.5,1,1,,R 5 200
2 Bedroom Apartment,Pritoria,Hatfield,2,1,2,,R 7 950
2 Bedroom Apartment,Pritoria,Blyde Riverwalk Estate,2,2,,,R 9 995
4 Bedroom House,Pritoria,Waterkloof Ridge,4,4,4,131 m²,R 40 000
3 Bedroom Townhouse,Pritoria,Nieuw Muckleneuk,3,3,4,88 m²,R 24 700
3 Bedroom Townhouse,Pritoria,Waterkloof Glen,3,2.5,2,86 m²,R 12 900
3 Bedroom House,Pritoria,Leeuwfontein Estate,3,2.5,8,105 m²,R 28 500
2 Bedroom Apartment,Pritoria,Hatfield,2,2,1,131 m²,R 13 000
2 Bedroom Apartment,Pritoria,Olympus AH,2,2,1,,R 12 320
1 Bedroom Apartment,Pritoria,Brooklyn,1,1,1,,R 4 500
3 Bedroom Apartment,Pritoria,Hazeldean,3,2,2,,R 9 500
3 Bedroom Townhouse,Pritoria,Waterkloof Glen,3,2.5,2,,R 12 900
3 Bedroom Townhouse,Pritoria,Lynnwood,3,1,2,,R 13 500
2 Bedroom Apartment,Pritoria,Hatfield,2,1,1,,R 3 700
5 Bedroom House,Pritoria,Woodhill Golf Estate,5,7,10,,R 85 000
2 Bedroom Townhouse,Pritoria,Waverley,2,1,1,,R 7 800
3 Bedroom House,Pritoria,Silver Lakes Golf Estate,3,2.5,2,,R 46 000
2 Bedroom Apartment,Pritoria,Lotus Gardens,2,1,1,,R 7 200
1 Bedroom Apartment,Pritoria,Pretoria Central,1,1,1,,R 5 900
1 Bedroom Apartment,Pritoria,Daspoort,1,1,1,,R 3 600
5 Bedroom House,Pritoria,Waterkloof Ridge,5,3,9,,R 75 000
3 Bedroom House,Pritoria,Menlo Park,3,2,4,,R 22 000
2 Bedroom Apartment,Pritoria,Hatfield,2,1,2,,R 10 000
1 Bedroom House,Pritoria,Wonderboom South,1,1,,,R 6 700
1 Bedroom Apartment,Pritoria,Willow Park Manor,1,1,1,47 m²,R 10 000
2 Bedroom Apartment,Pritoria,Boardwalk Villas,2,1,1,123 m²,R 7 500
2 Bedroom Apartment,Pritoria,Hazeldean,2,2,1,30 m²,R 9 500
Apartment,Pritoria,Capital Park,2,1,1,103 m²,R 3 940
2 Bedroom House,Pritoria,Lynnwood,1,1,2,140 m²,R 10 500
1 Bedroom Apartment,Pritoria,Constantia Park,4,3,2,47 m²,R 6 600
4 Bedroom House,Pritoria,Waterlake Farm Lifestyle Estate,2,1,1,140 m²,R 35 000
2 Bedroom Apartment,Pritoria,Waterkloof Ridge,2,2,2,106 m²,R 11 000
2 Bedroom Apartment,Pritoria,Sinoville,0.5,1,1,200 m²,R 10 200
0.5 Bedroom Apartment,Pritoria,Mayville,2,1,2,,R 3 500
2 Bedroom Apartment,Pritoria,Pretoria North,2,1,7,,R 6 400
2 Bedroom Apartment,Pritoria,Pretoria North,3,2,2,,R 7 150
3 Bedroom Apartment,Pritoria,Willow Park Manor,5,4.5,1,,R 28 000
5 Bedroom House,Pritoria,Waterkloof Ridge,3,2.5,2,,R 45 000
3 Bedroom Townhouse,Pritoria,Olympus AH,1,1,2,,R 19 000
1 Bedroom Apartment,Pritoria,Willow Park Manor,3,2.5,4,,R 10 000
3 Bedroom Townhouse,Pritoria,Olympus AH,2,2,1,,R 19 000
2 Bedroom Apartment,Pritoria,Willow Park Manor,4,2,4,,R 11 500
4 Bedroom House,Pritoria,Erasmuskloof,2,1,,,R 25 500
2 Bedroom Apartment,Pritoria,Lynnwood,2,2,,,R 10 000
2 Bedroom Townhouse,Pritoria,Boschkop AH,,,,,R 19 800
2 Bedroom Apartment,Pritoria,Blyde Riverwalk Estate,2,2,2,107 m²,R 16 500
3 Bedroom Townhouse,Pritoria,Country View Estate,3,2.5,3,174 m²,R 18 500
2 Bedroom Apartment,Pritoria,Olympus AH,2,1,1,56 m²,R 7 800
1 Bedroom Apartment,Pritoria,Rietondale,1,1,7,105 m²,R 6 360
1 Bedroom Apartment,Pritoria,Villieria,1,1,1,28 m²,R 4 450
2 Bedroom Apartment,Pritoria,Hazeldean,2,2,1,72 m²,R 8 800
1 Bedroom Apartment,Pritoria,Nieuw Muckleneuk,1,1,1,43 m²,R 7 000
3 Bedroom Townhouse,Pritoria,Brooklyn,3,2,2,105 m²,R 16 200
1 Bedroom Apartment,Pritoria,Menlyn,1,1,1,86 m²,R 17 000
2 Bedroom Apartment,Pritoria,Elarduspark,2,2,1,130 m²,R 8 850
2 Bedroom Apartment,Pritoria,Hatfield,2,1,1,70 m²,R 7 200
1 Bedroom Apartment,Pritoria,Hatfield,1,1,3,76 m²,R 5 800
2 Bedroom Apartment,Pritoria,Hazeldean,2,2,2,120 m²,R 8 800
2 Bedroom Apartment,Pritoria,Menlo Park,2,2,2,,R 18 000
3 Bedroom House,Pritoria,Silver Lakes Golf Estate,3,2,2,,R 44 500
3 Bedroom Townhouse,Pritoria,Waterkloof,3,2,3,,R 28 000
2 Bedroom Apartment,Pritoria,Waterkloof,2,1,1,,R 16 000
2 Bedroom Apartment,Pritoria,Waterkloof,2,2,3,,R 17 500
3 Bedroom Townhouse,Pritoria,Montana,3,2,,,R 10 400
1 Bedroom Apartment,Pritoria,Waverley,1,1,,,R 5 400
3 Bedroom Townhouse,Pritoria,Menlo Park,3,2,,,R 34 000
2 Bedroom Townhouse,Pritoria,Olympus AH,2,2,2,102 m²,R 14 250
1 Bedroom Apartment,Pritoria,Groenkloof,1,1,1,422 m²,R 8 000
4 Bedroom House,Pritoria,Waterkloof Ridge,4,3.5,3,64 m²,R 68 000
1 Bedroom Apartment,Pritoria,Constantia Park,1,1,1,64 m²,R 4 500
2 Bedroom Apartment,Pritoria,Olympus AH,2,1,1,76 m²,R 8 800
1 Bedroom Apartment,Pritoria,Silver Lakes,1,1,1,148 m²,R 13 500
1 Bedroom Apartment,Pritoria,Riviera,1,1,1,140 m²,R 5 775
1 Bedroom Apartment,Pritoria,Arcadia,1,1,1,140 m²,R 4 880
2 Bedroom Apartment,Pritoria,Pretoria West,2,1,1,139 m²,R 4 130
2 Bedroom Apartment,Pritoria,Hatfield,2,2,2,,R 16 990
2 Bedroom Apartment,Pritoria,Pretoriuspark,2,2,2,,R 9 500
2 Bedroom Apartment,Pritoria,Hatfield,2,1,2,,R 10 000
2 Bedroom Apartment,Pritoria,Sunnyside,2,1.5,3,,R 7 500
5 Bedroom House,Pritoria,Silver Lakes,5,4.5,3,,R 55 000
3 Bedroom Townhouse,Pritoria,Olympus AH,3,2,2,,R 17 500
3 Bedroom Townhouse,Pritoria,Olympus AH,3,2.5,2,,R 19 000
6 Bedroom House,Pritoria,Lynnwood Glen,6,2,2,,R 4 400
3 Bedroom Townhouse,Pritoria,Olympus AH,3,2.5,1,,R 19 000
3 Bedroom Townhouse,Pritoria,Olympus AH,3,2.5,,,R 19 000
6 Bedroom House,Pritoria,Lynnwood Glen,6,2,,,R 4 400
2 Bedroom Apartment,Pritoria,Montana,2,2,,,R 10 500
5 Bedroom House,Pritoria,Lukasrand,5,3,1,110 m²,R 4 800
3 Bedroom House,Pritoria,Wingate Park,3,3,2,62 m²,R 25 000
1 Bedroom House,Pritoria,Hatfield,1,1,2,74 m²,R 3 500
3 Bedroom Apartment,Pritoria,Blyde Riverwalk Estate,3,2,3,205 m²,R 15 500
2 Bedroom Apartment,Pritoria,Montana,2,2,1,205 m²,R 8 900
3 Bedroom House,Pritoria,Doornpoort,3,2,1,,R 15 000
2 Bedroom Apartment,Pritoria,Hatfield,2,1,1,,R 7 900
1 Bedroom Apartment,Pritoria,Hatfield,1,1,1,,R 6 800
1 Bedroom Apartment,Pritoria,Waterkloof Ridge,1,1,3,,R 19 990
2 Bedroom Townhouse,Pritoria,Erasmuskloof,2,2,1,,R 8 300
2.5 Bedroom Apartment,Pritoria,Arcadia,2.5,1.5,1,,R 8 400
3 Bedroom House,Pritoria,The Hills Game Reserve Estate,3,3,1,,R 30 500
2 Bedroom Apartment,Pritoria,Andeon AH,2,1,3,,R 6 500
1.5 Bedroom Apartment,Pritoria,Elarduspark,1.5,1,1,,R 6 900
3 Bedroom Townhouse,Pritoria,La Montagne,3,2,4,,R 12 800
3 Bedroom House,Pritoria,Silver Lakes Golf Estate,3,2,4,,R 30 000
3 Bedroom House,Pritoria,Andeon AH,3,2,,,R 7 910
3 Bedroom Townhouse,Pritoria,Boschkop AH,3,2,,,R 24 200
3 Bedroom Townhouse,Pritoria,Boschkop AH,3,2,,,R 24 200
7 Bedroom House,Pritoria,Brooklyn,7,3,,,R 4 350
2 Bedroom House,Pritoria,Kilner Park,2,1,,,R 6 500
2 Bedroom Apartment,Pritoria,Montana,2,2,1,88 m²,R 10 400
2 Bedroom Apartment,Pritoria,Pretoria North,2,1,1,57 m²,R 5 500
2 Bedroom Apartment,Pritoria,Hatfield,2,1,1,140 m²,R 8 500
2 Bedroom Townhouse,Pritoria,Moreleta Park,2,1,1,134 m²,R 10 500
2 Bedroom Apartment,Pritoria,Sinoville,2,2,1,,R 10 400
2 Bedroom Apartment,Pritoria,Montana,2,2,2,,R 10 400
3 Bedroom House,Pritoria,The Hills Game Reserve Estate,3,3,5,,R 55 000
5 Bedroom House,Pritoria,Boschkop AH,5,3,2,,R 26 000
2 Bedroom Townhouse,Pritoria,Waterlake Farm Lifestyle Estate,2,2,4,,R 20 000
4 Bedroom House,Pritoria,Waterkloof Ridge,4,3.5,2,,R 40 000
3 Bedroom Apartment,Pritoria,Nieuw Muckleneuk,3,2,2,,R 25 000
3 Bedroom House,Pritoria,Silver Lakes Golf Estate,3,2,1,,R 30 000
2 Bedroom Apartment,Pritoria,Sinoville,2,2,2,,R 10 400
3 Bedroom Townhouse,Pritoria,Olympus AH,3,2.5,3,,R 19 000
3 Bedroom Townhouse,Pritoria,Montana,3,2,2,,R 15 000
3 Bedroom House,Pritoria,Equestria,3,2,8,,R 22 000
4 Bedroom House,Pritoria,Silver Lakes Golf Estate,4,2,1,,R 35 000
0.5 Bedroom Apartment,Pritoria,Pretoria Central,0.5,1,1,,R 4 650
1 Bedroom Apartment,Pritoria,Grootfontein AH,1,1,1,,R 6 000
2 Bedroom Apartment,Pritoria,Pretoria North,2,1,,,R 6 490
1 Bedroom Apartment,Pritoria,Montana,1,1,,,R 6 000
3 Bedroom Townhouse,Pritoria,Moreleta Park,3,2.5,2,113 m²,R 14 000
3 Bedroom Townhouse,Pritoria,Ashlea Gardens,3,2.5,1,180 m²,R 23 000
3 Bedroom Apartment,Pritoria,Menlo Park,3,3,2,64 m²,R 25 000
2 Bedroom Townhouse,Pritoria,Annlin,2,2,2,170 m²,R 9 850
1 Bedroom Apartment,Pritoria,Mahube Valley,1,1,3,60 m²,R 2 500
3 Bedroom House,Pritoria,Equestria,3,3,2,,R 28 000
2 Bedroom Apartment,Pritoria,Montana,2,1,3,,R 10 600
4 Bedroom House,Pritoria,Montana,4,2,1,,R 25 000
3 Bedroom Apartment,Pritoria,Montana,3,2,2,,R 11 900
2 Bedroom Townhouse,Pritoria,Brooklyn,2,2.5,1,,R 18 500
1 Bedroom House,Pritoria,Elandspoort,1,1,6,,R 2 850
1 Bedroom House,Pritoria,Elandspoort,1,1,3,,R 2 750
2 Bedroom Apartment,Pritoria,Pretoria West,2,1,4,,R 5 000
5 Bedroom House,Pritoria,Zambezi Country Estate,5,3.5,2,,R 30 000
3 Bedroom House,Pritoria,Equestria,3,3,1,,R 28 000
2 Bedroom Apartment,Pritoria,Sunnyside,2,1,4,,R 7 750
3 Bedroom House,Pritoria,Rietondale,3,3,1,,R 27 000
5 Bedroom House,Pritoria,Nellmapius,5,2,,,R 11 000
2 Bedroom Apartment,Pritoria,Pretoria North,2,1,,,R 6 750
3 Bedroom Townhouse,Pritoria,Menlo Park,3,3.5,,,R 25 000
2 Bedroom Apartment,Pritoria,Annlin,2,2,,,R 8 400
2 Bedroom Apartment,Pritoria,Annlin,2,2,1,60 m²,R 8 400
3 Bedroom Apartment,Pritoria,Willow Park Manor,3,2,2,169 m²,R 16 500
1 Bedroom Apartment,Pritoria,Annlin-Wes,1,1,1,1 m²,R 6 150
3 Bedroom Townhouse,Pritoria,Menlo Park,3,3,2,32 m²,R 25 000
3 Bedroom House,Pritoria,Pretoria West,3,3,2,97 m²,R 11 500
3 Bedroom Townhouse,Pritoria,Brooklyn,3,2,4,1 m²,R 35 000
1 Bedroom Apartment,Pritoria,Hatfield,1,1,1,160 m²,R 6 900
1 Bedroom Apartment,Pritoria,Hatfield,1,1,1,54 m²,R 7 850
2 Bedroom Apartment,Pritoria,Queenswood,2,2,2,62 m²,R 10 500
5 Bedroom House,Pritoria,Waterkloof,5,3,4,169 m²,R 48 000
3 Bedroom House,Pritoria,Nieuw Muckleneuk,3,3,2,,R 24 700
2 Bedroom Apartment,Pritoria,Sinoville,2,2,2,,R 10 500
2 Bedroom Apartment,Pritoria,Mooikloof,2,2,1,,R 9 000
2 Bedroom Townhouse,Pritoria,Olympus AH,2,2,1,,R 19 400
2 Bedroom Apartment,Pritoria,Die Wilgers,2,1,1,,R 8 950
2 Bedroom Apartment,Pritoria,Sinoville,2,1,2,,R 10 600
6 Bedroom House,Pritoria,Hatfield,6,3,4,,R 4 000
1 Bedroom Apartment,Pritoria,Waterkloof Ridge,1,1,,,R 18 990
3 Bedroom Townhouse,Pritoria,Menlo Park,3,3,,,R 25 000
5 Bedroom House,Pritoria,Six Fountains Residential Estate,5,4.5,,,R 50 000
1 Bedroom Apartment,Pritoria,Hatfield,1,1,,,R 4 000
1 Bedroom Apartment,Pritoria,Sunnyside,1,1,2,105 m²,R 4 100
3 Bedroom Townhouse,Pritoria,Oukraal Estate,3,2,1,38 m²,R 11 500
2 Bedroom Apartment,Pritoria,Pretoria North,2,1,6,88 m²,R 6 800
4 Bedroom House,Pritoria,Silver Lakes Golf Estate,4,3.5,1,85 m²,R 48 000
2 Bedroom House,Pritoria,Montana Tuine,2,2,1,85 m²,R 16 200
1 Bedroom Apartment,Pritoria,Blyde Riverwalk Estate,1,1,4,95 m²,R 15 000
4 Bedroom House,Pritoria,Silver Lakes Golf Estate,4,2.5,1,,R 48 000
1 Bedroom House,Pritoria,Brooklyn,1,1,1,,R 7 500
0.5 Bedroom Apartment,Pritoria,Montana,0.5,1,1,,R 5 000
2 Bedroom Apartment,Pritoria,Sinoville,2,2,1,,R 10 400
2 Bedroom Apartment,Pritoria,Hatfield,2,1,4,,R 4 000
1 Bedroom Apartment,Pritoria,Sunnyside,1,1,2,,R 4 100
3 Bedroom House,Pritoria,Waterkloof,3,2.5,2,,R 22 500
6 Bedroom Apartment,Pritoria,Sunnyside,6,1,2,,R 2 600
2 Bedroom Apartment,Pritoria,Waterkloof Ridge,2,1,2,,R 18 990
2 Bedroom Apartment,Pritoria,Olympus AH,2,2,6,,R 12 320
2 Bedroom Apartment,Pritoria,Olympus AH,2,2,1,,R 12 320
4 Bedroom House,Pritoria,Waterkloof Ridge,4,3,2,,R 35 000
1 Bedroom Apartment,Pritoria,Blyde Riverwalk Estate,1,1,,,R 7 444
2 Bedroom Apartment,Pritoria,Lynnwood Ridge,2,1,,,R 10 500
1 Bedroom Apartment,Pritoria,Wapadrand,1,1,,,R 5 800
0.5 Bedroom Apartment,Pritoria,Arcadia,0.5,1,1,100 m²,R 4 030
5 Bedroom House,Pritoria,Savannah Country Estate,5,5,3,60 m²,R 25 000
2 Bedroom Apartment,Pritoria,Baileys Muckleneuk,2,2,1,60 m²,R 26 250
2 Bedroom Apartment,Pritoria,Hillcrest,2,2,1,65 m²,R 11 600
2 Bedroom Apartment,Pritoria,Sinoville,2,2,1,55 m²,R 10 600
2 Bedroom Apartment,Pritoria,Sinoville,2,2,1,97 m²,R 10 200
1 Bedroom Apartment,Pritoria,Arcadia,1,1,1,,R 6 000
House,Pritoria,Atteridgeville,3,2,2,,R 7 100
3 Bedroom House,Pritoria,Villieria,0.5,1,1,,R 11 000
0.5 Bedroom Apartment,Pritoria,Les Marais,1,1,1,,R 3 940
1 Bedroom Apartment,Pritoria,Menlo Park,2,1,3,,R 10 500
2 Bedroom Apartment,Pritoria,Hatfield,5,3,1,,R 11 000
5 Bedroom House,Pritoria,Mamelodi,6,1,2,,R 11 000
6 Bedroom Apartment,Pritoria,Sunnyside,3,2.5,1,,R 2 500
3 Bedroom Townhouse,Pritoria,Ashlea Gardens,2,1,2,,R 23 000
2 Bedroom Apartment,Pritoria,Queenswood,2,2,1,,R 7 800
2 Bedroom Apartment,Pritoria,Queenswood,2,2,1,,R 10 500
2 Bedroom Apartment,Pritoria,Sinoville,2,1,2,,R 10 600
2 Bedroom Apartment,Pritoria,Queenswood,2,2,2,,R 7 800
2 Bedroom Apartment,Pritoria,Waterkloof,2,1,,,R 20 000
2 Bedroom Townhouse,Pritoria,Equestria,,,,,R 12 000
2 Bedroom Apartment,Pritoria,Brooklyn,2,2,1,61 m²,R 11 900
3 Bedroom Apartment,Pritoria,Annlin,3,2,1,91 m²,R 11 206
1 Bedroom Apartment,Pritoria,Monument Park,1,1,1,91 m²,R 11 300
2 Bedroom Apartment,Pritoria,Wapadrand,2,1,2,166 m²,R 8 500
3 Bedroom Apartment,Pritoria,Sunnyside,3,1,2,58 m²,R 8 000
4 Bedroom Townhouse,Pritoria,Tijger Vallei,4,2,2,97 m²,R 12 800
1 Bedroom Apartment,Pritoria,Waterkloof Ridge,1,1,1,50 m²,R 18 990
2 Bedroom Townhouse,Pritoria,Moreleta Park,2,2,2,114 m²,R 8 500
1 Bedroom House,Pritoria,Montana Tuine,1,1,1,,R 13 632
3 Bedroom House,Pritoria,Dorandia,3,2,4,,R 13 000
1 Bedroom Apartment,Pritoria,Montana,1,1,1,,R 6 050
2 Bedroom House,Pritoria,Silver Lakes Golf Estate,2,1,2,,R 17 500
1 Bedroom House,Pritoria,Mooiplaats AH,1,1,3,,R 5 300
4 Bedroom House,Pritoria,Silver Lakes Golf Estate,4,2.5,8,,R 35 000
5 Bedroom House,Pritoria,Woodhill Golf Estate,5,4,6,,R 75 000
6 Bedroom House,Pritoria,Waterkloof,6,6,1,,R 70 000
3 Bedroom Apartment,Pritoria,Annlin,3,2,1,,R 11 206
2 Bedroom House,Pritoria,Muckleneuk,2,2,2,,R 14 000
2 Bedroom Apartment,Pritoria,Lynnwood Manor,2,1,2,,R 10 500
3 Bedroom Apartment,Pritoria,Faerie Glen,3,2,3,,R 15 000
2 Bedroom Townhouse,Pritoria,Equestria,2,2,,,R 11 000
3 Bedroom House,Pritoria,Rietvalleirand,3,2,3,140 m²,R 20 000
0.5 Bedroom Apartment,Pritoria,Lotus Gardens,0.5,1,1,216 m²,R 3 600
2 Bedroom Townhouse,Pritoria,Hatfield,2,2.5,1,122 m²,R 14 000
3 Bedroom Townhouse,Pritoria,Brooklyn,3,3.5,3,125 m²,R 52 000
6 Bedroom House,Pritoria,Waterkloof Heights,6,6,4,80 m²,R 50 000
1 Bedroom Apartment,Pritoria,Wonderboom South,1,1,1,80 m²,R 4 800
3 Bedroom Apartment,Pritoria,Brooklyn,3,3,2,65 m²,R 20 800
2 Bedroom Townhouse,Pritoria,Silver Lakes,2,2,2,160 m²,R 10 800
1 Bedroom Apartment,Pritoria,Hillcrest,1,2,1,,R 5 800
1 Bedroom Apartment,Pritoria,Waterkloof Ridge,1,1,2,,R 18 990
1 Bedroom Apartment,Pritoria,Waterkloof Ridge,1,1,1,,R 18 990
1 Bedroom Apartment,Pritoria,Hatfield,1,1,2,,R 6 025
3 Bedroom House,Pritoria,Wolmer,3,2,1,,R 10 500
1 Bedroom Apartment,Pritoria,Menlo Park,1,1,1,,R 8 500
2 Bedroom Apartment,Pritoria,Hatfield,2,2,4,,R 7 000
1 Bedroom Apartment,Pritoria,Pretoria North,1,1,2,,R 4 500
1 Bedroom Apartment,Pritoria,Menlo Park,1,1,2,,R 7 550
3 Bedroom Townhouse,Pritoria,Hazelwood,3,2,,,R 25 900
1 Bedroom Apartment,Pritoria,Hatfield,1,1,,,R 4 000
5 Bedroom House,Pritoria,Wapadrand,5,5,,,R 28 400
2 Bedroom Townhouse,Pritoria,Boardwalk Meander,2,2,,,R 29 000
0.5 Bedroom House,Pritoria,Waverley,0.5,1,1,58 m²,R 5 000
1 Bedroom Apartment,Pritoria,Blyde Riverwalk Estate,1,1,1,56 m²,R 9 990
2 Bedroom Apartment,Pritoria,Pretoria North,2,1,1,64 m²,R 6 000
4 Bedroom Townhouse,Pritoria,Pretoria West,4,3,2,85 m²,R 11 000
2 Bedroom Apartment,Pritoria,Olympus AH,2,1,1,105 m²,R 8 800
1 Bedroom Apartment,Pritoria,Waterkloof,1,1,1,30 m²,R 18 990
6 Bedroom House,Pritoria,Brooklyn,6,3,3,,R 32 000
3 Bedroom House,Pritoria,Lombardy Estate,3,3.5,2,,R 40 000
6 Bedroom Apartment,Pritoria,Arcadia,6,2,1,,R 2 000
4 Bedroom House,Pritoria,Silver Lakes Golf Estate,4,3.5,2,,R 48 000
2 Bedroom Apartment,Pritoria,Menlo Park,2,2.5,2,,R 14 000
4 Bedroom House,Pritoria,Lynnwood Glen,4,2,6,,R 24 000
5 Bedroom House,Pritoria,Silver Lakes Golf Estate,5,5.5,6,,R 130 000
3 Bedroom House,Pritoria,Lombardy Estate,3,3.5,2,,R 40 000
3 Bedroom Townhouse,Pritoria,Woodhill Golf Estate,3,2,2,,R 24 000
2 Bedroom Apartment,Pritoria,Equestria,2,2,2,,R 9 100
1.5 Bedroom Apartment,Pritoria,Arcadia,1.5,2,1,,R 6 000
1 Bedroom Apartment,Pritoria,Capital Park,1,1,2,,R 3 940
3 Bedroom Apartment,Pritoria,Wapadrand,3,2,2,,R 12 500
1.5 Bedroom Apartment,Pritoria,Sunnyside,1.5,1,,,R 6 050
2 Bedroom House,Pritoria,Waterkloof Ridge,2,1,,,R 12 000
2 Bedroom Townhouse,Pritoria,Montana,2,2.5,2,79 m²,R 10 500
4 Bedroom House,Pritoria,Silver Lakes Golf Estate,4,3,3,64 m²,R 45 000
2 Bedroom Apartment,Pritoria,Brooklyn,2,2,2,68 m²,R 12 000
3 Bedroom Apartment,Pritoria,Waterkloof,3,2.5,2,100 m²,R 20 800
2 Bedroom Apartment,Pritoria,Hatfield,2,1,2,80 m²,R 8 500
2 Bedroom Apartment,Pritoria,Montana,2,2,2,56 m²,R 8 400
3 Bedroom Townhouse,Pritoria,Erasmus Park,3,3,1,64 m²,R 17 950
2 Bedroom Apartment,Pritoria,Arcadia,2,1,10,,R 7 200
2 Bedroom Apartment,Pritoria,Mooikloof Manor,2,2,1,,R 9 800
10 Bedroom House,Pritoria,Pretoria North,10,4,2,,R 3 500
1 Bedroom Apartment,Pritoria,Silver Lakes,1,1,2,,R 8 500
3 Bedroom Apartment,Pritoria,Willow Park Manor,3,2,4,,R 16 995
4 Bedroom House,Pritoria,Pretoria Gardens,4,2,3,,R 10 500
6 Bedroom House,Pritoria,Waterkloof Ridge,6,6.5,6,,R 65 000
4 Bedroom House,Pritoria,Rietfontein,4,3,1,,R 15 990
3 Bedroom House,Pritoria,Willow Acres,3,2.5,1,,R 25 000
2 Bedroom Apartment,Pritoria,Olympus AH,2,1,1,,R 8 500
2 Bedroom Apartment,Pritoria,Olympus AH,2,1,6,,R 7 800
2 Bedroom Apartment,Pritoria,Mooikloof Manor,2,2,,,R 9 800
1 Bedroom Apartment,Pritoria,Pretoria North,1,1,,,R 5 100
4 Bedroom Townhouse,Pritoria,Zambezi Manor Lifestyle Estate,4,3,,,R 40 000
2 Bedroom Townhouse,Pritoria,Waverley,2,2,3,50 m²,R 11 300
1 Bedroom Apartment,Pritoria,Blyde Riverwalk Estate,1,1,1,40 m²,R 8 200
5 Bedroom House,Pritoria,Woodhill Golf Estate,5,4,8,121 m²,R 75 000
2 Bedroom Apartment,Pritoria,Hatfield,2,2,2,9 m²,R 18 000
1 Bedroom Apartment,Pritoria,Blyde Riverwalk Estate,1,1,1,58 m²,R 10 000
2 Bedroom Apartment,Pritoria,Paramount Estate,2,2,1,43 m²,R 9 500
Apartment,Pritoria,Arcadia,1.5,1,1,148 m²,R 3 003
1.5 Bedroom Apartment,Pritoria,Muckleneuk,2,1,2,148 m²,R 5 500
Apartment,Pritoria,Silver Lakes,1,1,1,140 m²,R 10 000
2 Bedroom Apartment,Pritoria,Equestria,1,1,1,140 m²,R 8 600
1 Bedroom Apartment,Pritoria,Doornpoort,3,1,3,140 m²,R 8 500
1 Bedroom House,Pritoria,Sinoville,2,2,2,140 m²,R 5 500
3 Bedroom House,Pritoria,Nellmapius,3,1,3,140 m²,R 8 500
2 Bedroom Apartment,Pritoria,Equestria,3,2,3,,R 8 600
3 Bedroom Townhouse,Pritoria,Olympus AH,3,2,2,,R 17 500
3 Bedroom Townhouse,Pritoria,Olympus AH,3,2.5,2,,R 17 500
3 Bedroom Townhouse,Pritoria,Olympus AH,3,2.5,2,,R 19 000
3 Bedroom Townhouse,Pritoria,Olympus AH,3,2.5,2,,R 19 000
3 Bedroom Townhouse,Pritoria,Olympus AH,3,2.5,2,,R 19 000
3 Bedroom Townhouse,Pritoria,Olympus AH,,2.5,,,R 19 000
3 Bedroom Townhouse,Pritoria,Olympus AH,,,,,R 19 000
3 Bedroom Townhouse,Pritoria,Olympus AH,3,2.5,2,140 m²,R 19 000
3 Bedroom Townhouse,Pritoria,Olympus AH,3,2.5,2,140 m²,R 19 000
3 Bedroom Townhouse,Pritoria,Olympus AH,3,2.5,2,139 m²,R 19 000
4 Bedroom House,Pritoria,Rietfontein,4,3,4,42 m²,R 25 000
1 Bedroom Apartment,Pritoria,Arcadia,1,1,1,85 m²,R 5 090
1 Bedroom Apartment,Pritoria,Menlyn,1,1,1,64 m²,R 13 400
4 Bedroom House,Pritoria,Waterkloof Ridge,4,4,8,139 m²,R 40 000
2 Bedroom Apartment,Pritoria,Montana Tuine,2,1,2,115 m²,R 7 400
2 Bedroom Apartment,Pritoria,Olympus AH,2,1,2,50 m²,R 10 175
3 Bedroom Townhouse,Pritoria,Silverton,3,2.5,4,,R 23 500
4 Bedroom House,Pritoria,Silver Lakes Golf Estate,4,2.5,3,,R 48 000
2 Bedroom Apartment,Pritoria,Mooikloof Manor,2,2,1,,R 9 800
3 Bedroom Townhouse,Pritoria,Olympus AH,3,2.5,2,,R 19 000
2 Bedroom Townhouse,Pritoria,Montana,2,2.5,2,,R 10 170
2 Bedroom Apartment,Pritoria,Mooikloof,2,2,2,,R 11 900
1 Bedroom House,Pritoria,Brooklyn,1,1,1,,R 6 500
0.5 Bedroom Apartment,Pritoria,Sunnyside,0.5,1,2,,R 3 700
3 Bedroom Apartment,Pritoria,Blyde Riverwalk Estate,3,2,1,,R 20 888
1 Bedroom Apartment,Pritoria,Annlin-Wes,1,1,3,,R 6 150
3 Bedroom House,Pritoria,Waterkloof Ridge,3,2,1,,R 40 000
1 Bedroom Apartment,Pritoria,Waterkloof,1,1,,,R 9 990
3 Bedroom Townhouse,Pritoria,Sinoville,3,2.5,2,70 m²,R 20 000
2 Bedroom Apartment,Pritoria,Hatfield,2,2,2,72 m²,R 11 250
2 Bedroom Townhouse,Pritoria,Silver Lakes Golf Estate,2,1,1,50 m²,R 16 500
1 Bedroom Apartment,Pritoria,Hillcrest,1,1,1,60 m²,R 4 550
2 Bedroom Apartment,Pritoria,Magalieskruin,2,2,1,54 m²,R 7 680
4 Bedroom House,Pritoria,Florauna,4,2,4,46 m²,R 19 500
3 Bedroom House,Pritoria,Waterkloof Ridge,3,2.5,4,60 m²,R 30 000
4 Bedroom House,Pritoria,Silver Lakes Golf Estate,4,3,2,,R 48 000
3 Bedroom House,Pritoria,Kirkney,3,1,1,,R 6 850
4 Bedroom House,Pritoria,Moreleta Park,4,3,10,,R 25 000
1 Bedroom Apartment,Pritoria,Montana,1,1,1,,R 5 500
1 Bedroom Apartment,Pritoria,Blyde Riverwalk Estate,1,1,1,,R 8 900
3 Bedroom House,Pritoria,Pretoria North,3,2,2,,R 13 500
2 Bedroom Apartment,Pritoria,Muckleneuk,2,1,1,,R 10 000
1 Bedroom Apartment,Pritoria,The Hills Game Reserve Estate,1,1,1,,R 8 500
5 Bedroom Apartment,Pritoria,Sunnyside,5,2,2,,R 2 800
2 Bedroom House,Pritoria,Faerie Glen,2,2,4,,R 22 000
3 Bedroom Townhouse,Pritoria,Equestria,3,2,1,,R 14 500
0.5 Bedroom Apartment,Pritoria,Arcadia,0.5,1,1,,R 4 450
1 Bedroom Apartment,Pritoria,Blyde Riverwalk Estate,1,1,,,R 8 500
1 Bedroom Apartment,Pritoria,Blyde Riverwalk Estate,1,1,,,R 8 900
2 Bedroom Apartment,Pritoria,Gezina,2,1,2,67 m²,R 5 500
1 Bedroom Apartment,Pritoria,Florauna,1,1,1,36 m²,R 5 600
4 Bedroom House,Pritoria,Waterkloof Ridge,4,3.5,5,91 m²,R 65 000
1 Bedroom Apartment,Pritoria,Blyde Riverwalk Estate,1,1,1,45 m²,R 8 000
1 Bedroom Apartment,Pritoria,Hillcrest,1,1,1,92 m²,R 7 900
1 Bedroom Apartment,Pritoria,Hillcrest,1,1,1,84 m²,R 7 900
2 Bedroom Apartment,Pritoria,Lynnwood,2,2,2,,R 16 000
2 Bedroom Apartment,Pritoria,Lynnwood,2,1,2,,R 9 400
2 Bedroom Townhouse,Pritoria,Kilner Park,2,1,2,,R 8 500
2 Bedroom Apartment,Pritoria,Florauna,2,1,1,,R 7 250
2 Bedroom Apartment,Pritoria,Olympus AH,2,1,2,,R 10 175
3 Bedroom House,Pritoria,Waterkloof,3,2,4,,R 22 000
1 Bedroom Apartment,Pritoria,Blyde Riverwalk Estate,1,1,4,,R 8 300
5 Bedroom House,Pritoria,Pretoria North,5,3,5,,R 16 000
6 Bedroom House,Pritoria,Waterkloof Ridge,6,5.5,1,,R 65 000
2 Bedroom Apartment,Pritoria,Menlo Park,2,2,1,,R 21 500
2 Bedroom Apartment,Pritoria,Wolmer,2,1,2,,R 7 200
2 Bedroom Apartment,Pritoria,Equestria,2,2,4,,R 10 300
3 Bedroom House,Pritoria,Olympus AH,3,2,1,,R 22 400
2 Bedroom Apartment,Pritoria,Olympus AH,2,1,11,,R 11 200
4 Bedroom House,Pritoria,Waterkloof,4,3.5,,,R 70 000
2 Bedroom Apartment,Pritoria,Montana,2,1,2,64 m²,R 7 680
3 Bedroom House,Pritoria,Vissershoek AH,3,1,2,61 m²,R 6 500
2 Bedroom House,Pritoria,Lotus Gardens,2,1,2,55 m²,R 6 500
2 Bedroom House,Pritoria,Magalieskruin,2,1,2,60 m²,R 9 200
3 Bedroom Townhouse,Pritoria,Silverton,3,2,4,60 m²,R 23 000
1 Bedroom Apartment,Pritoria,Blyde Riverwalk Estate,1,1,1,60 m²,R 9 800
1 Bedroom Apartment,Pritoria,Menlyn,1,1,1,60 m²,R 25 300
2 Bedroom Apartment,Pritoria,Sinoville,2,2,1,60 m²,R 10 500
2 Bedroom Apartment,Pritoria,Sinoville,2,2,1,85 m²,R 10 200
5 Bedroom Townhouse,Pritoria,Arcadia,5,2,1,105 m²,R 15 000
2 Bedroom House,Pritoria,Philip Nel Park,2,1,1,70 m²,R 7 500
2 Bedroom Townhouse,Pritoria,Faerie Glen,2,2,2,,R 12 850
2 Bedroom Apartment,Pritoria,Sinoville,2,2,1,,R 10 400
2 Bedroom Apartment,Pritoria,Sinoville,2,2,1,,R 10 400
2 Bedroom Apartment,Pritoria,Sinoville,2,2,1,,R 10 400
3 Bedroom Apartment,Pritoria,Mooikloof,3,2,2,,R 12 500
2 Bedroom Townhouse,Pritoria,Annlin,2,2,2,,R 9 200
2 Bedroom Apartment,Pritoria,Lynnwood,2,2,2,,R 25 000
2 Bedroom Apartment,Pritoria,Silver Lakes,2,2,1,,R 8 800
0.5 Bedroom Apartment,Pritoria,Sunnyside,0.5,1,1,,R 3 200
2 Bedroom Apartment,Pritoria,Hatfield,2,2,,,R 10 990
3 Bedroom Apartment,Pritoria,Blyde Riverwalk Estate,3,2,1,89 m²,R 26 000
3 Bedroom House,Pritoria,Dorandia,3,2,4,68 m²,R 15 000
1 Bedroom Apartment,Pritoria,Hatfield,1,1,1,150 m²,R 6 950
2 Bedroom Apartment,Pritoria,Hatfield,2,1,1,,R 5 500
3 Bedroom Townhouse,Pritoria,Zambezi Manor Lifestyle Estate,3,3,2,,R 16 500
2 Bedroom Apartment,Pritoria,Brooklyn,2,2,1,,R 16 500
Apartment,Pritoria,Menlo Park,2,2,4,,R 11 000
2 Bedroom Apartment,Pritoria,Magalieskruin,4,3,2,,R 8 000
4 Bedroom House,Pritoria,Waterkloof,1,1,2,,R 40 000
1 Bedroom House,Pritoria,Silver Lakes Golf Estate,2,1,2,,R 12 000
2 Bedroom Apartment,Pritoria,Annlin,1,1,2,,R 7 400
1 Bedroom Apartment,Pritoria,Arcadia,2,1,4,,R 13 000
2 Bedroom Apartment,Pritoria,Garsfontein,3,2.5,4,,R 8 550
3 Bedroom Townhouse,Pritoria,Menlo Park,4,3,2,,R 34 000
4 Bedroom House,Pritoria,Waterkloof,2,2,8,,R 40 000
2 Bedroom Apartment,Pritoria,Groenkloof,1,1,2,,R 8 900
1 Bedroom House,Pritoria,Mountain View,4,2.5,1,,R 6 100
4 Bedroom House,Pritoria,Silver Lakes Golf Estate,2,1,1,,R 35 000
2 Bedroom Townhouse,Pritoria,Arcadia,1,1,,,R 8 500
1 Bedroom Apartment,Pritoria,Montana,1,1,,,R 5 400
1 Bedroom Apartment,Pritoria,Pretoria North,,,,,R 5 100
4 Bedroom Townhouse,Pritoria,Magalieskruin,4,2,5,29 m²,R 22 000
0.5 Bedroom Apartment,Pritoria,Philip Nel Park,0.5,1,1,85 m²,R 4 800
3 Bedroom House,Pritoria,Queenswood,3,2,4,65 m²,R 20 350
2 Bedroom Apartment,Pritoria,Olympus AH,2,2,1,12 m²,R 12 320
2 Bedroom House,Pritoria,Silver Lakes Golf Estate,2,2,1,40 m²,R 18 000
2 Bedroom Apartment,Pritoria,Mooikloof Glen,2,2,2,92 m²,R 9 800
1 Bedroom Apartment,Pritoria,Gezina,1,1,2,88 m²,R 3 500
3 Bedroom House,Pritoria,Waterkloof,3,2.5,1,38 m²,R 38 000
0.5 Bedroom Apartment,Pritoria,Pretoria Central,0.5,1,3,129 m²,R 4 620
4 Bedroom Townhouse,Pritoria,Brooklyn,4,2,12,,R 25 000
4 Bedroom House,Pritoria,Sinoville,4,2,2,,R 24 500
3 Bedroom Townhouse,Pritoria,Lynnwood Glen,3,2.5,1,,R 20 000
1 Bedroom Apartment,Pritoria,Lynnwood,1,1,2,,R 14 200
2 Bedroom Apartment,Pritoria,Menlyn,2,2.5,2,,R 21 899
2 Bedroom Apartment,Pritoria,Waterkloof Glen,2,2,1,,R 46 000
0.5 Bedroom Apartment,Pritoria,Hazeldean,0.5,1,3,,R 5 390
5 Bedroom House,Pritoria,Waterkloof Ridge,5,4,2,,R 45 000
3 Bedroom Townhouse,Pritoria,Moreleta Park,3,2,3,,R 14 000
5 Bedroom House,Pritoria,Waterkloof Ridge,5,4,1,,R 45 000
1 Bedroom Apartment,Pritoria,Waterkloof,1,1,4,,R 8 990
4 Bedroom House,Pritoria,Nieuw Muckleneuk,4,2.5,,,R 26 000
4 Bedroom Townhouse,Pritoria,Equestria,4,3.5,4,236 m²,R 23 998
2 Bedroom Apartment,Pritoria,Mooikloof Glen,2,2,2,105 m²,R 9 500
4 Bedroom House,Pritoria,Magalieskruin,4,2,2,69 m²,R 17 500
3 Bedroom House,Pritoria,Silverton,3,1,2,57 m²,R 10 500
2 Bedroom Apartment,Pritoria,Hatfield,2,1,1,,R 6 615
2 Bedroom Apartment,Pritoria,Montana,2,2,2,,R 8 250
3 Bedroom Apartment,Pritoria,Blyde Riverwalk Estate,3,2,2,,R 16 500
4 Bedroom House,Pritoria,Magalieskruin,4,2,2,,R 17 500
1 Bedroom Apartment,Pritoria,Pretoria West,1,1,1,,R 4 500
2 Bedroom Apartment,Pritoria,Equestria,2,2,2,,R 10 500
4 Bedroom House,Pritoria,Danville,4,1,3,,R 18 000
0.5 Bedroom Apartment,Pritoria,Capital Park,0.5,1,1,,R 3 940
2 Bedroom Apartment,Pritoria,Willow Park,2,2,2,,R 9 000
1.5 Bedroom Apartment,Pritoria,Sunnyside,1.5,1,1,,R 5 000
2 Bedroom Townhouse,Pritoria,Montana,2,1,1,,R 8 500
1.5 Bedroom Apartment,Pritoria,Arcadia,1.5,1,2,,R 6 500
2 Bedroom Apartment,Pritoria,Mooikloof,2,2,3,,R 10 000
Townhouse,Pritoria,Olympus AH,3,2,2,,R 19 800
3 Bedroom Townhouse,Pritoria,Brooklyn,4,3,,,R 20 500
4 Bedroom House,Pritoria,Silver Lakes Golf Estate,2,2,,,R 39 000
2 Bedroom Apartment,Pritoria,Hatfield,,,,,R 7 000
2 Bedroom Apartment,Pritoria,Hatfield,2,1,1,64 m²,R 7 500
2 Bedroom Apartment,Pritoria,Brooklyn,2,2,1,64 m²,R 14 000
2 Bedroom Apartment,Pritoria,Brooklyn,2,2,1,64 m²,R 14 000
2 Bedroom Apartment,Pritoria,Brooklyn,2,2,1,32 m²,R 14 000
3 Bedroom House,Pritoria,Eastwood,3,2.5,6,58 m²,R 25 000
1 Bedroom Apartment,Pritoria,Hatfield,1,1,8,60 m²,R 3 950
4 Bedroom House,Pritoria,Silver Lakes Golf Estate,4,3.5,1,,R 75 000
1 Bedroom Apartment,Pritoria,Equestria,1,1,1,,R 9 000
1 Bedroom House,Pritoria,Parktown Estate,1,1,5,,R 6 000
4 Bedroom House,Pritoria,Waterkloof,4,4,8,,R 48 000
5 Bedroom House,Pritoria,Waterkloof Ridge,5,5,4,,R 99 000
3 Bedroom House,Pritoria,Doornpoort,3,3,1,,R 16 000
1 Bedroom Apartment,Pritoria,Waterkloof Ridge,1,1,6,,R 9 990
Apartment,Pritoria,Moregloed,0.5,1,1,,R 10 700
0.5 Bedroom Apartment,Pritoria,Sunnyside,4,3.5,4,,R 3 900
4 Bedroom House,Pritoria,Pretoria North,1,1,1,,R 25 000
1 Bedroom Apartment,Pritoria,Blyde Riverwalk Estate,3,1,2,,R 11 000
3 Bedroom House,Pritoria,Gezina,1,1,1,,R 13 800
1 Bedroom Apartment,Pritoria,Waterkloof,3,2,,,R 10 990
3 Bedroom House,Pritoria,Derdepoort,2,2,,,R 24 500
2 Bedroom Apartment,Pritoria,Montana,,,,,R 8 900
2 Bedroom Apartment,Pritoria,Brooklyn,2,2,2,800 m²,R 13 950
3 Bedroom Townhouse,Pritoria,Equestria,3,2,3,77 m²,R 16 800
3 Bedroom House,Pritoria,Alphen Park,3,3,6,90 m²,R 50 000
1 Bedroom Apartment,Pritoria,Wonderboom,1,1,1,65 m²,R 5 500
3 Bedroom House,Pritoria,Queenswood,3,2,3,74 m²,R 17 080
2 Bedroom Townhouse,Pritoria,Menlo Park,2,2.5,2,59 m²,R 26 000
1 Bedroom Apartment,Pritoria,Nieuw Muckleneuk,1,1,2,58 m²,R 17 000
2 Bedroom Apartment,Pritoria,Willow Park Manor,2,2,2,117 m²,R 10 200
2 Bedroom Apartment,Pritoria,Mountain View,2,1,1,56 m²,R 7 500
4 Bedroom House,Pritoria,Waterkloof Ridge,4,3,3,44 m²,R 130 000
3 Bedroom House,Pritoria,Queenswood,3,2,3,79 m²,R 17 080
1 Bedroom House,Pritoria,Brooklyn,1,1,1,,R 5 500
1 Bedroom Apartment,Pritoria,Blyde Riverwalk Estate,1,1,1,,R 8 500
2 Bedroom Apartment,Pritoria,Willow Park Manor,2,1,2,,R 9 500
3 Bedroom Apartment,Pritoria,Waterkloof,3,2.5,2,,R 20 800
1 Bedroom Apartment,Pritoria,Menlyn,1,1,2,,R 24 000
1 Bedroom Apartment,Pritoria,Hatfield,1,1,1,,R 8 000
2 Bedroom Apartment,Pritoria,Brooklyn,2,2,2,,R 13 800
2 Bedroom Apartment,Pritoria,Waterkloof,2,1,1,,R 23 990
1 Bedroom Apartment,Pritoria,Hatfield,1,1,1,,R 5 940
2 Bedroom Townhouse,Pritoria,Faerie Glen,2,1,2,,R 9 000
Townhouse,Pritoria,Montana,4,2,10,45 m²,R 14 000
4 Bedroom Apartment,Pritoria,Die Wilgers,4,2,5,76 m²,R 4 300
4 Bedroom House,Pritoria,Pretoria North,4,4,8,64 m²,R 14 300
4 Bedroom House,Pritoria,Woodhill Golf Estate,2,2,1,65 m²,R 50 000
2 Bedroom Townhouse,Pritoria,Willow Park Manor,3,2,4,42 m²,R 11 500
3 Bedroom House,Pritoria,Muckleneuk,0.5,1,1,85 m²,R 18 000
0.5 Bedroom Apartment,Pritoria,Magalieskruin,0.5,1,1,,R 7 700
0.5 Bedroom Apartment,Pritoria,Magalieskruin,2,1,1,,R 7 700
2 Bedroom Apartment,Pritoria,Elandspoort,3,2,3,,R 6 500
3 Bedroom Apartment,Pritoria,Greencreek Lifestyle Estate,4,3.5,2,,R 12 500
4 Bedroom Townhouse,Pritoria,Montana Tuine,2,2,1,,R 28 000
2 Bedroom Apartment,Pritoria,Brooklyn,2,1,2,,R 14 000
2 Bedroom Townhouse,Pritoria,Erasmuskloof,1,1,1,,R 8 000
1 Bedroom Apartment,Pritoria,Waterkloof,2,2,2,,R 10 990
2 Bedroom Apartment,Pritoria,Brooklyn,5,3,3,,R 13 000
5 Bedroom House,Pritoria,Waterkloof Ridge,4,3,1,,R 75 000
4 Bedroom House,Pritoria,Waverley,0.5,1,1,,R 16 500
0.5 Bedroom Apartment,Pritoria,Montana,1,1,1,,R 5 000
1 Bedroom Apartment,Pritoria,Montana Park,1,1,1,,R 6 500
1 Bedroom Apartment,Pritoria,Waterkloof,1,1,,,R 18 990
1 Bedroom Apartment,Pritoria,Menlo Park,,,,,R 17 500
2 Bedroom Apartment,Pritoria,Arcadia,2,2,1,43 m²,R 12 000
1 Bedroom Apartment,Pritoria,Capital Park,1,2,1,9 m²,R 3 000
3 Bedroom House,Pritoria,Andeon,3,1,1,62 m²,R 7 910
0.5 Bedroom Apartment,Pritoria,Hatfield,0.5,1,1,92 m²,R 5 500
2 Bedroom Apartment,Pritoria,Arcadia,2,1.5,1,103 m²,R 7 250
1 Bedroom Apartment,Pritoria,Ashlea Gardens,1,1,1,25 m²,R 16 500
2 Bedroom Apartment,Pritoria,Villieria,2,1,1,99 m²,R 8 600
1 Bedroom Apartment,Pritoria,Garsfontein,1,2,2,25 m²,R 6 800
2 Bedroom Apartment,Pritoria,Brooklyn,2,1,1,85 m²,R 16 900
1 Bedroom Apartment,Pritoria,Colbyn,1,1,2,263 m²,R 7 150
1 Bedroom Apartment,Pritoria,Waterkloof,1,2,5,,R 18 990
4 Bedroom House,Pritoria,Waterkloof Ridge,4,1,2,,R 40 000
1.5 Bedroom Apartment,Pritoria,Sunnyside,1.5,3.5,1,,R 5 000
4 Bedroom House,Pritoria,Waterkloof,4,1,6,,R 70 000
1 Bedroom Apartment,Pritoria,Hazelwood,1,1,2,,R 15 900
1 Bedroom Apartment,Pritoria,Waterkloof,1,2,4,,R 18 990
2 Bedroom Apartment,Pritoria,Olympus AH,2,4,2,,R 12 320
4 Bedroom House,Pritoria,Woodhill Golf Estate,4,3.5,,,R 50 000
4 Bedroom Apartment,Pritoria,Groenkloof,4,2,,,R 26 000
3 Bedroom House,Pritoria,Die Wilgers,3,1,,,R 14 800
2 Bedroom Townhouse,Pritoria,Annlin,2,,,,R 8 600
1 Bedroom Apartment,Pritoria,Hillcrest,1,1,1,40 m²,R 9 000
4 Bedroom House,Pritoria,Moreleta Park,4,2,8,310 m²,R 24 900
2 Bedroom Apartment,Pritoria,Hatfield,2,2,1,59 m²,R 8 500
3 Bedroom Townhouse,Pritoria,Lynnwood Glen,3,2,2,38 m²,R 20 000
1 Bedroom Apartment,Pritoria,Blyde Riverwalk Estate,1,1,1,64 m²,R 11 000
1 Bedroom Apartment,Pritoria,Blyde Riverwalk Estate,1,1,1,112 m²,R 9 500
2 Bedroom Apartment,Pritoria,Sunnyside,2,1,1,96 m²,R 6 750
1 Bedroom Apartment,Pritoria,Garsfontein,1,1,1,202 m²,R 6 500
2 Bedroom House,Pritoria,Parktown Estate,2,1,4,,R 6 300
6 Bedroom House,Pritoria,Waterkloof Ridge,6,6.5,2,,R 70 000
3 Bedroom House,Pritoria,Silverton,3,1.5,5,,R 10 500
5 Bedroom House,Pritoria,Waterkloof Heights,5,6,2,,R 57 000
2 Bedroom Apartment,Pritoria,Blyde Riverwalk Estate,2,2,1,,R 15 000
2 Bedroom Apartment,Pritoria,Brooklyn,3,1,2,,R 14 000
3 Bedroom Apartment,Pritoria,Mooikloof Glen,2,2,1,,R 11 000
2 Bedroom Apartment,Pritoria,Shere,3,2,6,,R 9 250
5 Bedroom House,Pritoria,Colbyn,2,1,2,,R 20 500
2 Bedroom Apartment,Pritoria,Menlyn,5,2,4,,R 40 000
3 Bedroom Townhouse,Pritoria,Olympus AH,2,2,1,,R 22 000
2 Bedroom Apartment,Pritoria,Hatfield,3,2.5,,,R 8 500
2 Bedroom Apartment,Pritoria,Hillcrest,2,1,1,49 m²,R 8 500
2 Bedroom Apartment,Pritoria,Sinoville,2,2,1,60 m²,R 10 200
2 Bedroom Apartment,Pritoria,Sinoville,2,2,1,60 m²,R 10 500
Apartment,Pritoria,Arcadia,1,1,1,39 m²,R 7 000
Apartment,Pritoria,Hatfield,2,1,1,80 m²,R 5 000
1 Bedroom Apartment,Pritoria,Monument Park,1,1,2,60 m²,R 7 250
2 Bedroom Apartment,Pritoria,Hatfield,0.5,1,1,60 m²,R 10 500
1 Bedroom Apartment,Pritoria,Waterkloof,3,2.5,1,110 m²,R 9 990
0.5 Bedroom Apartment,Pritoria,Arcadia,2,2,3,,R 4 160
3 Bedroom Townhouse,Pritoria,Olympus AH,2,2,1,,R 22 000
2 Bedroom Apartment,Pritoria,Sinoville,3,2.5,1,,R 10 500
2 Bedroom Apartment,Pritoria,Sinoville,2,1,2,,R 10 200
3 Bedroom House,Pritoria,Waterkloof,3,2,1,,R 45 000
2 Bedroom Apartment,Pritoria,Waterkloof,4,4,2,,R 17 990
3 Bedroom House,Pritoria,Wonderboom South,2,1,2,,R 16 500
4 Bedroom House,Pritoria,Brooklyn,1,1,2,,R 36 000
2 Bedroom Apartment,Pritoria,Florauna,3,2,1,,R 7 150
1 Bedroom Apartment,Pritoria,Waterkloof,1,1,2,,R 9 990
3 Bedroom Apartment,Pritoria,Blyde Riverwalk Estate,3,2,1,,R 19 500
1 Bedroom Apartment,Pritoria,Hatfield,,,1,,R 5 000
3 Bedroom House,Pritoria,Roodepark Eco Estate,,,,,R 11 500
2 Bedroom Apartment,Pritoria,Sinoville,2,2,1,60 m²,R 10 200
2 Bedroom Apartment,Pritoria,Pretoriuspark,2,2,2,76 m²,R 9 500
2 Bedroom Apartment,Pritoria,Menlo Park,2,2,2,77 m²,R 21 500
5 Bedroom House,Pritoria,Waterkloof Ridge,5,5,2,65 m²,R 65 000
3 Bedroom Townhouse,Pritoria,Montana Park,3,2,1,90 m²,R 12 375
1 Bedroom Apartment,Pritoria,Florauna,1,1,1,,R 6 000
3 Bedroom Townhouse,Pritoria,Constantia Park,3,2,2,,R 13 500
1 Bedroom Apartment,Pritoria,Hatfield,1,1,1,,R 7 200
2 Bedroom Apartment,Pritoria,Menlo Park,2,2.5,2,,R 13 000
4 Bedroom House,Pritoria,Waterkloof,4,3,3,,R 45 000
0.5 Bedroom Apartment,Pritoria,Pretoria West,0.5,1,1,,R 4 020
1 Bedroom Apartment,Pritoria,Waterkloof Ridge,1,1,1,,R 11 990
1 Bedroom Apartment,Pritoria,Hatfield,1,1,1,,R 7 200
2 Bedroom Apartment,Pritoria,Equestria,2,2,2,,R 23 500
3 Bedroom Townhouse,Pritoria,Hazelwood,3,3.5,6,,R 50 000
2 Bedroom House,Pritoria,Danville,2,1,6,,R 6 000
6 Bedroom House,Pritoria,Faerie Glen,6,4.5,3,,R 4 400
5 Bedroom House,Pritoria,The Hills Game Reserve Estate,5,5,1,,R 44 995
2 Bedroom Apartment,Pritoria,Gezina,2,1,1,,R 7 000
2 Bedroom Apartment,Pritoria,Lynnwood,2,1,,,R 9 500
3 Bedroom Townhouse,Pritoria,Montana,3,2,,,R 16 000
2 Bedroom Townhouse,Pritoria,Hazeldean,2,2,2,80 m²,R 10 500
1 Bedroom Apartment,Pritoria,Hatfield,1,1,1,64 m²,R 6 800
2 Bedroom Townhouse,Pritoria,Annlin,2,1,3,95 m²,R 8 600
2 Bedroom Apartment,Pritoria,Brooklyn,2,2,1,96 m²,R 14 000
2 Bedroom Apartment,Pritoria,Menlo Park,2,2,3,150 m²,R 19 900
4 Bedroom House,Pritoria,Woodhill Golf Estate,4,3.5,2,64 m²,R 35 000
3 Bedroom House,Pritoria,Brooklyn,3,2.5,4,1 m²,R 30 000
3 Bedroom House,Pritoria,Muckleneuk,3,2,2,,R 16 000
3 Bedroom Townhouse,Pritoria,Garsfontein,3,1,2,,R 11 500
6 Bedroom House,Pritoria,Brooklyn,6,3,2,,R 4 500
3 Bedroom House,Pritoria,Andeon,3,2,1,,R 9 000
1 Bedroom Apartment,Pritoria,Brooklyn,1,2,2,,R 4 800
2 Bedroom Townhouse,Pritoria,The Wilds,2,2,2,,R 15 500
Apartment,Pritoria,Mayville,2,2,6,,R 5 800
2 Bedroom Apartment,Pritoria,Mooikloof Glen,4,3,1,,R 9 500
4 Bedroom House,Pritoria,Muckleneuk,1,1,1,,R 36 000
1 Bedroom Apartment,Pritoria,Hatfield,2,1,1,,R 6 800
2 Bedroom Apartment,Pritoria,Pretoria West,2,1,,,R 7 500
2 Bedroom Apartment,Pritoria,Waterkloof,0.5,1,,,R 17 990
0.5 Bedroom Apartment,Pritoria,Montana,2,2,,,R 5 000
2 Bedroom Apartment,Pritoria,Sinoville,,,,,R 7 600
1 Bedroom Apartment,Pritoria,Kilner Park,1,1,1,182 m²,R 4 300
3 Bedroom Townhouse,Pritoria,Olympus AH,3,2,2,272 m²,R 22 000
3 Bedroom House,Pritoria,Hatfield,3,1,4,135 m²,R 5 000
1 Bedroom Apartment,Pritoria,Menlyn,1,1,1,63 m²,R 26 000
2 Bedroom Apartment,Pritoria,Philip Nel Park,2,1,2,65 m²,R 6 570
3 Bedroom Townhouse,Pritoria,Sinoville,3,2,3,182 m²,R 10 400
2 Bedroom Townhouse,Pritoria,Garsfontein,2,2,6,64 m²,R 13 500
4 Bedroom House,Pritoria,Woodhill Golf Estate,4,3,2,,R 40 000
3 Bedroom Apartment,Pritoria,Willow Park Manor,3,2,6,,R 26 000
2 Bedroom Apartment,Pritoria,Arcadia,2,1,2,,R 10 500
4 Bedroom House,Pritoria,Woodhill Golf Estate,4,4.5,2,,R 65 000
1 Bedroom Apartment,Pritoria,Nieuw Muckleneuk,1,1,1,,R 17 000
3 Bedroom Townhouse,Pritoria,Olympus AH,3,2,3,,R 22 000
2 Bedroom Apartment,Pritoria,Arcadia,2,1,6,,R 12 000
3 Bedroom Apartment,Pritoria,Pretoria Central,3,2,1,,R 3 800
4 Bedroom House,Pritoria,Waterkloof,4,3,2,,R 45 000
4 Bedroom House,Pritoria,Dorandia,4,2,1,,R 15 000
2 Bedroom Apartment,Pritoria,Waterkloof,2,1,1,,R 27 990
2 Bedroom House,Pritoria,Mountain View,2,1,,,R 6 050
0.5 Bedroom Apartment,Pritoria,Eloffsdal,0.5,1,,,R 3 900
2 Bedroom Apartment,Pritoria,Brooklyn,2,2,,,R 12 000
2 Bedroom Apartment,Pritoria,Brooklyn,2,2,1,64 m²,R 12 000
2 Bedroom Apartment,Pritoria,Brooklyn,2,2,1,64 m²,R 12 000
2 Bedroom Apartment,Pritoria,Montana Park,2,2,2,162 m²,R 9 900
1 Bedroom Apartment,Pritoria,Blyde Riverwalk Estate,1,1,1,64 m²,R 15 500
1 Bedroom Apartment,Pritoria,Sunnyside,1,1,1,60 m²,R 4 620
3 Bedroom House,Pritoria,Pretoria North,3,2,4,50 m²,R 13 560
2.5 Bedroom Apartment,Pritoria,Monument Park,2.5,1,1,,R 8 900
3 Bedroom Townhouse,Pritoria,Montana,3,2.5,2,,R 13 530
2 Bedroom Townhouse,Pritoria,Montana Park,2,1,1,,R 9 500
4 Bedroom House,Pritoria,Pretoria North,4,2,2,,R 11 500
2.5 Bedroom Apartment,Pritoria,Monument Park,2.5,1,1,,R 8 900
3 Bedroom Townhouse,Pritoria,Menlo Park,3,3.5,2,,R 25 000
2 Bedroom Apartment,Pritoria,Hatfield,2,1,1,,R 7 950
0.5 Bedroom House,Pritoria,Monument Park,0.5,1,1,,R 6 250
1 Bedroom Apartment,Pritoria,Mayville,1,1,1,,R 5 600
2 Bedroom Apartment,Pritoria,Hatfield,2,1,1,,R 7 950
1 Bedroom Apartment,Pritoria,Hatfield,1,1,1,,R 8 500
1 Bedroom Apartment,Pritoria,Nieuw Muckleneuk,1,1,2,,R 17 000
1.5 Bedroom Apartment,Pritoria,Silverton,1.5,1,2,,R 6 300
2 Bedroom Townhouse,Pritoria,La Montagne,2,1,1,,R 7 500
1 Bedroom Apartment,Pritoria,Blyde Riverwalk Estate,1,1,1,,R 8 200
2 Bedroom House,Pritoria,Menlo Park,2,2.5,3,228 m²,R 28 000
Apartment,Pritoria,Arcadia,1,1,1,130 m²,R 8 300
1 Bedroom Apartment,Pritoria,Pretoria North,4,3.5,2,75 m²,R 4 800
4 Bedroom House,Pritoria,Silver Lakes Golf Estate,1,1,1,76 m²,R 55 000
1 Bedroom House,Pritoria,Mooikloof Equestrian Estate,2,2,2,,R 5 500
2 Bedroom Apartment,Pritoria,Lynnwood,4,2,6,,R 14 000
4 Bedroom House,Pritoria,Mountain View,4,2,2,,R 26 500
4 Bedroom Apartment,Pritoria,Brooklyn,2,1,1,,R 3 900
2 Bedroom Apartment,Pritoria,Montana,4,2.5,3,,R 7 500
4 Bedroom House,Pritoria,Silver Lakes Golf Estate,2,1,1,,R 55 000
2 Bedroom Apartment,Pritoria,Pretoria North,2,1,2,,R 7 150
2 Bedroom Apartment,Pritoria,Montana,3,2,4,,R 8 400
3 Bedroom House,Pritoria,Pretoria North,2,1,3,,R 12 000
2 Bedroom Apartment,Pritoria,Gezina,4,2.5,1,,R 6 000
4 Bedroom House,Pritoria,Silver Lakes Golf Estate,0.5,1,2,,R 55 000
0.5 Bedroom House,Pritoria,Pretoria Central,3,2.5,6,,R 2 950
3 Bedroom Townhouse,Pritoria,Olympus AH,3,2,4,,R 22 000
3 Bedroom House,Pritoria,Silver Lakes Golf Estate,7,4,2,,R 36 000
7 Bedroom House,Pritoria,Elarduspark,3,2,2,,R 45 000
3 Bedroom House,Pritoria,Pretoria North,2,2,,,R 11 000
2 Bedroom Apartment,Pritoria,Lynnwood Glen,,,,,R 12 750
2 Bedroom Apartment,Pritoria,Waterkloof,2,1,1,71 m²,R 17 990
1 Bedroom Apartment,Pritoria,Blyde Riverwalk Estate,1,1,1,40 m²,R 8 200
0.5 Bedroom Apartment,Pritoria,Hatfield,0.5,1,1,1 m²,R 4 830
5 Bedroom House,Pritoria,Waterkloof,5,4.5,2,64 m²,R 55 000
4 Bedroom House,Pritoria,Murrayfield,4,3,4,90 m²,R 21 000
2 Bedroom Apartment,Pritoria,Equestria,2,1,2,,R 10 500
3 Bedroom Townhouse,Pritoria,Waterkloof Heights,3,2,1,,R 20 000
2 Bedroom Apartment,Pritoria,Lynnwood Manor,2,1,4,,R 9 000
4 Bedroom House,Pritoria,Murrayfield,4,3,1,,R 21 000
1 Bedroom Apartment,Pritoria,Hatfield,1,1,2,,R 5 750
3 Bedroom Apartment,Pritoria,Sinoville,3,2.5,4,,R 20 000
6 Bedroom House,Pritoria,Faerie Glen,6,4.5,1,,R 36 000
1 Bedroom House,Pritoria,Roodeplaat,1,1,1,,R 6 250
2 Bedroom Apartment,Pritoria,Daspoort,2,1,1,,R 6 400
1 Bedroom Apartment,Pritoria,Hazeldean,1,1,2,,R 10 000
3 Bedroom House,Pritoria,Waterkloof,3,1,4,,R 9 500
5 Bedroom House,Pritoria,Roodeplaat,5,4,4,,R 39 000
2 Bedroom Apartment,Pritoria,Brooklyn,2,2,2,,R 15 000
1 Bedroom Apartment,Pritoria,Rynoue,1,1,,,R 5 000
4 Bedroom House,Pritoria,Woodhill Golf Estate,4,4,,,R 85 000
1 Bedroom House,Pritoria,Hazelwood,1,1,,,R 4 900
3 Bedroom Townhouse,Pritoria,Olympus AH,3,2,2,202 m²,R 22 000
2 Bedroom Apartment,Pritoria,Six Fountains Residential Estate,2,2,2,85 m²,R 15 000
3 Bedroom Apartment,Pritoria,Sinoville,3,1.5,2,88 m²,R 7 900
4 Bedroom Apartment,Pritoria,Sunnyside,4,1,2,147 m²,R 9 800
4 Bedroom House,Pritoria,Waterkloof Ridge,4,3.5,1,147 m²,R 40 000
1 Bedroom Apartment,Pritoria,Blyde Riverwalk Estate,1,1,1,60 m²,R 13 000
2 Bedroom Apartment,Pritoria,Dorandia,2,1,2,1 000 m²,R 7 600
2 Bedroom Apartment,Pritoria,Roodeplaat,2,1,1,,R 7 500
3 Bedroom Townhouse,Pritoria,Waterkloof,3,2.5,1,,R 20 000
2 Bedroom Apartment,Pritoria,Pretoria North,2,1,1,,R 7 150
1 Bedroom Apartment,Pritoria,Hatfield,1,1,2,,R 5 900
3 Bedroom Townhouse,Pritoria,Waterkloof,3,2.5,1,,R 20 000
3 Bedroom House,Pritoria,Olympus AH,3,2,1,,R 17 500
1 Bedroom Apartment,Pritoria,Waterkloof,1,1,6,,R 15 990
1 Bedroom Apartment,Pritoria,Brooklyn,1,1,4,,R 6 300
1 Bedroom House,Pritoria,Eastwood,1,1,1,,R 10 500
6 Bedroom House,Pritoria,Waterkloof Ridge,6,6.5,1,,R 65 000
3 Bedroom Townhouse,Pritoria,Monument Park,3,2,1,,R 22 000
2 Bedroom Apartment,Pritoria,Sinoville,2,2,,,R 10 200
1 Bedroom Apartment,Pritoria,Wonderboom South,1,1,,,R 5 150
2 Bedroom Apartment,Pritoria,Hatfield,2,1,,,R 8 978
2 Bedroom House,Pritoria,Rietfontein,2,1,1,1 m²,R 6 500
2 Bedroom Apartment,Pritoria,Sinoville,2,2,4,92 m²,R 10 400
2 Bedroom Apartment,Pritoria,Menlyn,2,2,1,60 m²,R 28 000
1 Bedroom Apartment,Pritoria,Greencreek Lifestyle Estate,1,1,4,71 m²,R 7 250
1 Bedroom Apartment,Pritoria,Willow Park Manor,1,1,1,58 m²,R 10 500
3 Bedroom House,Pritoria,Strubenkop Security Village,3,3,1,131 m²,R 32 000
2 Bedroom Apartment,Pritoria,Sinoville,2,2,1,1 m²,R 10 500
1 Bedroom Apartment,Pritoria,Blyde Riverwalk Estate,1,1,3,197 m²,R 10 000
2 Bedroom Apartment,Pritoria,Waverley,2,2,2,131 m²,R 11 000
4 Bedroom House,Pritoria,Hatfield,4,4,1,,R 6 500
2 Bedroom Apartment,Pritoria,Waverley,2,1,1,,R 9 750
6 Bedroom House,Pritoria,Brooklyn,6,3.5,4,,R 3 950
3 Bedroom House,Pritoria,Nieuw Muckleneuk,3,2,2,,R 40 000
1 Bedroom House,Pritoria,Mountain View,1,1,1,,R 5 900
2 Bedroom Apartment,Pritoria,Hatfield,2,1,4,,R 9 765
1 Bedroom Apartment,Pritoria,Waterkloof,1,1,2,,R 10 990
3 Bedroom Townhouse,Pritoria,Equestria,3,2.5,,,R 20 000
3 Bedroom Townhouse,Pritoria,Equestria,3,2,,,R 14 300
2 Bedroom Apartment,Pritoria,Sunnyside,2,1,,,R 7 250
4 Bedroom Townhouse,Pritoria,Ashlea Gardens,4,2.5,,,R 18 900
3 Bedroom Townhouse,Pritoria,Equestria,3,2,,,R 14 300
2 Bedroom Apartment,Pritoria,Hillcrest,2,1,1,80 m²,R 8 600
1 Bedroom Apartment,Pritoria,Muckleneuk,1,1,1,31 m²,R 5 000
2 Bedroom Apartment,Pritoria,Lynnwood Glen,2,1,2,20 m²,R 20 000
Apartment,Pritoria,Brooklyn,1,1,1,138 m²,R 13 000
1 Bedroom Apartment,Pritoria,Menlo Park,1,1,1,,R 5 000
1 Bedroom Apartment,Pritoria,Arcadia,2,1,1,,R 5 200
2 Bedroom Apartment,Pritoria,Mountain View,2,1,1,,R 6 300
2 Bedroom Townhouse,Pritoria,Silver Lakes,4,2,3,,R 9 400
4 Bedroom House,Pritoria,Silver Lakes Golf Estate,2,3.5,2,,R 48 000
2 Bedroom Apartment,Pritoria,Olympus AH,1,2,2,,R 14 500
1 Bedroom Apartment,Pritoria,Rietvalleirand,4,1,1,,R 4 750
4 Bedroom House,Pritoria,Montana Tuine,4,2,2,,R 14 000
4 Bedroom House,Pritoria,Monument Park,3,2,6,,R 26 000
3 Bedroom House,Pritoria,Pretoria Gardens,1,1,2,,R 9 600
1 Bedroom House,Pritoria,Mooikloof,4,1,1,,R 6 500
4 Bedroom House,Pritoria,Montana Tuine,4,2,2,,R 14 000
4 Bedroom House,Pritoria,Waterkloof Ridge,2,3.5,7,,R 74 500
2 Bedroom Apartment,Pritoria,Mountain View,5,1,1,,R 6 300
5 Bedroom House,Pritoria,Waterkloof,4,4.5,3,,R 100 000
4 Bedroom House,Pritoria,Waterkloof,2,3.5,5,,R 70 000
2 Bedroom Townhouse,Pritoria,Hazelwood,,2,4,,R 14 500
4 Bedroom House,Pritoria,Groenkloof,4,2,3,34 m²,R 25 000
1 Bedroom Apartment,Pritoria,Nieuw Muckleneuk,1,2.5,1,106 m²,R 13 800
3 Bedroom House,Pritoria,Woodhill Golf Estate,3,3,7,70 m²,R 40 000
2 Bedroom Apartment,Pritoria,Silver Lakes Golf Estate,2,3,1,195 m²,R 35 000
4 Bedroom House,Pritoria,Erasmusrand,4,1,3,,R 25 000
1 Bedroom House,Pritoria,Mayville,1,1,1,,R 5 900
Apartment,Pritoria,Lotus Gardens,2,1,2,,R 4 000
2 Bedroom Apartment,Pritoria,Newlands,2,1,1,,R 9 500
Apartment,Pritoria,Capital Park,1,1,2,,R 3 940
2 Bedroom House,Pritoria,Equestria,3,1,1,,R 11 800
1 Bedroom Apartment,Pritoria,Silver Lakes Golf Estate,2,1,1,,R 12 000
Apartment,Pritoria,Colbyn,1,2,2,,R 7 900
3 Bedroom Townhouse,Pritoria,Florauna,2,1.5,2,,R 9 500
2 Bedroom Townhouse,Pritoria,Menlo Park,3,1,1,,R 19 500
1 Bedroom Apartment,Pritoria,Sunnyside,5,1,2,,R 4 300
2 Bedroom Apartment,Pritoria,Newlands,2,2,2,,R 9 500
3 Bedroom House,Pritoria,Silver Lakes Golf Estate,3,1,4,,R 25 000
Apartment,Pritoria,Sunnyside,,3,2,,R 2 650
5 Bedroom House,Pritoria,Faerie Glen,,2,2,,R 25 500
2 Bedroom Apartment,Pritoria,Brooklyn,,2,,,R 16 000
3 Bedroom Townhouse,Pritoria,Six Fountains,,,,,R 22 000
2 Bedroom Apartment,Pritoria,Pretoria Gardens,2,1,2,103 m²,R 5 600
3 Bedroom Townhouse,Pritoria,Zambezi Manor Lifestyle Estate,3,3,2,115 m²,R 14 200
Apartment,Pritoria,Hatfield,7,5,4,103 m²,R 7 500
7 Bedroom House,Pritoria,Hatfield,2,1,1,1 m²,R 41 000
2 Bedroom Apartment,Pritoria,Faerie Glen,3,2,2,39 m²,R 12 950
3 Bedroom Townhouse,Pritoria,Annlin,2,2,1,,R 10 950
2 Bedroom Apartment,Pritoria,Montana,3,2.5,5,,R 7 680
3 Bedroom Townhouse,Pritoria,Olympus AH,0.5,1,1,,R 16 950
0.5 Bedroom Apartment,Pritoria,Eloffsdal,3,3,2,,R 3 940
3 Bedroom House,Pritoria,Silverwoods Country Estate,0.5,1,2,,R 50 000
0.5 Bedroom Apartment,Pritoria,Capital Park,3,1,2,,R 3 840
3 Bedroom House,Pritoria,Danville,2,1,4,,R 6 500
2 Bedroom Apartment,Pritoria,Faerie Glen,3,2,1,,R 12 950
3 Bedroom House,Pritoria,Kameeldrift East,5,5,1,,R 14 000
5 Bedroom House,Pritoria,Waterkloof Heights,2,2,2,,R 99 000
2 Bedroom Apartment,Pritoria,Sinoville,1,1,3,,R 10 200
House,Pritoria,Lynnwood Glen,2,1,,,R 4 500
1 Bedroom Apartment,Pritoria,Hatfield,2,1,,,R 6 500
2 Bedroom Townhouse,Pritoria,Wapadrand,3,3,,,R 25 000
2 Bedroom Apartment,Pritoria,Montana,,,,,R 8 400
3 Bedroom House,Pritoria,Menlo Park,,,,,R 39 000
3 Bedroom Apartment,Pritoria,Zwartkoppies,3,2,1,170 m²,R 20 000
3 Bedroom Townhouse,Pritoria,Silver Lakes Golf Estate,3,3,2,1 m²,R 30 000
2 Bedroom Apartment,Pritoria,Menlo Park,2,2,2,740 m²,R 19 900
1 Bedroom Apartment,Pritoria,Magalieskruin,1,1,2,,R 6 500
House,Pritoria,Brooklyn,3,3,1,,R 5 500
3 Bedroom House,Pritoria,Lisdogan Park,2,2,2,,R 18 000
2 Bedroom Townhouse,Pritoria,Equestria,1,1,1,,R 22 898
1 Bedroom Apartment,Pritoria,Hatfield,1,1,1,,R 5 750
1 Bedroom House,Pritoria,Arcadia,2,2,2,,R 2 900
2 Bedroom Apartment,Pritoria,Mooikloof Equestrian Estate,3,2,4,,R 12 000
3 Bedroom Townhouse,Pritoria,Waterkloof,2,1,1,,R 26 500
2 Bedroom Apartment,Pritoria,Hatfield,1,1,2,,R 7 200
1 Bedroom Apartment,Pritoria,Pretoria North,3,2.5,2,,R 4 000
3 Bedroom Apartment,Pritoria,Montana,2.5,1.5,2,,R 21 000
2.5 Bedroom Apartment,Pritoria,Sunnyside,4,2,8,,R 7 700
4 Bedroom House,Pritoria,Danville,2,2,2,,R 11 300
2 Bedroom Apartment,Pritoria,Sinoville,5,4,1,,R 10 200
5 Bedroom House,Pritoria,Mayville,3,2,2,,R 20 000
3 Bedroom House,Pritoria,Grootfontein Country Estates,2,2.5,,,R 18 500
2 Bedroom Townhouse,Pritoria,Kilberry,4,2,,,R 18 500
4 Bedroom House,Pritoria,Danville,,,,,R 11 300
1 Bedroom Apartment,Pritoria,Blyde Riverwalk Estate,1,1,1,77 m²,R 8 500
5 Bedroom House,Pritoria,Silverwoods Country Estate,5,5,6,60 m²,R 50 000
Townhouse,Pritoria,Equestria,3,2,2,40 m²,R 6 000
3 Bedroom House,Pritoria,Waverley,1,2,1,41 m²,R 11 800
1 Bedroom House,Pritoria,Andeon,2,1,1,54 m²,R 3 000
2 Bedroom Apartment,Pritoria,Weavind Park,1,1,1,,R 8 500
1 Bedroom Apartment,Pritoria,Wonderboom South,2,1,2,,R 5 150
2 Bedroom Apartment,Pritoria,Montana,1,1,1,,R 10 150
1 Bedroom Apartment,Pritoria,La Montagne,2,1,4,,R 6 000
2 Bedroom Apartment,Pritoria,Pretoria North,2,1,1,,R 5 500
2 Bedroom Townhouse,Pritoria,Montana,2,2,1,,R 7 450
2 Bedroom Apartment,Pritoria,Hatfield,1,1,4,,R 4 250
1 Bedroom House,Pritoria,Andeon,3,2,2,,R 3 000
3 Bedroom Townhouse,Pritoria,Monument Park,3,1,1,,R 22 000
3 Bedroom House,Pritoria,Equestria,3,1,,,R 14 000
3 Bedroom Townhouse,Pritoria,Equestria,1,4,,,R 14 500
1 Bedroom Apartment,Pritoria,Hatfield,2,2,,,R 7 200
2 Bedroom Apartment,Pritoria,Hatfield,4,1,,,R 9 000
4 Bedroom House,Pritoria,Florauna,3,,,,R 27 000
3 Bedroom Apartment,Pritoria,Brooklyn,2,,,,R 42 000
2 Bedroom Apartment,Pritoria,Montana,,,,,R 8 500
2 Bedroom Apartment,Pritoria,Greencreek Lifestyle Estate,2,2,2,64 m²,R 9 200
4 Bedroom Townhouse,Pritoria,Roodeplaat,4,3,2,41 m²,R 12 900
11 Bedroom House,Pritoria,Brooklyn,11,6,1,120 m²,R 3 950
2 Bedroom Apartment,Pritoria,Hillcrest,2,1,1,130 m²,R 5 000
1 Bedroom Apartment,Pritoria,Arcadia,1,1,6,,R 5 200
5 Bedroom House,Pritoria,Waterkloof,5,4,4,,R 75 000
2 Bedroom House,Pritoria,Montana,2,2,1,,R 10 400
4 Bedroom House,Pritoria,Waterkloof Heights,4,4.5,2,,R 60 000
1.5 Bedroom Apartment,Pritoria,Sunnyside,1.5,1,1,,R 5 830
2 Bedroom Apartment,Pritoria,Brooklyn,2,2,4,,R 12 900
1 Bedroom Apartment,Pritoria,Menlo Park,1,1,2,,R 11 500
5 Bedroom House,Pritoria,Woodhill Golf Estate,5,4,4,,R 85 000
3 Bedroom House,Pritoria,Silverton,3,2,1,,R 21 000
0.5 Bedroom Apartment,Pritoria,Wolmer,0.5,1,1,,R 3 570
5 Bedroom House,Pritoria,Waterkloof Ridge,5,5,4,,R 75 000
2 Bedroom Townhouse,Pritoria,Waterkloof Glen,2,2,5,,R 13 500
2 Bedroom Apartment,Pritoria,Mooikloof Equestrian Estate,2,2,1,,R 11 950
5 Bedroom House,Pritoria,Waterkloof Ridge,5,5,,,R 75 000
1 Bedroom Apartment,Pritoria,Waterkloof,1,1,,,R 10 990
3 Bedroom House,Pritoria,Moregloed,3,2.5,,,R 15 000
1 Bedroom Apartment,Pritoria,Hatfield,1,1,,,R 6 945
2 Bedroom Apartment,Pritoria,Blyde Riverwalk Estate,2,2,2,107 m²,R 16 500
3 Bedroom House,Pritoria,Zandfontein AH,3,1,1,94 m²,R 6 500
3 Bedroom Apartment,Pritoria,Willow Park Manor,3,2,2,60 m²,R 10 500
3 Bedroom House,Pritoria,Kameeldrift East,3,2,2,147 m²,R 9 100
1 Bedroom Apartment,Pritoria,Blyde Riverwalk Estate,1,1,1,,R 8 200
2 Bedroom Apartment,Pritoria,Sinoville,2,2,1,,R 10 200
2 Bedroom Apartment,Pritoria,Nieuw Muckleneuk,2,1.5,2,,R 17 300
0.5 Bedroom Apartment,Pritoria,Pretoria Central,0.5,1,2,,R 4 235
2 Bedroom Townhouse,Pritoria,Muckleneuk,2,2.5,1,,R 16 500
2 Bedroom Townhouse,Pritoria,Rietfontein,2,1,1,,R 7 900
1 Bedroom Apartment,Pritoria,Brooklyn,1,1,1,,R 9 500
2 Bedroom Apartment,Pritoria,Sunnyside,2,1,8,,R 7 300
3 Bedroom House,Pritoria,Wingate Park,3,3,1,,R 30 000
2 Bedroom Apartment,Pritoria,Brooklyn,2,2,1,,R 12 000
1 Bedroom Apartment,Pritoria,Hatfield,1,1,1,,R 6 200
0.5 Bedroom Apartment,Pritoria,Pretoria Central,0.5,1,4,,R 4 310
Apartment,Pritoria,Muckleneuk,2,2,8,,R 35 000
2 Bedroom House,Pritoria,Philip Nel Park,3,2.5,,,R 6 000
3 Bedroom House,Pritoria,Erasmuskloof,3,3,,,R 25 000
3 Bedroom House,Pritoria,Wingate Park,1,1,,,R 30 000
1 Bedroom Apartment,Pritoria,Hatfield,,,,,R 5 800
2 Bedroom Apartment,Pritoria,Menlyn,2,2,2,68 m²,R 12 750
3 Bedroom House,Pritoria,Silver Lakes Golf Estate,3,2,2,110 m²,R 38 700
3 Bedroom Apartment,Pritoria,Waterkloof,3,2,3,60 m²,R 20 500
3 Bedroom House,Pritoria,Waverley,3,1,1,57 m²,R 13 800
6 Bedroom House,Pritoria,Mooikloof Glen,6,5.5,4,60 m²,R 50 000
5 Bedroom House,Pritoria,Waterkloof Ridge,5,4,4,64 m²,R 45 000
3 Bedroom Apartment,Pritoria,Willow Park Manor,3,2,2,60 m²,R 14 000
2 Bedroom Apartment,Pritoria,Philip Nel Park,2,1,1,165 m²,R 5 780
2 Bedroom Apartment,Pritoria,Sinoville,2,2,2,86 m²,R 10 400
1 Bedroom Apartment,Pritoria,Wonderboom South,1,1,1,,R 5 150
1 Bedroom Apartment,Pritoria,Daspoort,1,1,1,,R 4 150
2 Bedroom Apartment,Pritoria,Hatfield,2,2,1,,R 10 000
2 Bedroom Apartment,Pritoria,Sinoville,2,2,1,,R 10 500
2 Bedroom Apartment,Pritoria,Annlin,2,1,2,,R 7 400
2 Bedroom Apartment,Pritoria,Brooklyn,2,2,1,,R 12 000
14 Bedroom House,Pritoria,Hatfield,14,14,6,,R 3 350
2 Bedroom Apartment,Pritoria,Sinoville,2,2,1,,R 10 500
2 Bedroom Apartment,Pritoria,Mooikloof,2,2,2,,R 12 500
3 Bedroom Townhouse,Pritoria,The Hills Game Reserve Estate,3,2.5,2,,R 26 000
6 Bedroom House,Pritoria,Waterkloof Ridge,6,6.5,10,,R 65 000
2 Bedroom Apartment,Pritoria,Olympus AH,2,2,1,,R 9 900
1 Bedroom Apartment,Pritoria,Hatfield,1,1,1,54 m²,R 7 000
4 Bedroom House,Pritoria,Woodhill Golf Estate,4,4.5,6,90 m²,R 65 000
2 Bedroom Townhouse,Pritoria,Wapadrand,2,1,1,228 m²,R 25 000
6 Bedroom House,Pritoria,Waterkloof Ridge,6,6,6,30 m²,R 90 000
3 Bedroom Townhouse,Pritoria,Waterkloof Park,3,2,2,122 m²,R 21 500
1 Bedroom Apartment,Pritoria,Clydesdale,1,1,1,41 m²,R 4 800
6 Bedroom House,Pritoria,Woodhill Golf Estate,6,7.5,8,,R 85 000
1 Bedroom Apartment,Pritoria,Rietfontein,1,1,1,,R 5 900
1 Bedroom Apartment,Pritoria,Arcadia,1,1,2,,R 6 990
1 Bedroom Apartment,Pritoria,Brooklyn,1,1,1,,R 9 500
1 Bedroom Apartment,Pritoria,Waterkloof,1,2,1,,R 11 990
3 Bedroom Townhouse,Pritoria,Waterkloof Ridge,3,2.5,2,,R 40 000
2 Bedroom Townhouse,Pritoria,Menlo Park,2,3.5,2,,R 28 000
3 Bedroom House,Pritoria,Monument Park,3,1,6,,R 35 000
2 Bedroom Townhouse,Pritoria,Wapadrand,2,4.5,2,,R 25 000
4 Bedroom House,Pritoria,Woodhill Golf Estate,4,1,6,,R 65 000
1 Bedroom Apartment,Pritoria,Brooklyn,1,1,10,,R 10 000
1 Bedroom Apartment,Pritoria,Brooklyn,1,3,1,,R 12 500
3 Bedroom Apartment,Pritoria,Nieuw Muckleneuk,3,1,1,,R 20 500
2 Bedroom Apartment,Pritoria,Moregloed,2,1,1,,R 7 755
1 Bedroom Apartment,Pritoria,Mooikloof,1,,2,,R 9 000
10 Bedroom House,Pritoria,Brooklyn,10,8,8,78 m²,R 5 900
2 Bedroom Apartment,Pritoria,Menlo Park,2,2,2,82 m²,R 22 000
2 Bedroom Apartment,Pritoria,Pretoria North,2,1,1,105 m²,R 6 500
1 Bedroom Apartment,Pritoria,Waterkloof,1,1,1,34 m²,R 11 990
2 Bedroom Townhouse,Pritoria,Menlo Park,2,2,2,55 m²,R 14 500
3 Bedroom House,Pritoria,Brooklyn,3,3,10,64 m²,R 26 000
3 Bedroom Apartment,Pritoria,Hazeldean,3,2,1,122 m²,R 9 500
2 Bedroom Apartment,Pritoria,Pretoria North,2,1,1,52 m²,R 5 500
3 Bedroom Townhouse,Pritoria,Equestria,3,2,4,35 m²,R 15 650
1 Bedroom Apartment,Pritoria,Hatfield,1,1,1,123 m²,R 6 250
2 Bedroom Apartment,Pritoria,Brooklyn,2,2,1,,R 15 995
3 Bedroom Apartment,Pritoria,Muckleneuk,3,1,1,,R 9 040
3 Bedroom Apartment,Pritoria,Muckleneuk,3,1,1,,R 9 040
2 Bedroom Apartment,Pritoria,Brooklyn,2,2,1,,R 12 000
1 Bedroom Apartment,Pritoria,Waterkloof,1,1,2,,R 15 990
3 Bedroom Apartment,Pritoria,Waterkloof,3,2.5,1,,R 20 800
1 Bedroom Apartment,Pritoria,Menlyn,1,1,1,,R 18 900
Apartment,Pritoria,Pretoria Central,2,2,1,,R 5 000
2 Bedroom Apartment,Pritoria,Blyde Riverwalk Estate,2,2,1,,R 13 000
2 Bedroom Apartment,Pritoria,Montana,2,2,,,R 10 400
2 Bedroom Apartment,Pritoria,Hazeldean,,,,,R 9 800
2 Bedroom Apartment,Pritoria,Faerie Glen,2,2,2,68 m²,R 12 750
3 Bedroom Apartment,Pritoria,Mooikloof Glen,3,2,2,64 m²,R 11 500
4 Bedroom House,Pritoria,Waterkloof Ridge,4,4,6,30 m²,R 58 000
4 Bedroom House,Pritoria,Groenkloof,4,3.5,3,75 m²,R 26 000
3 Bedroom House,Pritoria,Six Fountains Residential Estate,3,2.5,4,64 m²,R 34 000
1 Bedroom Townhouse,Pritoria,Brooklyn,1,1,2,,R 12 500
1 Bedroom Apartment,Pritoria,Rietfontein,1,1,1,,R 5 500
2 Bedroom Apartment,Pritoria,Claremont,2,2,1,,R 6 050
2 Bedroom Apartment,Pritoria,Andeon AH,2,1,1,,R 8 200
3 Bedroom Townhouse,Pritoria,Mooikloof Ridge,3,2,4,,R 13 000
1 Bedroom Apartment,Pritoria,Mooikloof,1,1,1,,R 6 700
Apartment,Pritoria,Pretoria North,1,1,1,,R 4 605
1 Bedroom Apartment,Pritoria,Waverley,2,1,1,,R 6 250
2 Bedroom Apartment,Pritoria,Lynnwood,4,1,1,,R 9 200
4 Bedroom House,Pritoria,Groenkloof,3,2,2,,R 25 000
3 Bedroom House,Pritoria,Waterkloof Ridge,4,2.5,4,,R 30 000
4 Bedroom House,Pritoria,Woodhill Golf Estate,1,4.5,6,,R 65 000
1 Bedroom Apartment,Pritoria,Hatfield,0.5,1,1,,R 5 940
0.5 Bedroom Apartment,Pritoria,Muckleneuk,1,1,2,,R 3 400
1 Bedroom Townhouse,Pritoria,Brooklyn,2,1,1,,R 12 500
2 Bedroom Apartment,Pritoria,Brooklyn,,2,,,R 12 000
1.5 Bedroom Apartment,Pritoria,Arcadia,1.5,1,1,48 m²,R 6 200
1 Bedroom Apartment,Pritoria,Menlyn,1,1,1,10 m²,R 13 900
2 Bedroom Apartment,Pritoria,Faerie Glen,2,1,1,75 m²,R 7 900
2 Bedroom Apartment,Pritoria,Hatfield,2,1,1,94 m²,R 9 300
Apartment,Pritoria,Sunnyside,1,1,2,82 m²,R 3 303
1 Bedroom Apartment,Pritoria,Blyde Riverwalk Estate,2,1,1,71 m²,R 10 000
2 Bedroom House,Pritoria,Proclamation Hill,1,2,1,107 m²,R 7 500
1 Bedroom House,Pritoria,Rynoue,2,1,2,,R 5 700
2 Bedroom Apartment,Pritoria,Brooklyn,2,2,1,,R 16 500
2 Bedroom Apartment,Pritoria,Rietvalleirand,2,2,2,,R 13 900
2 Bedroom Apartment,Pritoria,Hatfield,4,2,4,,R 13 000
4 Bedroom House,Pritoria,Woodhill Golf Estate,2,4,1,,R 50 000
2 Bedroom Apartment,Pritoria,Nieuw Muckleneuk,1,1,1,,R 17 900
1 Bedroom House,Pritoria,Rynoue,1.5,1,2,,R 5 700
1.5 Bedroom Apartment,Pritoria,Arcadia,3,1,4,,R 6 050
3 Bedroom Apartment,Pritoria,Mooikloof,3,2,1,,R 11 500
3 Bedroom House,Pritoria,Willow Acres,1,2.5,2,,R 28 000
1 Bedroom Apartment,Pritoria,Faerie Glen,2,1,2,,R 8 600
2 Bedroom Apartment,Pritoria,Lynnwood,3,2,2,,R 15 500
3 Bedroom Townhouse,Pritoria,Die Wilgers,2,1,,,R 12 000
2 Bedroom Apartment,Pritoria,Blyde Riverwalk Estate,,2,,,R 18 000
3 Bedroom Apartment,Pritoria,Mooikloof Heights,3,2,1,114 m²,R 16 500
2 Bedroom Townhouse,Pritoria,Faerie Glen,2,1,1,67 m²,R 7 690
2 Bedroom Apartment,Pritoria,Hatfield,2,1,1,41 m²,R 7 200
3 Bedroom Townhouse,Pritoria,Waterkloof,3,2,2,88 m²,R 27 000
1.5 Bedroom Apartment,Pritoria,Pretoria Central,1.5,1,1,23 m²,R 6 400
1 Bedroom House,Pritoria,Brooklyn,1,3,3,126 m²,R 6 750
1 Bedroom Apartment,Pritoria,Waterkloof,1,1,1,133 m²,R 8 990
1.5 Bedroom Apartment,Pritoria,Montana Park,1.5,1,1,23 m²,R 6 000
1 Bedroom Apartment,Pritoria,Mooikloof,1,1,2,,R 7 700
2 Bedroom Apartment,Pritoria,Montana,2,2,2,,R 10 200
1 Bedroom Apartment,Pritoria,Newlands,1,1,3,,R 6 600
2 Bedroom Apartment,Pritoria,Boardwalk Villas,2,2,3,,R 15 000
5 Bedroom House,Pritoria,Menlo Park,5,4,1,,R 37 000
2 Bedroom Townhouse,Pritoria,Olympus AH,2,2,2,,R 15 450
2 Bedroom House,Pritoria,Sinoville,2,1,2,,R 9 500
4 Bedroom House,Pritoria,Silver Lakes,4,3,4,,R 55 000
2 Bedroom Apartment,Pritoria,Blyde Riverwalk Estate,2,2,,,R 13 000
1 Bedroom Apartment,Pritoria,Silver Lakes,1,1,,,R 10 500
3 Bedroom House,Pritoria,Leeuwfontein Estate,3,2.5,,,R 27 500
3 Bedroom House,Pritoria,Alphen Park,3,3,,,R 50 000
1 Bedroom Apartment,Pritoria,Newlands,1,1,,,R 6 600
4 Bedroom House,Pritoria,Waterkloof Ridge,4,2,1,105 m²,R 24 500
1 Bedroom House,Pritoria,Brooklyn,1,3,3,60 m²,R 7 300
2 Bedroom Apartment,Pritoria,Menlo Park,2,2,2,64 m²,R 25 000
3 Bedroom House,Pritoria,Bougainvillea Estate,3,2,3,60 m²,R 23 500
5 Bedroom House,Pritoria,Woodhill Golf Estate,5,4,3,66 m²,R 60 000
1 Bedroom Apartment,Pritoria,Blyde Riverwalk Estate,1,1,1,63 m²,R 8 000
2 Bedroom Apartment,Pritoria,Sinoville,2,2,5,,R 10 500
1 Bedroom Apartment,Pritoria,Mooikloof,1,1,1,,R 7 500
3 Bedroom House,Pritoria,Menlo Park,3,1,2,,R 16 000
2 Bedroom Apartment,Pritoria,Sinoville,2,2,1,,R 10 500
4 Bedroom House,Pritoria,Groenkloof,4,3,2,,R 26 000
2 Bedroom Apartment,Pritoria,Montana,2,2,5,,R 10 600
3 Bedroom House,Pritoria,Doornpoort,3,2,1,,R 4 000
6 Bedroom House,Pritoria,Zambezi Country Estate,6,3,2,,R 33 500
1 Bedroom Apartment,Pritoria,Lynnwood Ridge,1,1,1,,R 8 200
3 Bedroom Townhouse,Pritoria,Equestria,3,2,1,,R 14 450
2 Bedroom Townhouse,Pritoria,Olympus AH,2,1,1,,R 7 150
3 Bedroom House,Pritoria,Muckleneuk,3,1,2,,R 17 000
1 Bedroom Apartment,Pritoria,Pretoria West,1,2,1,,R 3 920
2 Bedroom Apartment,Pritoria,Brooklyn,2,4,,,R 14 500
4 Bedroom House,Pritoria,Waterkloof Ridge,4,,,,R 40 000
0.5 Bedroom Apartment,Pritoria,Montana,0.5,1,1,64 m²,R 5 000
2 Bedroom Apartment,Pritoria,Mooikloof Glen,2,2,2,101 m²,R 9 500
2 Bedroom Apartment,Pritoria,Montana,2,1,1,70 m²,R 9 650
2 Bedroom Apartment,Pritoria,Paramount Estate,2,2,1,50 m²,R 8 800
5 Bedroom House,Pritoria,Waterkloof Ridge,5,4.5,14,127 m²,R 55 000
1 Bedroom Apartment,Pritoria,Nieuw Muckleneuk,1,1,3,8 m²,R 17 000
2 Bedroom Apartment,Pritoria,Arcadia,2,1,2,101 m²,R 5 820
3 Bedroom House,Pritoria,Willow Park Manor,3,2.5,2,25 m²,R 20 000
4 Bedroom House,Pritoria,Sunnyside,4,1,1,25 m²,R 12 000
1 Bedroom Apartment,Pritoria,Clydesdale,1,1,4,,R 10 000
3 Bedroom House,Pritoria,The Wilds,3,2,1,,R 30 000
3 Bedroom Apartment,Pritoria,Menlyn,3,2,1,,R 35 000
1 Bedroom Apartment,Pritoria,Waterkloof,1,1,1,,R 15 990
1 Bedroom Apartment,Pritoria,Waterkloof,1,1,2,,R 15 990
3 Bedroom House,Pritoria,Waterkloof,3,2,1,,R 30 000
2 Bedroom Townhouse,Pritoria,Olympus Ridge,2,2,1,,R 12 700
Apartment,Pritoria,Sunnyside,2,1,1,,R 3 053
2 Bedroom Apartment,Pritoria,Hazeldean,1,2,4,,R 8 800
1 Bedroom House,Pritoria,Lydiana,1,1,,,R 5 000
1 Bedroom House,Pritoria,Lydiana,3,1,,,R 5 000
3 Bedroom House,Pritoria,Dorandia,,2.5,,,R 14 000
2 Bedroom Apartment,Pritoria,Sinoville,2,2,1,60 m²,R 10 200
2 Bedroom Apartment,Pritoria,Annlin,2,1,2,40 m²,R 7 900
4 Bedroom House,Pritoria,Waterkloof,4,3,1,226 m²,R 50 000
3 Bedroom House,Pritoria,Dorandia,3,2,1,73 m²,R 11 000
2 Bedroom Apartment,Pritoria,Montana,2,2,2,60 m²,R 8 400
1 Bedroom Apartment,Pritoria,Riviera,1,2,1,40 m²,R 4 300
2 Bedroom Apartment,Pritoria,Waterkloof,2,1,1,105 m²,R 15 000
2 Bedroom House,Pritoria,Hillcrest,2,1.5,1,68 m²,R 5 000
2 Bedroom Apartment,Pritoria,East Lynne,2,1,1,,R 5 800
5 Bedroom House,Pritoria,Pretoria North,5,2,3,,R 14 690
2 Bedroom Apartment,Pritoria,Silver Lakes Golf Estate,2,3,1,,R 23 000
4 Bedroom House,Pritoria,Woodhill Golf Estate,4,1,1,,R 70 000
0.5 Bedroom Apartment,Pritoria,Pretoria Central,0.5,2,2,,R 4 550
2 Bedroom Apartment,Pritoria,Hatfield,2,1,1,,R 10 950
2 Bedroom Apartment,Pritoria,Hatfield,2,2.5,1,,R 8 000
2 Bedroom Apartment,Pritoria,Menlo Park,2,1,2,,R 14 995
1 Bedroom House,Pritoria,Brooklyn,1,1,1,,R 14 000
2 Bedroom House,Pritoria,Hillcrest,2,2,,,R 5 000
2 Bedroom Apartment,Pritoria,Hazeldean,2,2,,,R 8 800
2 Bedroom Apartment,Pritoria,Mooikloof Glen,2,1,,,R 9 500
1 Bedroom Apartment,Pritoria,Hillcrest,1,,,,R 8 400
2 Bedroom Apartment,Pritoria,Hatfield,2,1,2,55 m²,R 9 000
3 Bedroom House,Pritoria,Willow Acres,3,2.5,2,90 m²,R 25 000
2 Bedroom Apartment,Pritoria,Brooklyn,2,2,2,55 m²,R 13 000
1 Bedroom Apartment,Pritoria,Pretoria Central,1,1,2,68 m²,R 5 500
2 Bedroom Apartment,Pritoria,Hatfield,2,1,2,32 m²,R 9 000
2 Bedroom Townhouse,Pritoria,Olympus AH,2,2,2,104 m²,R 16 950
3 Bedroom House,Pritoria,Waterkloof,3,2,3,101 m²,R 45 000
2 Bedroom Apartment,Pritoria,Lynnwood Glen,2,2,2,57 m²,R 12 750
0.5 Bedroom Apartment,Pritoria,Greencreek Lifestyle Estate,0.5,1,1,80 m²,R 5 900
3 Bedroom Apartment,Pritoria,Rietfontein,3,2,2,157 m²,R 9 200
2 Bedroom Apartment,Pritoria,Paramount Estate,2,2,2,157 m²,R 8 800
2 Bedroom House,Pritoria,Monument Park,2,2,4,,R 18 000
1 Bedroom Apartment,Pritoria,Baileys Muckleneuk,1,1,1,,R 6 600
1 Bedroom Apartment,Pritoria,Nieuw Muckleneuk,1,1,2,,R 17 000
5 Bedroom House,Pritoria,Waterkloof Ridge,5,4,10,,R 82 500
1 Bedroom Apartment,Pritoria,Brooklyn,1,1,1,,R 12 500
3 Bedroom House,Pritoria,Queenswood,3,2,1,,R 19 340
Apartment,Pritoria,Country View Estate,2,2,2,,R 9 500
2 Bedroom Townhouse,Pritoria,Lynnwood,3,2,2,,R 18 000
3 Bedroom Townhouse,Pritoria,Boardwalk Villas,3,2,2,,R 20 000
3 Bedroom Townhouse,Pritoria,Boardwalk Villas,,,,,R 20 000
3 Bedroom Townhouse,Pritoria,Boardwalk Villas,3,2,2,157 m²,R 20 000
3 Bedroom Townhouse,Pritoria,Boardwalk Villas,3,2,2,157 m²,R 20 000
5 Bedroom House,Pritoria,Waterkloof Ridge,5,4.5,7,92 m²,R 75 000
4 Bedroom House,Pritoria,Muckleneuk,4,3,1,96 m²,R 4 500
2 Bedroom House,Pritoria,Hatfield,2,1,2,80 m²,R 10 000
3 Bedroom Townhouse,Pritoria,Oukraal Estate,3,2,2,83 m²,R 11 000
3 Bedroom Apartment,Pritoria,Hatfield,3,1,2,38 m²,R 3 700
2 Bedroom Townhouse,Pritoria,Equestria,2,2,1,80 m²,R 13 800
2 Bedroom Apartment,Pritoria,Montana,2,1,1,54 m²,R 12 500
1.5 Bedroom Apartment,Pritoria,Arcadia,1.5,1,3,202 m²,R 6 000
1 Bedroom Apartment,Pritoria,Paradiso,1,1,1,40 m²,R 7 000
4 Bedroom House,Pritoria,Silver Lakes Golf Estate,4,3.5,1,74 m²,R 46 000
1 Bedroom Apartment,Pritoria,Blyde Riverwalk Estate,1,1,1,,R 11 000
1 Bedroom Apartment,Pritoria,Sunnyside,1,1,2,,R 2 300
2 Bedroom Apartment,Pritoria,Montana,2,1,1,,R 12 500
1 Bedroom Apartment,Pritoria,The Hills Game Reserve Estate,1,2,9,,R 8 500
3 Bedroom Townhouse,Pritoria,Olympus AH,3,1,1,,R 22 000
1 Bedroom Apartment,Pritoria,Nieuw Muckleneuk,1,3,2,,R 13 500
4 Bedroom House,Pritoria,Kameeldrift East,4,1,,,R 37 800
1 Bedroom Apartment,Pritoria,Waterkloof,1,2,,,R 13 800
2 Bedroom Apartment,Pritoria,Blyde Riverwalk Estate,2,,,,R 15 900
2 Bedroom Apartment,Pritoria,Gezina,2,1,2,16 m²,R 7 100
1 Bedroom Apartment,Pritoria,Gezina,1,1,1,64 m²,R 2 500
2 Bedroom Apartment,Pritoria,Brooklyn,2,2,1,156 m²,R 12 000
2 Bedroom Townhouse,Pritoria,Zwavelpoort AH,2,2,3,1 m²,R 12 100
2 Bedroom Apartment,Pritoria,Andeon AH,2,1,1,91 m²,R 6 950
1 Bedroom Apartment,Pritoria,Queenswood,1,1,3,82 m²,R 4 750
1 Bedroom Apartment,Pritoria,Hatfield,1,1,2,87 m²,R 6 800
Apartment,Pritoria,Brooklyn,4,4,6,150 m²,R 13 000
4 Bedroom House,Pritoria,Silver Lakes Golf Estate,2,1,2,82 m²,R 50 000
2 Bedroom Apartment,Pritoria,Olympus AH,2,1,2,60 m²,R 9 900
2 Bedroom Townhouse,Pritoria,Waverley,2,1,3,40 m²,R 9 500
2 Bedroom Townhouse,Pritoria,Andeon,2,1,1,,R 7 400
2 Bedroom Apartment,Pritoria,Montana,6,6.5,1,,R 8 300
6 Bedroom House,Pritoria,Waterkloof Ridge,3,2,2,,R 90 000
3 Bedroom House,Pritoria,Pretoria North,3,2,,,R 8 750
3 Bedroom House,Pritoria,Pretoria North,2,1,,,R 18 850
2 Bedroom Townhouse,Pritoria,Andeon,1,1,,,R 7 400
1 Bedroom Apartment,Pritoria,Erasmusrand,1,1,,,R 7 000
1 Bedroom Apartment,Pritoria,Sunnyside,2,2,,,R 4 200
2 Bedroom Apartment,Pritoria,Sinoville,1,1,,,R 10 400
1 Bedroom Apartment,Pritoria,Blyde Riverwalk Estate,,,,,R 8 900
0.5 Bedroom Apartment,Pritoria,Pretoria Central,0.5,1,1,63 m²,R 4 350
1 Bedroom Apartment,Pritoria,Arcadia,1,1,3,45 m²,R 3 300
3 Bedroom House,Pritoria,Muckleneuk,3,2,4,9 m²,R 40 000
3 Bedroom House,Pritoria,Equestria,3,2.5,2,175 m²,R 29 000
2 Bedroom Apartment,Pritoria,Brooklyn,2,2,1,106 m²,R 18 000
2 Bedroom Townhouse,Pritoria,Pretoria North,2,2,1,130 m²,R 7 200
1 Bedroom Apartment,Pritoria,Hatfield,1,1,1,,R 8 000
1 Bedroom Apartment,Pritoria,Erasmusrand,1,1,2,,R 5 500
3 Bedroom Apartment,Pritoria,Montana Tuine,3,2,2,,R 13 250
3 Bedroom Townhouse,Pritoria,The Wilds,3,2,2,,R 20 000
4 Bedroom House,Pritoria,Sinoville,4,3.5,2,,R 15 500
4 Bedroom House,Pritoria,Pretoria North,4,2,1,,R 14 495
2 Bedroom Apartment,Pritoria,Brooklyn,2,1.5,5,,R 14 000
4 Bedroom House,Pritoria,Rietondale,4,2.5,2,,R 21 000
2 Bedroom Apartment,Pritoria,Lynnwood,2,2,1,,R 15 000
2 Bedroom Townhouse,Pritoria,Pretoria North,2,2,2,,R 7 200
2 Bedroom House,Pritoria,Kirkney,2,1,1,,R 6 000
1 Bedroom Apartment,Pritoria,Hatfield,1,1,1,,R 4 500
2 Bedroom Townhouse,Pritoria,The Wilds,2,2,6,,R 14 500
3 Bedroom House,Pritoria,Waterkloof Ridge,3,3,,,R 27 000
Apartment,Pritoria,Lynnwood Glen,,,,,R 4 350
1 Bedroom Apartment,Pritoria,Pretoria Central,1,1,1,630 m²,R 4 570
2 Bedroom Apartment,Pritoria,Blyde Riverwalk Estate,2,2,1,36 m²,R 12 000
5 Bedroom House,Pritoria,Woodhill Golf Estate,5,5.5,3,101 m²,R 53 000
1 Bedroom Apartment,Pritoria,West Park,1,1,1,105 m²,R 6 250
2 Bedroom House,Pritoria,Queenswood,2,1,2,51 m²,R 10 000
3 Bedroom Apartment,Pritoria,Moreleta Park,3,2,2,50 m²,R 18 000
3 Bedroom Townhouse,Pritoria,Sterrewag,3,2,8,26 m²,R 20 000
4 Bedroom House,Pritoria,Nellmapius,4,2,1,,R 10 000
Apartment,Pritoria,Sunnyside,6,1,1,,R 4 500
6 Bedroom House,Pritoria,Waterkloof Ridge,1,7,1,,R 90 000
1 Bedroom Apartment,Pritoria,Lynnwood,2,1,1,,R 6 000
2 Bedroom Apartment,Pritoria,Hazeldean,2,2,1,,R 8 800
2 Bedroom Apartment,Pritoria,Hazeldean,2,2,4,,R 8 800
2 Bedroom Apartment,Pritoria,Blyde Riverwalk Estate,1,2,1,,R 12 000
1 Bedroom Apartment,Pritoria,Sunnyside,3,1,1,,R 3 800
3 Bedroom Apartment,Pritoria,Woodhill Golf Estate,1.5,1,1,,R 24 000
1.5 Bedroom Apartment,Pritoria,Hatfield,1,1,1,,R 6 400
1 Bedroom Apartment,Pritoria,Clydesdale,3,1,,,R 9 900
3 Bedroom Apartment,Pritoria,Hatfield,2,1,,,R 4 200
2 Bedroom House,Pritoria,Danville,1,1,,,R 7 350
1 Bedroom Apartment,Pritoria,Arcadia,,1,,,R 5 653
3 Bedroom House,Pritoria,Wapadrand,3,3,4,90 m²,R 31 000
3 Bedroom Apartment,Pritoria,Waterkloof,3,2,2,166 m²,R 30 000
2 Bedroom Apartment,Pritoria,Montana,2,2,3,40 m²,R 10 200
3 Bedroom Apartment,Pritoria,Waterkloof,3,2,2,70 m²,R 23 500
2 Bedroom Apartment,Pritoria,Silver Lakes Golf Estate,2,2,1,220 m²,R 23 000
2 Bedroom Apartment,Pritoria,Pretoriuspark,2,1,1,74 m²,R 8 300
1 Bedroom Apartment,Pritoria,Nieuw Muckleneuk,1,1,2,105 m²,R 13 800
1 Bedroom House,Pritoria,Faerie Glen,1,1,6,105 m²,R 7 500
2 Bedroom Apartment,Pritoria,Brooklyn,2,2,1,1 452 m²,R 11 000
3 Bedroom House,Pritoria,Willow Acres Ext 10,3,2,2,66 m²,R 25 000
1 Bedroom Apartment,Pritoria,Hatfield,1,1,1,,R 9 300
2 Bedroom Apartment,Pritoria,Brooklyn,2,2,1,,R 19 500
1 Bedroom Apartment,Pritoria,Wapadrand,1,1,1,,R 6 850
2 Bedroom Apartment,Pritoria,Blyde Riverwalk Estate,2,2,1,,R 18 000
3 Bedroom Apartment,Pritoria,Hazeldean,3,2,3,,R 9 500
3 Bedroom Apartment,Pritoria,Hazeldean,3,2,2,,R 9 500
4 Bedroom House,Pritoria,Muckleneuk,4,3,8,,R 35 000
2 Bedroom Apartment,Pritoria,Brooklyn,2,2,1,,R 19 500
9 Bedroom House,Pritoria,Patryshoek AH,9,6,,,R 39 025
2 Bedroom Apartment,Pritoria,Montana,2,2,,,R 10 200
12 Bedroom Apartment,Pritoria,Arcadia,12,12,,,R 5 000
Apartment,Pritoria,Colbyn,1,1,1,123 m²,R 7 200
1 Bedroom Apartment,Pritoria,Sunnyside,2,2,2,345 m²,R 4 980
2 Bedroom Apartment,Pritoria,Six Fountains,2,2,1,25 m²,R 15 500
2 Bedroom Apartment,Pritoria,Hazeldean,3,2,2,202 m²,R 9 500
3 Bedroom House,Pritoria,Willow Park Manor,3,2.5,2,202 m²,R 14 000
3 Bedroom House,Pritoria,Faerie Glen,0.5,1,1,68 m²,R 28 500
0.5 Bedroom Apartment,Pritoria,Pretoria Central,4,3.5,3,123 m²,R 4 160
4 Bedroom House,Pritoria,Waterkloof,1,1,1,68 m²,R 45 000
1 Bedroom House,Pritoria,Willow Park Manor,2,2,2,109 m²,R 5 200
2 Bedroom Apartment,Pritoria,Montana,3,2.5,4,92 m²,R 8 250
3 Bedroom Townhouse,Pritoria,Olympus AH,3,2.5,4,9 m²,R 22 000
3 Bedroom Townhouse,Pritoria,Olympus AH,1,1,1,,R 22 000
1 Bedroom Apartment,Pritoria,Hatfield,2,2,1,,R 4 200
2 Bedroom Apartment,Pritoria,Hazeldean,1,1,1,,R 9 500
1 Bedroom Apartment,Pritoria,Hatfield,2,1,1,,R 4 200
2 Bedroom Townhouse,Pritoria,The Wilds,1,1,1,,R 13 000
1 Bedroom Apartment,Pritoria,Colbyn,2,2,2,,R 8 500
2 Bedroom Apartment,Pritoria,Menlyn,3,1.5,1,,R 28 000
3 Bedroom Apartment,Pritoria,Sunnyside,1,1,1,,R 3 300
1 Bedroom Apartment,Pritoria,Villieria,2,1,,,R 4 000
2 Bedroom Apartment,Pritoria,Montana,,,,,R 6 500
Apartment,Pritoria,Silverton,2,1,2,101 m²,R 3 900
2 Bedroom Townhouse,Pritoria,Brooklyn,1,2,1,1 m²,R 12 750
1 Bedroom Apartment,Pritoria,Pretoria Central,2,1,1,90 m²,R 3 070
2 Bedroom Apartment,Pritoria,Mooikloof,2,2,2,90 m²,R 10 000
2 Bedroom Apartment,Pritoria,Alphen Park,2,2,1,,R 27 500
2 Bedroom Apartment,Pritoria,Hatfield,2,1,4,,R 8 000
2 Bedroom Apartment,Pritoria,Hatfield,5,2,1,,R 10 500
5 Bedroom House,Pritoria,Waterkloof Heights,1,5,2,,R 99 000
1 Bedroom Apartment,Pritoria,Brooklyn,3,1,2,,R 12 500
3 Bedroom Townhouse,Pritoria,Bronberg,4,2.5,2,,R 22 000
Apartment,Pritoria,Nieuw Muckleneuk,5,4,3,,R 4 500
4 Bedroom House,Pritoria,Silver Lakes Golf Estate,2,5,1,,R 75 000
5 Bedroom House,Pritoria,Woodhill Golf Estate,0.5,1,1,,R 53 000
2 Bedroom Apartment,Pritoria,Sinoville,2,1,1,,R 8 500
0.5 Bedroom Apartment,Pritoria,Sunnyside,2,2,1,,R 4 400
2 Bedroom Apartment,Pritoria,Silver Lakes Golf Estate,3,2,2,,R 24 000
2 Bedroom House,Pritoria,Danville,5,2,1,,R 7 500
3 Bedroom Apartment,Pritoria,Mooikloof,1,3.5,1,,R 11 500
5 Bedroom House,Pritoria,Silverwoods Country Estate,2,1,,,R 39 000
1 Bedroom Apartment,Pritoria,Roseville,,2,,,R 3 960
2 Bedroom Apartment,Pritoria,Silver Lakes Golf Estate,,,,,R 24 000
1 Bedroom Apartment,Pritoria,Muckleneuk,1,2,1,46 m²,R 5 500
2 Bedroom Apartment,Pritoria,Hatfield,2,1,1,140 m²,R 3 950
3 Bedroom Townhouse,Pritoria,Boardwalk Manor,3,2.5,2,202 m²,R 29 500
2 Bedroom Apartment,Pritoria,Hatfield,2,2,1,100 m²,R 9 000
2 Bedroom Apartment,Pritoria,Hatfield,2,1,3,202 m²,R 9 700
3 Bedroom House,Pritoria,Annlin,3,1,2,101 m²,R 10 800
1 Bedroom Apartment,Pritoria,Waterkloof,1,1,2,98 m²,R 1 500                        per day
3 Bedroom House,Pritoria,Pretoria North,3,2,4,,R 18 990
4 Bedroom House,Pritoria,Waterkloof Ridge,4,4.5,2,,R 70 000
3 Bedroom Townhouse,Pritoria,Olympus AH,3,2.5,4,,R 19 000
2 Bedroom Apartment,Pritoria,Silver Lakes Golf Estate,2,1,2,,R 18 500
3 Bedroom Townhouse,Pritoria,Olympus AH,3,2.5,3,,R 21 000
2 Bedroom Apartment,Pritoria,Menlo Park,2,2.5,2,,R 15 000
3 Bedroom Townhouse,Pritoria,Olympus AH,3,2.5,2,,R 22 000
2 Bedroom Apartment,Pritoria,Menlyn,2,2,2,,R 45 000
2 Bedroom Apartment,Pritoria,Lynnwood,2,2,1,,R 14 000
3 Bedroom House,Pritoria,Mamelodi East,3,2,1,,R 4 500
2 Bedroom Apartment,Pritoria,Hazeldean,2,2,,,R 9 500
2 Bedroom Apartment,Pritoria,Hazeldean,2,2,,,R 9 500
1 Bedroom Apartment,Pritoria,Garsfontein,1,1,,,R 4 300
1 Bedroom Apartment,Pritoria,Garsfontein,1,1,,,R 4 300
3 Bedroom Townhouse,Pritoria,Montana Tuine,3,2,1,1 200 m²,R 15 000
4 Bedroom House,Pritoria,Woodhill Golf Estate,4,3.5,4,144 m²,R 65 000
3 Bedroom House,Pritoria,Annlin,3,1,4,79 m²,R 11 000
4 Bedroom House,Pritoria,Menlo Park,4,3,4,30 m²,R 18 500
1 Bedroom House,Pritoria,Brooklyn,1,1,1,,R 7 500
5 Bedroom House,Pritoria,Waterkloof Ridge,5,5,3,,R 75 000
2 Bedroom Townhouse,Pritoria,The Wilds,2,2,2,,R 15 500
1 Bedroom Apartment,Pritoria,Sunnyside,1,1,1,,R 4 560
2 Bedroom Apartment,Pritoria,Montana Park,2,1,1,,R 8 500
0.5 Bedroom Apartment,Pritoria,Capital Park,0.5,1,1,,R 3 940
2 Bedroom Apartment,Pritoria,Pretoria North,2,1,3,,R 5 700
4 Bedroom House,Pritoria,Newlands,4,3,4,,R 22 790
6 Bedroom House,Pritoria,Waterkloof Ridge,6,6.5,1,,R 90 000
1 Bedroom Apartment,Pritoria,Hatfield,1,1,2,,R 4 100
1 Bedroom Apartment,Pritoria,Gezina,1,1,2,,R 4 300
1 Bedroom Apartment,Pritoria,Hatfield,1,1,1,,R 4 100
3 Bedroom Apartment,Pritoria,Mooikloof Glen,3,2,4,,R 12 000
1 Bedroom Apartment,Pritoria,Mahube Valley,1,1,,,R 2 500
3 Bedroom House,Pritoria,Garsfontein,3,2,,,R 19 000
2.5 Bedroom Apartment,Pritoria,Monument Park,2.5,1,,,R 8 800
3 Bedroom Townhouse,Pritoria,Equestria,3,1,,,R 14 000
2 Bedroom Apartment,Pritoria,Erasmuskloof,2,1,1,64 m²,R 9 500
1 Bedroom Apartment,Pritoria,Silver Lakes Golf Estate,1,1,1,68 m²,R 12 000
1.5 Bedroom Apartment,Pritoria,Arcadia,1.5,1,2,,R 6 300
2 Bedroom Townhouse,Pritoria,Pretoria North,2,1,1,,R 6 200
1 Bedroom Apartment,Pritoria,Colbyn,1,1,1,,R 8 200
1 Bedroom House,Pritoria,Lydiana,1,1,1,,R 5 750
1 Bedroom Apartment,Pritoria,Pretoria West,1,1,1,,R 6 250
2 Bedroom Apartment,Pritoria,Willow Park Manor,2,2,1,,R 10 500
1 Bedroom Apartment,Pritoria,Brooklyn,1,1,2,,R 4 950
3 Bedroom Apartment,Pritoria,Menlo Park,3,3,2,,R 18 995
1.5 Bedroom Apartment,Pritoria,Arcadia,1.5,1,1,,R 6 300
2 Bedroom Apartment,Pritoria,East Lynne,2,1,2,,R 5 500
3 Bedroom Apartment,Pritoria,Hatfield,3,1,1,,R 3 950
1.5 Bedroom Apartment,Pritoria,Tileba,1.5,1,2,,R 4 945
1 Bedroom Apartment,Pritoria,Hatfield,1,1,1,,R 4 400
1 Bedroom Apartment,Pritoria,Blyde Riverwalk Estate,1,1,9,,R 10 500
1 Bedroom House,Pritoria,Waterkloof Heights,1,1,1,,R 13 995
5 Bedroom House,Pritoria,Waterkloof Heights,5,5.5,1,,R 95 000
1 Bedroom Apartment,Pritoria,Waterkloof,1,1,1,,R 10 990
0.5 Bedroom Apartment,Pritoria,Mayville,0.5,1,,,R 3 840
1 Bedroom Apartment,Pritoria,Villieria,1,1,,,R 4 250
5 Bedroom House,Pritoria,Waterkloof Heights,5,4,2,38 m²,R 40 000
2 Bedroom Apartment,Pritoria,Faerie Glen,2,2,1,71 m²,R 10 500
House,Pritoria,Lynnwood,1,1,1,31 m²,R 6 800
1 Bedroom Apartment,Pritoria,Queenswood,2,1,2,260 m²,R 4 750
2 Bedroom Apartment,Pritoria,Willow Park Manor,2,2,1,,R 10 500
2 Bedroom Apartment,Pritoria,Waverley,2,1,1,,R 7 300
2 Bedroom Apartment,Pritoria,Faerie Glen,3,2,2,,R 10 500
3 Bedroom House,Pritoria,Glenway Estate,3,2,4,,R 8 500
3 Bedroom House,Pritoria,Waterkloof Ridge,2,2,2,,R 27 000
2 Bedroom Apartment,Pritoria,Lynnwood,0.5,2,1,,R 15 500
0.5 Bedroom Apartment,Pritoria,Arcadia,1,1,1,,R 4 882
Apartment,Pritoria,Pretoria Central,2,1,1,,R 4 453
1 Bedroom Townhouse,Pritoria,Montana Tuine,2,1,1,,R 6 000
2 Bedroom Apartment,Pritoria,Hatfield,2,2,2,,R 9 250
2 Bedroom Apartment,Pritoria,Mooikloof,1,2,1,,R 11 500
2 Bedroom Apartment,Pritoria,Brooklyn,1,2,1,,R 13 000
1 Bedroom Apartment,Pritoria,Menlo Park,3,1,1,,R 8 050
Apartment,Pritoria,Hatfield,2,1,6,,R 7 000
1 Bedroom Apartment,Pritoria,Capital Park,,1,2,,R 5 000
3 Bedroom House,Pritoria,Brooklyn,,3.5,,,R 26 000
2 Bedroom Apartment,Pritoria,Brooklyn,,2,,,R 17 000
2 Bedroom Apartment,Pritoria,Sinoville,2,1,1,1 m²,R 8 500
1 Bedroom Apartment,Pritoria,Waterkloof,1,1,1,50 m²,R 15 000
1 Bedroom Apartment,Pritoria,Philip Nel Park,1,1,1,88 m²,R 4 250
1 Bedroom Apartment,Pritoria,Annlin,1,1,2,,R 6 150
2 Bedroom House,Pritoria,Kirkney,2,1,1,,R 5 700
3 Bedroom House,Pritoria,Sunnyside,3,1,3,,R 6 800
3 Bedroom House,Pritoria,Willow Acres,3,2,1,,R 25 000
1 Bedroom Apartment,Pritoria,Waterkloof,1,1,2,,R 10 990
3 Bedroom House,Pritoria,Featherwood Retirement Estate,3,2,1,,R 14 000
2 Bedroom Apartment,Pritoria,Blyde Riverwalk Estate,2,2,1,,R 12 500
1 Bedroom Apartment,Pritoria,Mahube Valley,1,1,2,,R 5 500
1 Bedroom Apartment,Pritoria,Hatfield,1,1,2,,R 5 500
2 Bedroom Apartment,Pritoria,Waterkloof,2,2,3,,R 13 800
3 Bedroom Townhouse,Pritoria,Equestria,3,2,1,,R 20 000
Apartment,Pritoria,Brooklyn,3,2,2,,R 9 200
3 Bedroom House,Pritoria,Willow Acres,2,1,1,,R 25 000
Apartment,Pritoria,Colbyn,2,2,3,,R 7 800
2 Bedroom Apartment,Pritoria,Sinoville,3,2,,,R 10 500
2 Bedroom Apartment,Pritoria,Eastwood,1,3.5,,,R 18 500
3 Bedroom House,Pritoria,Waterkloof Ridge,,1,,,R 32 000
1 Bedroom Apartment,Pritoria,Menlo Park,,,,,R 9 200
2 Bedroom Townhouse,Pritoria,Lynnwood Ridge,2,2,2,80 m²,R 10 500
2 Bedroom House,Pritoria,Lynnwood Glen,2,2,2,70 m²,R 25 000
2 Bedroom Apartment,Pritoria,Sinoville,2,2,1,54 m²,R 10 400
2 Bedroom Apartment,Pritoria,Brooklyn,2,2,1,64 m²,R 12 000
2 Bedroom House,Pritoria,Mooiplaats AH,2,2,2,92 m²,R 6 250
1 Bedroom House,Pritoria,Hatfield,1,1,10,,R 6 300
9 Bedroom House,Pritoria,Brooklyn,9,8,4,,R 3 750
2 Bedroom Apartment,Pritoria,Villieria,2,2,2,,R 8 500
2 Bedroom Apartment,Pritoria,Annlin,2,1,1,,R 6 100
1 Bedroom Apartment,Pritoria,Brooklyn,1,1,1,,R 10 000
4 Bedroom Townhouse,Pritoria,Tyger Valley,4,3.5,2,,R 14 000
4 Bedroom Apartment,Pritoria,Silver Lakes Golf Estate,4,3,2,,R 28 000
2 Bedroom Apartment,Pritoria,Brooklyn,2,2,1,,R 12 000
2 Bedroom Apartment,Pritoria,Lynnwood Manor,2,1,2,,R 10 800
2 Bedroom Apartment,Pritoria,Brooklyn,2,2,4,,R 15 000
3 Bedroom Townhouse,Pritoria,Menlo Park,3,2,1,,R 34 000
1 Bedroom Apartment,Pritoria,Waterkloof,1,1,2,,R 9 990
4 Bedroom Apartment,Pritoria,Silver Lakes Golf Estate,4,3,,,R 28 000
4 Bedroom House,Pritoria,Silver Lakes Golf Estate,4,2,,,R 34 000
2 Bedroom Apartment,Pritoria,Lynnwood,2,1,,,R 10 800
2 Bedroom Apartment,Pritoria,Equestria,2,2,,,R 10 300
2 Bedroom Apartment,Pritoria,Waverley,2,1,2,110 m²,R 6 500
1 Bedroom Apartment,Pritoria,Waterkloof,1,1,1,67 m²,R 10 990
4.5 Bedroom Apartment,Pritoria,Muckleneuk,4.5,1,2,147 m²,R 10 200
3 Bedroom House,Pritoria,Waterkloof,3,2,2,,R 34 000
2 Bedroom Apartment,Pritoria,Pretoria North,2,2,1,,R 6 000
1 Bedroom House,Pritoria,Patryshoek AH,1,1,1,,R 5 575
3 Bedroom House,Pritoria,Patryshoek AH,3,2,2,,R 13 380
4 Bedroom House,Pritoria,Patryshoek AH,4,2,8,,R 17 840
2 Bedroom House,Pritoria,Philip Nel Park,2,1,1,,R 5 800
2 Bedroom Apartment,Pritoria,Hatfield,2,2,2,,R 10 750
2 Bedroom Apartment,Pritoria,Blyde Riverwalk Estate,2,2,1,,R 20 000
4 Bedroom Townhouse,Pritoria,Eastwood,4,4,1,,R 18 500
1 Bedroom Apartment,Pritoria,Lombardy Estate,1,1,2,,R 13 900
1 Bedroom Apartment,Pritoria,Hillcrest,1,1,1,,R 8 000
2 Bedroom Apartment,Pritoria,Menlo Park,2,2,1,,R 7 750
1 Bedroom Apartment,Pritoria,Hatfield,1,1,1,,R 4 830
4 Bedroom House,Pritoria,Patryshoek AH,4,2,8,,R 17 840
1 Bedroom Apartment,Pritoria,Kameelfontein,1,1,1,,R 4 800
1 Bedroom Apartment,Pritoria,Menlyn,1,1,5,,R 23 000
3 Bedroom House,Pritoria,Menlo Park,3,3.5,3,,R 36 500
3 Bedroom House,Pritoria,Oukraal Estate,3,2.5,,,R 18 000
3 Bedroom House,Pritoria,Silver Lakes,3,2,2,1 m²,R 32 000
1 Bedroom Apartment,Pritoria,Silver Lakes Golf Estate,1,1,1,43 m²,R 10 500
3 Bedroom House,Pritoria,Silver Lakes Golf Estate,3,2.5,4,60 m²,R 38 700
1.5 Bedroom Apartment,Pritoria,Arcadia,1.5,1,1,58 m²,R 6 200
2 Bedroom Apartment,Pritoria,Hatfield,2,1,2,110 m²,R 9 100
3 Bedroom Townhouse,Pritoria,Christiaanville AH,3,1,2,65 m²,R 13 200
2 Bedroom Townhouse,Pritoria,Annlin-Wes,2,2,2,34 m²,R 7 400
3 Bedroom Townhouse,Pritoria,Christiaanville AH,3,2,1,64 m²,R 16 000
1 Bedroom Apartment,Pritoria,Willow Park Manor,1,1,1,,R 8 100
1 Bedroom Apartment,Pritoria,Blyde Riverwalk Estate,1,1,1,,R 13 300
1 Bedroom Apartment,Pritoria,Sunnyside,1,1,1,,R 2 700
2 Bedroom Townhouse,Pritoria,The Wilds,2,1,1,,R 13 000
2 Bedroom Apartment,Pritoria,East Lynne,2,1,1,,R 6 900
Apartment,Pritoria,Pretoria Central,1,1,2,,R 4 100
1 Bedroom Apartment,Pritoria,Menlo Park,3,2,1,,R 7 750
3 Bedroom Townhouse,Pritoria,Montana,1,1,1,,R 13 250
1 Bedroom Apartment,Pritoria,Sinoville,1,1,1,,R 5 800
1 Bedroom House,Pritoria,Silver Lakes Golf Estate,1,1,1,,R 10 500
1 Bedroom House,Pritoria,Silver Lakes Golf Estate,1,1,1,,R 10 500
1 Bedroom Apartment,Pritoria,Groenkloof,2,2,,,R 5 000
2 Bedroom Apartment,Pritoria,Brooklyn,,,,,R 14 000
2 Bedroom Apartment,Pritoria,Menlo Park,2,2,1,55 m²,R 7 750
1 Bedroom Apartment,Pritoria,Silver Lakes,1,1,1,88 m²,R 8 500
2 Bedroom Apartment,Pritoria,Rietvalleirand,2,2,2,160 m²,R 14 000
4 Bedroom House,Pritoria,Woodhill Golf Estate,4,4.5,6,,R 65 000
2 Bedroom Apartment,Pritoria,Rietvalleirand,2,2,2,,R 14 000
3 Bedroom House,Pritoria,Montana,3,1,1,,R 10 000
1 Bedroom Apartment,Pritoria,Mahube Valley,1,1,1,,R 6 500
0.5 Bedroom Apartment,Pritoria,Pretoria Central,0.5,1,5,,R 4 200
0.5 Bedroom Apartment,Pritoria,Pretoria Central,0.5,1,1,,R 4 550
0.5 Bedroom Apartment,Pritoria,Arcadia,0.5,1,1,,R 4 850
5 Bedroom House,Pritoria,Woodhill Golf Estate,5,5,1,,R 65 000
1 Bedroom Apartment,Pritoria,Weavind Park,1,1,2,,R 5 900
2 Bedroom Apartment,Pritoria,Willow Park Manor,2,1,4,,R 9 600
2 Bedroom House,Pritoria,Lotus Gardens,2,1,2,,R 6 000
3 Bedroom House,Pritoria,Brooklyn,3,3,2,,R 23 000
2 Bedroom Apartment,Pritoria,Sinoville,2,2,4,,R 10 400
4 Bedroom House,Pritoria,Dorandia,4,2,3,,R 13 500
2 Bedroom Apartment,Pritoria,Arcadia,2,1,,,R 9 500
3 Bedroom House,Pritoria,Olympus AH,3,2,,,R 21 000
3 Bedroom House,Pritoria,Muckleneuk,3,3,,,R 17 000
1 Bedroom Apartment,Pritoria,Waterkloof,1,1,,,R 9 990
4 Bedroom House,Pritoria,Moregloed,4,2,2,101 m²,R 15 500
1 Bedroom Apartment,Pritoria,Mountain View,1,1,1,60 m²,R 4 250
2 Bedroom Apartment,Pritoria,Waterkloof,2,2,2,39 m²,R 13 000
2 Bedroom Apartment,Pritoria,Hazeldean,2,2,1,71 m²,R 8 800
1 Bedroom Apartment,Pritoria,Blyde Riverwalk Estate,1,1,1,105 m²,R 8 350
0.5 Bedroom Apartment,Pritoria,Hatfield,0.5,1,1,16 m²,R 7 700
3 Bedroom House,Pritoria,Andeon,3,2,1,,R 8 500
3 Bedroom House,Pritoria,Gem Valley,3,2,2,,R 6 000
2 Bedroom Apartment,Pritoria,Waverley,2,1,4,,R 11 000
2 Bedroom Apartment,Pritoria,Mooikloof,2,2,1,,R 9 500
4 Bedroom House,Pritoria,Waterkloof,4,2,1,,R 38 000
2 Bedroom Apartment,Pritoria,Hazeldean,2,2,1,,R 8 800
House,Pritoria,Claremont,2,1,1,,R 3 000
2 Bedroom Apartment,Pritoria,Hatfield,1,2,1,,R 13 000
1 Bedroom House,Pritoria,Boardwalk Meander,3,1,2,,R 9 950
3 Bedroom Apartment,Pritoria,Blyde Riverwalk Estate,0.5,2,3,,R 23 500
0.5 Bedroom Apartment,Pritoria,Arcadia,2,1,,,R 4 221
2 Bedroom Apartment,Pritoria,Lotus Gardens,4,2,,,R 7 350
Apartment,Pritoria,Mamelodi East,,1,,,R 2 750
4 Bedroom House,Pritoria,Silver Lakes Golf Estate,,3,,,R 45 000
Apartment,Pritoria,Mamelodi East,,1,,,R 2 750
1 Bedroom Apartment,Pritoria,Hatfield,1,1,1,40 m²,R 6 500
2 Bedroom Apartment,Pritoria,Lynnwood,2,1,1,91 m²,R 10 130
2 Bedroom Apartment,Pritoria,Kwaggasrand,2,1,1,57 m²,R 5 300
1 Bedroom Apartment,Pritoria,Sunnyside,1,1,2,55 m²,R 4 700
1 Bedroom House,Pritoria,Savannah Country Estate,1,1,1,32 m²,R 7 500
3 Bedroom Townhouse,Pritoria,Equestria,3,2,2,64 m²,R 22 300
3 Bedroom Apartment,Pritoria,Hatfield,3,2,2,125 m²,R 3 500
1 Bedroom Apartment,Pritoria,Menlyn,3,1,1,,R 20 000
2 Bedroom House,Pritoria,Faerie Glen,1,2,1,,R 14 500
2 Bedroom House,Pritoria,Featherwood Retirement Estate,2,1,2,,R 16 500
2 Bedroom Apartment,Pritoria,Hatfield,2,1,1,,R 9 500
3 Bedroom Townhouse,Pritoria,Erasmuskloof,2,2,1,,R 15 000
4 Bedroom House,Pritoria,Woodhill Golf Estate,3,4,3,,R 60 000
1 Bedroom Apartment,Pritoria,Mooikloof Glen,4,1,1,,R 6 500
10 Bedroom House,Pritoria,Hatfield,1,5,1,,R 3 150
1 Bedroom House,Pritoria,Mooikloof Equestrian Estate,10,1,1,,R 6 500
2 Bedroom Apartment,Pritoria,Brooklyn,1,2,2,,R 14 000
2 Bedroom Apartment,Pritoria,Silver Lakes Golf Estate,2,2,,,R 24 000
20 Bedroom House,Pritoria,Arcadia,2,8,,,R 3 250
10 Bedroom House,Pritoria,Hatfield,20,5,,,R 3 150
2 Bedroom Apartment,Pritoria,Sinoville,2,2,2,57 m²,R 10 600
2 Bedroom Apartment,Pritoria,Hatfield,2,2,1,202 m²,R 10 000
2 Bedroom Apartment,Pritoria,Lotus Gardens,2,2,2,350 m²,R 7 550
3 Bedroom Apartment,Pritoria,Blyde Riverwalk Estate,3,2,2,94 m²,R 17 000
1 Bedroom House,Pritoria,Garsfontein,1,1,1,,R 6 200
3 Bedroom Townhouse,Pritoria,Olympus AH,3,2.3,2,,R 22 000
3 Bedroom House,Pritoria,Waterkloof Ridge,3,2,4,,R 35 000
1 Bedroom House,Pritoria,Garsfontein,1,1,1,,R 6 200
3 Bedroom Apartment,Pritoria,Waterkloof,3,2,2,,R 23 000
1 Bedroom Townhouse,Pritoria,Baileys Muckleneuk,1,1,1,,R 8 500
2 Bedroom Apartment,Pritoria,Menlo Park,2,2,1,,R 14 000
2 Bedroom Apartment,Pritoria,Hatfield,2,1,2,,R 10 500
Apartment,Pritoria,Pretoria Central,2,3,2,,R 6 800
2 Bedroom Apartment,Pritoria,Montana,3,1,2,,R 8 900
3 Bedroom House,Pritoria,Silverwoods Country Estate,3,3,2,,R 50 000
House,Pritoria,Lotus Gardens,1.5,1,1,,R 3 800
3 Bedroom Townhouse,Pritoria,Menlo Park,1,1,2,,R 15 500
1.5 Bedroom House,Pritoria,Rietfontein,3,2,6,,R 5 000
1 Bedroom Apartment,Pritoria,Hillcrest,1,1,1,,R 6 400
3 Bedroom House,Pritoria,Dorandia,,,,,R 15 700
1 Bedroom Townhouse,Pritoria,Rietvalleirand,,,,,R 11 500
Apartment,Pritoria,Lotus Gardens,4,4,8,48 m²,R 1 000
4 Bedroom House,Pritoria,Woodhill Golf Estate,2,1,1,140 m²,R 95 000
2 Bedroom Townhouse,Pritoria,Olympus AH,1,1,1,163 m²,R 7 900
1 Bedroom House,Pritoria,Groenkloof,1,1,1,84 m²,R 9 990
1 Bedroom Apartment,Pritoria,Mooikloof Glen,4,2,1,35 m²,R 7 500
4 Bedroom House,Pritoria,Waterkloof Ridge,3,1,2,163 m²,R 30 000
3 Bedroom Apartment,Pritoria,Doornpoort,3,2,2,,R 9 850
3 Bedroom Townhouse,Pritoria,Hazeldean,2,2,2,,R 14 000
2 Bedroom House,Pritoria,Faerie Glen,3,2,1,,R 10 000
3 Bedroom Townhouse,Pritoria,The Wilds,2,2,1,,R 18 000
2 Bedroom Apartment,Pritoria,Sinoville,2,2,1,,R 10 200
2 Bedroom Apartment,Pritoria,Brooklyn,1,1,1,,R 15 800
1 Bedroom Apartment,Pritoria,Pretoria Central,1,1,2,,R 5 600
Apartment,Pritoria,Pretoria North,2,0.5,2,,R 4 700
1 Bedroom House,Pritoria,Patryshoek AH,3,2,2,,R 5 575
2 Bedroom Apartment,Pritoria,Lynnwood Glen,2,2,1,,R 12 750
3 Bedroom Townhouse,Pritoria,The Wilds,0.5,1,1,,R 18 000
2 Bedroom Apartment,Pritoria,Queenswood,3,1,1,,R 8 000
0.5 Bedroom House,Pritoria,Queenswood,2,2,,,R 6 955
3 Bedroom House,Pritoria,Lotus Gardens,,1,,,R 7 000
2 Bedroom Apartment,Pritoria,Montana Tuine,,,,,R 7 000
1 Bedroom Apartment,Pritoria,Riviera,1,1,1,120 m²,R 5 250
1 Bedroom Apartment,Pritoria,Riviera,1,1,1,105 m²,R 5 250
2 Bedroom Apartment,Pritoria,Waterkloof Park,2,2,2,90 m²,R 18 500
2 Bedroom Apartment,Pritoria,Hazeldean,2,2,1,60 m²,R 8 800
2 Bedroom Apartment,Pritoria,Pretoria North,2,1,1,58 m²,R 6 000
Apartment,Pritoria,Brooklyn,1.5,1,9,42 m²,R 4 500
1.5 Bedroom Apartment,Pritoria,Menlo Park,1,1,1,86 m²,R 4 900
1 Bedroom Apartment,Pritoria,Sunnyside,2,1,4,163 m²,R 4 500
2 Bedroom House,Pritoria,Groenkloof,5,1,1,,R 27 990
5 Bedroom House,Pritoria,Waterkloof Ridge,2,3,3,,R 75 000
2 Bedroom Apartment,Pritoria,Hatfield,6,1,3,,R 11 800
6 Bedroom House,Pritoria,Waterkloof,1,6.5,1,,R 90 000
1 Bedroom Apartment,Pritoria,Philip Nel Park,2,1,2,,R 3 500
Apartment,Pritoria,Pretoria Central,3,1,1,,R 3 472
2 Bedroom Townhouse,Pritoria,Annlin,3,1,2,,R 6 700
3 Bedroom House,Pritoria,Danville,2,2,,,R 7 800
3 Bedroom House,Pritoria,Lynnwood Glen,2,2,,,R 4 250
2 Bedroom House,Pritoria,Groenkloof,1,1,,,R 23 990
2 Bedroom Apartment,Pritoria,Brooklyn,3,2,,,R 16 000
1 Bedroom Apartment,Pritoria,Villieria,,1,,,R 4 500
3 Bedroom Townhouse,Pritoria,The Wilds,,2,,,R 18 000
2 Bedroom Apartment,Pritoria,Hatfield,2,2,1,63 m²,R 11 500
2 Bedroom Apartment,Pritoria,West Park,2,1,2,70 m²,R 5 400
Apartment,Pritoria,Hatfield,2,2,2,68 m²,R 3 950
2 Bedroom Apartment,Pritoria,Lotus Gardens,1,1,4,79 m²,R 7 150
1 Bedroom Apartment,Pritoria,Mooikloof,4,2,1,68 m²,R 7 500
Apartment,Pritoria,Hatfield,2,2,1,110 m²,R 3 950
4 Bedroom House,Pritoria,Villieria,2,1,2,140 m²,R 15 000
2 Bedroom Townhouse,Pritoria,Silver Lakes Golf Estate,1,1,2,122 m²,R 28 000
2 Bedroom Townhouse,Pritoria,The Wilds,3,3,8,,R 12 000
1 Bedroom Townhouse,Pritoria,Moreleta Park,3,3,4,,R 4 500
3 Bedroom Townhouse,Pritoria,Menlo Park,6,6.5,4,,R 30 000
3 Bedroom Apartment,Pritoria,Zambezi Manor Lifestyle Estate,4,3,4,,R 15 750
6 Bedroom Townhouse,Pritoria,Waterkloof Ridge,3,3,1,,R 90 000
4 Bedroom House,Pritoria,Woodhill Golf Estate,6,8,1,,R 45 000
3 Bedroom Apartment,Pritoria,Nieuw Muckleneuk,4,3,1,,R 24 000
6 Bedroom House,Pritoria,Waterkloof Ridge,2,2,2,,R 94 000
4 Bedroom House,Pritoria,Lynnwood,1,1,,,R 30 000
2 Bedroom House,Pritoria,Waterkloof,2,1,,,R 15 950
1 Bedroom Apartment,Pritoria,Blyde Riverwalk Estate,2,2,,,R 13 900
2 Bedroom Apartment,Pritoria,Wolmer,,,,,R 7 400
2 Bedroom Apartment,Pritoria,Brooklyn,,,,,R 16 500
1 Bedroom Apartment,Pritoria,Eastwood,1,1,2,100 m²,R 13 500
2 Bedroom Apartment,Pritoria,Sinoville,2,1,2,100 m²,R 9 500
3 Bedroom House,Pritoria,Waterkloof Glen,3,2.5,2,80 m²,R 35 000
2 Bedroom Apartment,Pritoria,Sinoville,2,1,2,65 m²,R 9 500
2 Bedroom Apartment,Pritoria,Sinoville,2,1,4,75 m²,R 8 500
4 Bedroom House,Pritoria,Waterkloof,4,4,2,60 m²,R 45 000
2 Bedroom House,Pritoria,Brooklyn,2,2,1,64 m²,R 30 000
1 Bedroom House,Pritoria,Clydesdale,1,1,1,174 m²,R 4 500
1 Bedroom House,Pritoria,Groenkloof,1,1,1,,R 12 990
2 Bedroom Apartment,Pritoria,Menlo Park,2,2,2,,R 12 700
2 Bedroom Apartment,Pritoria,Menlo Park,2,2,2,,R 18 000
4 Bedroom House,Pritoria,Waterkloof Ridge,4,3.5,1,,R 41 000
2 Bedroom Apartment,Pritoria,Hatfield,2,1,2,,R 10 500
2 Bedroom Apartment,Pritoria,Hatfield,2,1,1,,R 11 000
1 Bedroom Apartment,Pritoria,Menlyn,1,1,1,,R 27 000
1 Bedroom House,Pritoria,Eastwood,1,1,1,,R 10 500
3 Bedroom Apartment,Pritoria,Equestria,3,3.5,4,,R 9 300
3 Bedroom House,Pritoria,Arcadia,3,1,4,,R 25 000
1.5 Bedroom Apartment,Pritoria,Arcadia,1.5,7.5,3,,R 6 000
5 Bedroom House,Pritoria,Woodhill Golf Estate,5,2,,,R 85 000
3 Bedroom Townhouse,Pritoria,Moreleta Park,3,,,,R 20 000
3 Bedroom House,Pritoria,Waterkloof,3,3,3,213 m²,R 23 000
1 Bedroom Apartment,Pritoria,Kwaggasrand,1,1,1,29 m²,R 4 525
2 Bedroom Apartment,Pritoria,Lynnwood,2,1,1,43 m²,R 8 750
2 Bedroom Apartment,Pritoria,Hatfield,2,2,1,109 m²,R 10 000
2 Bedroom House,Pritoria,Silver Lakes Golf Estate,2,1,2,43 m²,R 28 000
1 Bedroom House,Pritoria,Meyerspark,1,1,3,,R 2 500
1 Bedroom Townhouse,Pritoria,Menlo Park,1,1,1,,R 10 400
3 Bedroom Apartment,Pritoria,Mooikloof Glen,3,2,1,,R 11 500
4 Bedroom House,Pritoria,Lynnwood Glen,4,2.5,3,,R 25 000
1 Bedroom Apartment,Pritoria,Brooklyn,1,1,1,,R 12 750
2 Bedroom House,Pritoria,The Wilds,2,1,6,,R 13 000
1 Bedroom Apartment,Pritoria,Riviera,1,1,1,,R 5 900
1 Bedroom Apartment,Pritoria,Brooklyn,1,1,2,,R 12 900
3 Bedroom House,Pritoria,Faerie Glen,3,3,1,,R 28 000
1 Bedroom Apartment,Pritoria,Hatfield,1,1,2,,R 7 200
3 Bedroom Apartment,Pritoria,Mooikloof Glen,3,2,1,,R 11 500
1 Bedroom Apartment,Pritoria,Waterkloof,1,1,1,,R 11 300
4 Bedroom House,Pritoria,Lynnwood Glen,4,2,,,R 30 000
1 Bedroom Apartment,Pritoria,Waterkloof,1,1,,,R 10 990
2.5 Bedroom Apartment,Pritoria,Sunnyside,2.5,1,,,R 5 670
1 Bedroom Townhouse,Pritoria,Brummeria,1,1,,,R 7 500
3 Bedroom Apartment,Pritoria,Menlo Park,3,3,2,181 m²,R 25 500
3 Bedroom House,Pritoria,Faerie Glen,3,2.5,2,36 m²,R 25 500
1 Bedroom Apartment,Pritoria,Blyde Riverwalk Estate,1,1,1,84 m²,R 10 500
Apartment,Pritoria,Lotus Gardens,2,1,2,125 m²,R 6 750
2 Bedroom Apartment,Pritoria,Lotus Gardens,4,3,4,88 m²,R 7 150
4 Bedroom House,Pritoria,Woodhill Golf Estate,2,1,1,105 m²,R 75 000
2 Bedroom House,Pritoria,Danville,1,1,1,1 m²,R 6 500
1 Bedroom Apartment,Pritoria,Queenswood,1,1,1,,R 6 000
1 Bedroom Apartment,Pritoria,Doornpoort AH,9,2,2,,R 6 700
9 Bedroom House,Pritoria,Sunnyside,3,1,2,,R 3 300
3 Bedroom Apartment,Pritoria,West Park,2,2,1,,R 5 800
2 Bedroom Apartment,Pritoria,Silver Lakes Golf Estate,2,2,2,,R 22 000
2 Bedroom Apartment,Pritoria,Sinoville,3,3,1,,R 10 400
3 Bedroom House,Pritoria,Bronberg,9,2,1,,R 22 000
9 Bedroom House,Pritoria,Sunnyside,3,2.5,1,,R 3 300
3 Bedroom Townhouse,Pritoria,Olympus AH,3,2,1,,R 22 000
3 Bedroom Apartment,Pritoria,Hazeldean,2,1,,,R 9 500
2 Bedroom House,Pritoria,Mamelodi East,1,1,,,R 6 000
1 Bedroom Apartment,Pritoria,Shere,1.5,1,,,R 7 000
1.5 Bedroom Apartment,Pritoria,Arcadia,3,2,,,R 6 500
3 Bedroom House,Pritoria,Lotus Gardens,,,,,R 8 000
1 Bedroom Apartment,Pritoria,Ashlea Gardens,1,1,3,43 m²,R 18 750
1 Bedroom Apartment,Pritoria,Sunnyside,1,1,2,45 m²,R 5 000
1 Bedroom Apartment,Pritoria,Gezina,1,1,1,140 m²,R 4 200
2 Bedroom Apartment,Pritoria,Menlo Park,2,2,2,64 m²,R 16 900
4 Bedroom House,Pritoria,Queenswood,4,2,4,185 m²,R 4 000
2 Bedroom Apartment,Pritoria,Menlo Park,2,2,2,,R 15 500
1 Bedroom Apartment,Pritoria,Hatfield,1,1,1,,R 4 127
5 Bedroom House,Pritoria,Woodhill Golf Estate,5,5,3,,R 65 000
1 Bedroom Apartment,Pritoria,Brooklyn,1,1,1,,R 6 750
1 Bedroom Apartment,Pritoria,Brooklyn,1,1,1,,R 5 800
1 Bedroom Apartment,Pritoria,Waterkloof,1,1,2,,R 8 990
3 Bedroom Townhouse,Pritoria,Six Fountains,3,2,2,,R 20 000
3 Bedroom Townhouse,Pritoria,Six Fountains,3,2,3,,R 22 000
4 Bedroom House,Pritoria,Waterkloof,4,2,2,,R 42 000
2 Bedroom Apartment,Pritoria,Pretoria Central,2,1,4,,R 7 000
3 Bedroom Townhouse,Pritoria,Six Fountains,3,2,1,,R 22 000
4 Bedroom House,Pritoria,Queenswood,4,2,6,,R 4 000
1 Bedroom Apartment,Pritoria,Willow Park Manor,1,1,4,,R 9 500
1 Bedroom House,Pritoria,Danville,1,1,,,R 4 500
3 Bedroom House,Pritoria,Waterkloof Ridge,3,2.5,,,R 30 000
1 Bedroom Apartment,Pritoria,Brooklyn,1,,,,R 6 150
1 Bedroom Apartment,Pritoria,Menlo Park,1,1,1,41 m²,R 9 500
2 Bedroom Apartment,Pritoria,Mooikloof,2,2,4,56 m²,R 12 000
0.5 Bedroom Apartment,Pritoria,Pretoria West,0.5,1,2,202 m²,R 3 500
3 Bedroom House,Pritoria,Waterkloof Glen,3,2,1,28 m²,R 24 000
2 Bedroom Apartment,Pritoria,Mooikloof Ridge,2,1,4,,R 9 950
2 Bedroom Apartment,Pritoria,Hatfield,2,1,2,,R 6 000
Apartment,Pritoria,Sunnyside,3,3,2,,R 2 495
3 Bedroom House,Pritoria,Waterkloof,1,1,1,,R 30 000
1 Bedroom Apartment,Pritoria,Hillcrest,2,2,1,,R 7 000
2 Bedroom Townhouse,Pritoria,Montana,0.5,1,2,,R 8 600
0.5 Bedroom Apartment,Pritoria,Sunnyside,2,1,1,,R 4 530
2 Bedroom Townhouse,Pritoria,Mooikloof Ridge,1,1,4,,R 8 000
1 Bedroom House,Pritoria,Montana Tuine,1,1,1,,R 5 200
1 Bedroom Townhouse,Pritoria,Kameeldrift East,3,3,2,,R 13 200
House,Pritoria,Waterkloof,1,1,,,R 27 000
Apartment,Pritoria,Colbyn,1,2.5,,,R 7 800
3 Bedroom Townhouse,Pritoria,Olympus AH,1,1,,,R 21 000
Apartment,Pritoria,Mayville,,1,,,R 6 500
1 Bedroom Apartment,Pritoria,Sunnyside,,,,,R 2 850
1 Bedroom Apartment,Pritoria,Hillcrest,,,,,R 7 000
1 Bedroom Apartment,Pritoria,Menlyn,,,,,R 18 000
2 Bedroom Apartment,Pritoria,Garsfontein,2,2,2,134 m²,R 8 500
3 Bedroom House,Pritoria,Mamelodi,3,2,5,200 m²,R 9 000
4 Bedroom House,Pritoria,Waterkloof Ridge,4,3.5,4,202 m²,R 40 000
Apartment,Pritoria,Olympus AH,4,5,6,81 m²,R 8 200
4 Bedroom House,Pritoria,Sable Hills,4,2,2,85 m²,R 60 000
4 Bedroom House,Pritoria,Kameeldrift East,3,2,3,90 m²,R 17 900
3 Bedroom Apartment,Pritoria,Arcadia,3,3.5,4,82 m²,R 15 000
3 Bedroom House,Pritoria,Baileys Muckleneuk,3,2.5,2,202 m²,R 26 750
3 Bedroom Townhouse,Pritoria,Olympus AH,6,3,2,51 m²,R 22 000
6 Bedroom House,Pritoria,Hatfield,3,3,2,,R 3 500
3 Bedroom Townhouse,Pritoria,Waterkloof,2,1,2,,R 27 000
2 Bedroom Apartment,Pritoria,Hatfield,2,2,2,,R 8 900
2 Bedroom Apartment,Pritoria,Waterkloof,4,4,3,,R 20 000
4 Bedroom House,Pritoria,Woodhill Golf Estate,2,2,3,,R 50 000
2 Bedroom Apartment,Pritoria,Menlo Park,3,2,2,,R 15 900
3 Bedroom Apartment,Pritoria,Annlin,4,4.5,6,,R 9 300
4 Bedroom House,Pritoria,Groenkloof,3,3,4,,R 75 000
3 Bedroom Townhouse,Pritoria,Waterkloof,4,3.5,1,,R 27 000
4 Bedroom House,Pritoria,Woodhill Golf Estate,3,2.5,,,R 35 000
3 Bedroom Townhouse,Pritoria,Olympus AH,1,1,,,R 21 000
1 Bedroom Apartment,Pritoria,Hatfield,,,,,R 8 500
2 Bedroom Apartment,Pritoria,Hillcrest,2,1,1,49 m²,R 8 000
2.5 Bedroom Apartment,Pritoria,Arcadia,2.5,1,1,1 m²,R 7 580
1 Bedroom Apartment,Pritoria,Zwartkoppies,1,1,1,45 m²,R 7 000
4 Bedroom House,Pritoria,Silver Lakes Golf Estate,4,3,2,500 m²,R 38 000
2 Bedroom Apartment,Pritoria,Nieuw Muckleneuk,2,2,2,92 m²,R 15 500
2 Bedroom Apartment,Pritoria,Monument Park,2,2,2,35 m²,R 17 500
1 Bedroom House,Pritoria,Nieuw Muckleneuk,1,1,2,65 m²,R 17 000
4 Bedroom House,Pritoria,Woodhill Golf Estate,4,3,2,,R 35 000
1 Bedroom Apartment,Pritoria,Lynnwood,1,1,1,,R 5 500
4 Bedroom House,Pritoria,Waterkloof Ridge,4,3,2,,R 26 000
4 Bedroom House,Pritoria,Danville,4,2,3,,R 9 000
1 Bedroom Apartment,Pritoria,Montana Tuine,1,1,1,,R 7 500
1 Bedroom Apartment,Pritoria,Menlyn,1,1,1,,R 16 500
1 Bedroom Apartment,Pritoria,La Montagne,1,1,2,,R 7 000
1 Bedroom Apartment,Pritoria,Moreleta Park,1,1,2,,R 11 500
2 Bedroom Apartment,Pritoria,Brooklyn,2,2,1,,R 23 000
2 Bedroom Apartment,Pritoria,Pretoria North,2,1,2,,R 5 790
2 Bedroom Apartment,Pritoria,Greencreek Lifestyle Estate,2,2,1,,R 8 750
2 Bedroom Apartment,Pritoria,Pretoria North,2,1,1,,R 5 790
1 Bedroom House,Pritoria,Brooklyn,1,1,2,,R 8 600
2 Bedroom House,Pritoria,Grootfontein AH,2,1,,,R 8 300
2 Bedroom Apartment,Pritoria,Brooklyn,2,2,1,79 m²,R 12 000
2 Bedroom Apartment,Pritoria,Brooklyn,2,2,1,82 m²,R 14 000
2 Bedroom Apartment,Pritoria,Hazeldean,2,2,2,89 m²,R 9 750
4 Bedroom House,Pritoria,Waterkloof Ridge,4,4.5,4,48 m²,R 50 000
0.5 Bedroom Apartment,Pritoria,Capital Park,0.5,1,1,171 m²,R 3 920
1 Bedroom Apartment,Pritoria,Blyde Riverwalk Estate,1,1,1,56 m²,R 13 500
2 Bedroom House,Pritoria,Sable Hills,2,2,2,75 m²,R 22 000
5 Bedroom House,Pritoria,Waterkloof Ridge,5,3,4,148 m²,R 55 000
4 Bedroom House,Pritoria,Silverwoods Country Estate,4,3,2,64 m²,R 42 000
2 Bedroom Apartment,Pritoria,Waverley,2,1,2,48 m²,R 9 500
2 Bedroom Apartment,Pritoria,Nieuw Muckleneuk,2,2,2,,R 15 500
2 Bedroom Apartment,Pritoria,Menlyn,2,2,1,,R 45 000
4 Bedroom Townhouse,Pritoria,Eastwood,4,3,1,,R 22 500
1 Bedroom Apartment,Pritoria,Brooklyn,1,1,3,,R 11 800
3 Bedroom House,Pritoria,Willow Acres,3,2.5,1,,R 29 999
2 Bedroom Townhouse,Pritoria,Kilner Park,2,1,3,,R 8 500
4 Bedroom House,Pritoria,Waterkloof Ridge,4,3.5,4,,R 75 000
4 Bedroom Townhouse,Pritoria,Waterkloof,4,3,2,,R 32 000
2 Bedroom Apartment,Pritoria,Brooklyn,2,2,1,,R 12 000
2 Bedroom Apartment,Pritoria,Annlin,2,2,,,R 8 900
1 Bedroom Apartment,Pritoria,Blyde Riverwalk Estate,1,1,,,R 13 500
1 Bedroom Apartment,Pritoria,Menlyn,1,1,1,45 m²,R 23 000
0.5 Bedroom Apartment,Pritoria,Riviera,0.5,1,1,45 m²,R 4 190
1 Bedroom House,Pritoria,Moreleta Park,1,1,7,45 m²,R 5 500
3 Bedroom House,Pritoria,Waterkloof Ridge,3,2.5,1,104 m²,R 32 000
1 Bedroom Apartment,Pritoria,Rietondale,1,1,1,400 m²,R 7 500
1 Bedroom Apartment,Pritoria,Hatfield,1,1,1,,R 5 420
1 Bedroom Apartment,Pritoria,Menlyn,1,1,2,,R 23 000
4 Bedroom House,Pritoria,Silverwoods Country Estate,4,2.5,1,,R 39 000
1 Bedroom Apartment,Pritoria,Arcadia,1,1,6,,R 4 500
4 Bedroom House,Pritoria,Silver Lakes Golf Estate,4,2,1,,R 45 000
1 Bedroom House,Pritoria,Montana Park,1,1,1,,R 7 800
1 Bedroom Apartment,Pritoria,Willow Park,1,1,2,,R 7 700
3 Bedroom House,Pritoria,Olympus AH,3,3,2,,R 22 000
3 Bedroom Apartment,Pritoria,Muckleneuk,3,2,2,,R 30 000
2 Bedroom Apartment,Pritoria,Muckleneuk,2,2,1,,R 10 500
2 Bedroom Apartment,Pritoria,Hatfield,2,1,1,,R 7 900
1 Bedroom Apartment,Pritoria,Hatfield,1,1,1,,R 6 600
2 Bedroom Townhouse,Pritoria,Equestria,2,2,7,,R 9 750
1 Bedroom House,Pritoria,Garsfontein,1,1,2,,R 6 000
3 Bedroom Apartment,Pritoria,Blyde Riverwalk Estate,3,2,2,,R 24 000
4 Bedroom House,Pritoria,Woodhill Golf Estate,4,3,,,R 40 000
2 Bedroom Apartment,Pritoria,Montana Tuine,2,1,1,58 m²,R 7 950
2 Bedroom Apartment,Pritoria,Philip Nel Park,2,1,1,98 m²,R 6 760
2 Bedroom Apartment,Pritoria,Waverley,2,1,2,39 m²,R 9 750
2 Bedroom Apartment,Pritoria,Menlo Park,2,2,1,39 m²,R 18 000
4 Bedroom House,Pritoria,Willow Acres,4,3,4,44 m²,R 56 900
1 Bedroom Apartment,Pritoria,Hatfield,1,1,1,46 m²,R 9 500
2.5 Bedroom Apartment,Pritoria,Arcadia,2.5,1,2,31 m²,R 7 100
1 Bedroom Apartment,Pritoria,Hatfield,1,1,2,40 m²,R 6 400
4 Bedroom House,Pritoria,Lynnwood Glen,4,4,2,,R 45 000
2 Bedroom Apartment,Pritoria,Hatfield,2,1,1,,R 7 500
4 Bedroom House,Pritoria,Waterkloof Ridge,4,4,4,,R 36 000
2 Bedroom Apartment,Pritoria,Hatfield,2,2,2,,R 10 000
4 Bedroom House,Pritoria,Silverwoods Country Estate,4,2.5,1,,R 39 000
2 Bedroom Apartment,Pritoria,Hatfield,2,1,,,R 7 500
6 Bedroom House,Pritoria,Waterkloof Ridge,6,6,,,R 94 999
1 Bedroom Apartment,Pritoria,Riviera,1,1,,,R 4 800
4 Bedroom House,Pritoria,Alphen Park,4,1,,,R 35 000
1 Bedroom Apartment,Pritoria,Riviera,1,1,,,R 4 800
0.5 Bedroom Apartment,Pritoria,Sunnyside,0.5,1,,,R 3 870
0.5 Bedroom Apartment,Pritoria,Brooklyn,0.5,1,,,R 13 000
0.5 Bedroom Apartment,Pritoria,Sunnyside,0.5,,,,R 2 200
2 Bedroom Townhouse,Pritoria,Sterrewag,2,1,1,62 m²,R 13 500
2 Bedroom Apartment,Pritoria,Arcadia,2,1,1,50 m²,R 6 800
1 Bedroom Apartment,Pritoria,Mooikloof Glen,1,1,2,105 m²,R 7 450
2 Bedroom Apartment,Pritoria,Paramount Estate,2,2,1,93 m²,R 8 800
2 Bedroom Apartment,Pritoria,Lynnwood Glen,2,2,1,40 m²,R 11 000
1 Bedroom Apartment,Pritoria,Brooklyn,1,1,11,56 m²,R 11 200
6 Bedroom House,Pritoria,Muckleneuk,6,5,13,62 m²,R 55 000
11 Bedroom House,Pritoria,Sunnyside,11,5,1,40 m²,R 5 000
House,Pritoria,Brooklyn,1,1,1,,R 6 900
1 Bedroom Apartment,Pritoria,Menlyn,2,1,1,,R 26 000
2 Bedroom House,Pritoria,Arcadia,4,3.5,2,,R 8 000
4 Bedroom House,Pritoria,The Hills Game Reserve Estate,1,1,1,,R 50 000
1 Bedroom Apartment,Pritoria,Sunnyside,1,1,1,,R 4 932
1 Bedroom Apartment,Pritoria,Brooklyn,2,1,1,,R 11 500
2 Bedroom Apartment,Pritoria,Danville,1,1,2,,R 6 935
1 Bedroom Apartment,Pritoria,Pretoria North,2,2,1,,R 3 860
2 Bedroom Apartment,Pritoria,Nieuw Muckleneuk,1,1,1,,R 15 900
1 Bedroom Apartment,Pritoria,Waterkloof,0.5,1,11,,R 11 300
0.5 Bedroom Apartment,Pritoria,Newlands,6,5,3,,R 5 387
6 Bedroom House,Pritoria,Muckleneuk,4,3,,,R 55 000
4 Bedroom House,Pritoria,Olympus AH,,,,,R 45 000
1 Bedroom Apartment,Pritoria,Daspoort,1,1,1,20 m²,R 4 150
3 Bedroom Townhouse,Pritoria,Menlo Park,3,2,4,65 m²,R 23 000
0.5 Bedroom Apartment,Pritoria,Kwaggasrand,0.5,1,2,104 m²,R 4 125
3 Bedroom Apartment,Pritoria,Waterkloof,3,3,3,78 m²,R 22 000
4 Bedroom House,Pritoria,Woodhill Golf Estate,4,3,1,202 m²,R 40 000
1 Bedroom House,Pritoria,Groenkloof,1,1,1,216 m²,R 11 990
2 Bedroom Apartment,Pritoria,Olympus AH,2,1,2,,R 9 500
2 Bedroom Apartment,Pritoria,Menlo Park,2,2.5,1,,R 23 000
4 Bedroom House,Pritoria,Brooklyn,4,3.5,1,,R 35 000
2 Bedroom Apartment,Pritoria,Faerie Glen,2,1,1,,R 8 600
2 Bedroom Apartment,Pritoria,Brooklyn,2,2,2,,R 14 000
3 Bedroom Townhouse,Pritoria,Olympus AH,3,2,5,,R 22 000
5 Bedroom House,Pritoria,Groenkloof,5,6,2,,R 50 000
3 Bedroom Townhouse,Pritoria,Olympus AH,3,2,2,,R 22 000
3 Bedroom Townhouse,Pritoria,Olympus AH,3,2,1,,R 22 000
0.5 Bedroom Apartment,Pritoria,Sunnyside,0.5,1,2,,R 3 950
2 Bedroom Apartment,Pritoria,Arcadia,2,1,2,,R 21 000
3 Bedroom House,Pritoria,The Hills Game Reserve Estate,3,2,2,,R 33 000
Apartment,Pritoria,Waterkloof Ridge,3,2.5,2,,R 13 000
3 Bedroom Apartment,Pritoria,Brooklyn,3,3,,,R 52 000
3 Bedroom Apartment,Pritoria,Waterkloof,,,,,R 22 000
1 Bedroom House,Pritoria,Lynnwood,1,1,3,76 m²,R 10 000
6 Bedroom House,Pritoria,Woodhill Golf Estate,6,7.5,8,64 m²,R 85 000
4 Bedroom House,Pritoria,Woodhill Golf Estate,4,56,2,59 m²,R 60 000
0.5 Bedroom Apartment,Pritoria,Capital Park,0.5,3.5,1,150 m²,R 3 940
2 Bedroom Apartment,Pritoria,La Montagne,2,1,1,,R 7 950
2 Bedroom Townhouse,Pritoria,Pretoria North,2,1,1,,R 7 200
1 Bedroom Apartment,Pritoria,Menlyn,1,1,1,,R 23 000
2 Bedroom Apartment,Pritoria,Brooklyn,2,1,2,,R 14 999
2 Bedroom Apartment,Pritoria,Kilner Park,2,2,2,,R 6 950
1 Bedroom House,Pritoria,Garsfontein,1,1,1,,R 5 965
6 Bedroom House,Pritoria,Waterkloof Ridge,6,1,8,,R 95 000
5 Bedroom House,Pritoria,Willow Acres,5,6.5,2,,R 50 000
2 Bedroom Apartment,Pritoria,Mooikloof Manor,2,4.5,5,,R 10 000
5 Bedroom House,Pritoria,Silver Lakes,5,2,4,,R 50 000
4 Bedroom House,Pritoria,Montana Park,4,3,2,,R 23 500
1 Bedroom Apartment,Pritoria,West Park,1,2,1,,R 5 350
2 Bedroom Townhouse,Pritoria,The Wilds,2,1,2,,R 15 500
0.5 Bedroom Apartment,Pritoria,Capital Park,0.5,2,,,R 3 940
3 Bedroom Townhouse,Pritoria,Woodhill Golf Estate,3,1,,,R 25 000
2 Bedroom Apartment,Pritoria,Hatfield,2,2,,,R 17 500
Apartment,Pritoria,Lotus Gardens,4,3,2,63 m²,R 1 500
4 Bedroom House,Pritoria,Woodhill Golf Estate,6,3,3,210 m²,R 52 000
6 Bedroom House,Pritoria,Silver Lakes Golf Estate,1,1,1,63 m²,R 75 000
1 Bedroom Apartment,Pritoria,Hazelwood,1,1,1,,R 22 000
1 Bedroom Apartment,Pritoria,Menlo Park,4,2.5,2,,R 21 500
4 Bedroom House,Pritoria,Waterkloof Ridge,3,3,3,,R 30 000
3 Bedroom Apartment,Pritoria,Brooklyn,5,5.5,8,,R 52 000
5 Bedroom House,Pritoria,Woodhill Golf Estate,4,3,4,,R 56 000
4 Bedroom House,Pritoria,Woodhill Golf Estate,3,2,2,,R 52 000
3 Bedroom House,Pritoria,Silver Lakes,4,2,2,,R 29 000
4 Bedroom House,Pritoria,Silver Lakes Golf Estate,1,1,1,,R 38 000
1 Bedroom Apartment,Pritoria,Capital Park,1,4.5,1,,R 5 520
1 Bedroom Apartment,Pritoria,Philip Nel Park,4,1,3,,R 3 500
4 Bedroom House,Pritoria,Silver Lakes,1,4,1,,R 75 000
1 Bedroom Apartment,Pritoria,Sunnyside,5,2,5,,R 5 880
5 Bedroom House,Pritoria,Silver Lakes Golf Estate,2,1,3,,R 46 000
2 Bedroom House,Pritoria,Philip Nel Park,1,2,1,,R 1 600
1 Bedroom Apartment,Pritoria,Menlo Park,2,6,1,,R 21 500
2 Bedroom Apartment,Pritoria,Eastwood,6,2,4,,R 20 000
6 Bedroom House,Pritoria,Waterkloof Ridge,2,,2,,R 90 000
2 Bedroom Apartment,Pritoria,Menlo Park,,,,,R 18 000
3 Bedroom Townhouse,Pritoria,Woodhill Golf Estate,3,2,4,125 m²,R 25 000
Apartment,Pritoria,Gezina,1,1,1,126 m²,R 2 040
1 Bedroom Apartment,Pritoria,Menlyn,2,2,1,86 m²,R 23 000
2 Bedroom House,Pritoria,The Wilds,2,1,1,28 m²,R 14 500
2 Bedroom Apartment,Pritoria,Lynnwood,2,2,1,100 m²,R 7 500
2 Bedroom Townhouse,Pritoria,The Wilds,2,1,1,49 m²,R 14 500
2 Bedroom Apartment,Pritoria,Lynnwood,2,2.5,2,,R 9 500
2 Bedroom Apartment,Pritoria,Menlo Park,2,1,1,,R 23 000
2 Bedroom Apartment,Pritoria,Lynnwood,2,1,1,,R 8 000
2 Bedroom Apartment,Pritoria,Pretoria West,2,1,1,,R 6 420
2 Bedroom Apartment,Pritoria,Pretoria North,2,2,2,,R 6 800
2 Bedroom House,Pritoria,Menlo Park,1,1,1,,R 14 000
1 Bedroom Apartment,Pritoria,Menlyn,4,3.5,2,,R 16 000
4 Bedroom House,Pritoria,Silver Lakes Golf Estate,2,1,1,,R 50 000
2 Bedroom Apartment,Pritoria,Lynnwood,3,2,2,,R 8 500
3 Bedroom Apartment,Pritoria,Nieuw Muckleneuk,2,2.5,2,,R 28 500
2 Bedroom Apartment,Pritoria,Six Fountains,1,1,1,,R 17 000
1 Bedroom Apartment,Pritoria,Waterkloof Ridge,4,4.5,9,,R 10 000
4 Bedroom House,Pritoria,Waterkloof Ridge,11,5,13,,R 75 000
11 Bedroom House,Pritoria,Sunnyside,2,1,1,,R 4 800
2 Bedroom Apartment,Pritoria,Lynnwood,,,,,R 9 500
3 Bedroom Townhouse,Pritoria,Hazelwood,3,2,2,383 m²,R 23 000
1 Bedroom Apartment,Pritoria,Menlo Park,1,1,1,64 m²,R 11 900
2 Bedroom Apartment,Pritoria,Equestria,2,2,2,42 m²,R 10 300
7 Bedroom House,Pritoria,Hatfield,7,6,1,,R 3 500
3 Bedroom Apartment,Pritoria,Hatfield,3,2,3,,R 25 500
1 Bedroom Apartment,Pritoria,Montana Tuine,1,1,2,,R 7 000
3 Bedroom Townhouse,Pritoria,Menlo Park,3,2,2,,R 32 000
3 Bedroom House,Pritoria,Pretoria West,3,2,3,,R 7 500
2 Bedroom Apartment,Pritoria,Savannah Country Estate,2,2,1,,R 8 300
3 Bedroom Townhouse,Pritoria,Willow Park Manor,3,2,1,,R 16 750
3 Bedroom Townhouse,Pritoria,Kilner Park,3,2,1,,R 9 400
1 Bedroom Apartment,Pritoria,Menlo Park,1,1,2,,R 10 000
2 Bedroom Apartment,Pritoria,Sinoville,2,1,1,,R 8 500
1 Bedroom Apartment,Pritoria,Lynnwood,1,1,2,,R 9 500
3 Bedroom House,Pritoria,Kwaggasrand,3,1,1,,R 8 500
Apartment,Pritoria,Riviera,2,1,3,,R 4 000
2 Bedroom Apartment,Pritoria,Sinoville,2.5,2,,,R 8 500
2.5 Bedroom Townhouse,Pritoria,Monument Park,1,1,,,R 10 500
1 Bedroom Apartment,Pritoria,Sunnyside,2,2,,,R 2 950
2 Bedroom Apartment,Pritoria,Greencreek Lifestyle Estate,3,2,,,R 11 500
3 Bedroom Townhouse,Pritoria,Menlo Park,,,,,R 33 000
2 Bedroom Apartment,Pritoria,Pretoria West,2,1,1,30 m²,R 6 435
1.5 Bedroom Apartment,Pritoria,Sunnyside,1.5,1,1,174 m²,R 5 770
1 Bedroom House,Pritoria,Brooklyn,1,1,5,1 m²,R 7 950
6 Bedroom House,Pritoria,Brooklyn,6,4.5,2,174 m²,R 3 750
3 Bedroom House,Pritoria,Faerie Glen,3,3,1,40 m²,R 28 000
5 Bedroom House,Pritoria,Savannah Country Estate,5,3,1,57 m²,R 28 000
2 Bedroom Apartment,Pritoria,Blyde Riverwalk Estate,2,2,2,102 m²,R 20 000
1 Bedroom Apartment,Pritoria,Arcadia,1,1,4,670 m²,R 6 450
0.5 Bedroom Apartment,Pritoria,West Park,0.5,1,1,,R 4 450
3 Bedroom Townhouse,Pritoria,Woodhill Golf Estate,3,2,2,,R 29 950
4 Bedroom House,Pritoria,Waterkloof Ridge,4,3,4,,R 30 000
1.5 Bedroom Apartment,Pritoria,Arcadia,1.5,1,1,,R 6 390
3 Bedroom Townhouse,Pritoria,Woodhill Golf Estate,3,2,1,,R 29 950
4 Bedroom House,Pritoria,Woodhill Golf Estate,4,4,2,,R 100 000
1 Bedroom Apartment,Pritoria,Waterkloof,1,1,2,,R 11 300
3 Bedroom House,Pritoria,Philip Nel Park,3,2,3,,R 6 400
2 Bedroom Apartment,Pritoria,Waterkloof Ridge,2,1,1,,R 11 500
2 Bedroom Apartment,Pritoria,Blyde Riverwalk Estate,2,2,,,R 12 500
3 Bedroom Townhouse,Pritoria,Waterkloof Park,3,2,,,R 25 000
4 Bedroom House,Pritoria,Silver Lakes Golf Estate,4,3.5,,,R 65 000
1 Bedroom Apartment,Pritoria,Brooklyn,1,1,,,R 13 000
2 Bedroom Apartment,Pritoria,Menlo Park,2,2,2,110 m²,R 22 000
3 Bedroom House,Pritoria,Silverton,3,1,6,80 m²,R 14 408
2 Bedroom Townhouse,Pritoria,Silver Lakes Golf Estate,2,2,2,54 m²,R 28 000
3 Bedroom House,Pritoria,Groenkloof,3,2,3,,R 25 000
0.5 Bedroom Apartment,Pritoria,Capital Park,0.5,1,1,,R 3 940
1 Bedroom Apartment,Pritoria,Riviera,1,1,5,,R 5 900
2 Bedroom Apartment,Pritoria,Menlo Park,2,2,3,,R 14 000
4 Bedroom House,Pritoria,Woodhill Golf Estate,4,3.5,4,,R 60 000
2 Bedroom Townhouse,Pritoria,Silver Lakes Golf Estate,2,2,2,,R 28 000
4 Bedroom House,Pritoria,Woodhill Golf Estate,4,4.5,3,,R 59 900
2 Bedroom Apartment,Pritoria,Tileba,2,1,3,,R 5 545
3 Bedroom Townhouse,Pritoria,Woodhill Golf Estate,3,3,4,,R 35 000
5 Bedroom House,Pritoria,Woodhill Golf Estate,3,2,4,,R 85 000
5 Bedroom House,Pritoria,Lukasrand,5,7,2,,R 4 950
2 Bedroom Apartment,Pritoria,Brooklyn,5,3,6,,R 13 900
5 Bedroom House,Pritoria,Woodhill Golf Estate,2,2,1,,R 85 000
2 Bedroom Apartment,Pritoria,Clydesdale,5,7,1,,R 7 500
4 Bedroom Apartment,Pritoria,Hatfield,2,1,1,,R 4 200
2 Bedroom Apartment,Pritoria,Hatfield,4,1,,,R 8 900
0.5 Bedroom Apartment,Pritoria,Pretoria West,2,1,,,R 2 660
2 Bedroom Apartment,Pritoria,Sinoville,2,1,1,163 m²,R 7 500
3 Bedroom House,Pritoria,Muckleneuk,3,3,5,72 m²,R 27 000
4 Bedroom House,Pritoria,Monument Park,4,2,6,80 m²,R 19 000
2 Bedroom House,Pritoria,Tyger Valley,2,2,2,,R 15 000
3 Bedroom Apartment,Pritoria,Waterkloof Park,3,2,2,,R 25 000
3 Bedroom Apartment,Pritoria,Blyde Riverwalk Estate,3,2,3,,R 23 000
2 Bedroom Apartment,Pritoria,Hatfield,2,2,2,,R 17 500
4 Bedroom House,Pritoria,Silver Lakes Golf Estate,4,3,2,,R 38 000
2 Bedroom Apartment,Pritoria,Sterrewag,2,1,2,,R 9 675
2 Bedroom Apartment,Pritoria,Brooklyn,2,2,3,,R 13 800
3 Bedroom Townhouse,Pritoria,The Wilds,3,2,5,,R 18 000
3 Bedroom House,Pritoria,Muckleneuk,3,3,2,,R 25 000
3 Bedroom House,Pritoria,Faerie Glen,3,3,3,,R 28 000
2 Bedroom Apartment,Pritoria,Waterkloof,2,2,3,,R 13 500
3 Bedroom House,Pritoria,Woodhill Golf Estate,3,3.5,6,,R 45 000
2 Bedroom Apartment,Pritoria,Brooklyn,2,2,1,,R 14 000
4 Bedroom House,Pritoria,Silver Lakes Golf Estate,4,3,1,,R 38 000
4 Bedroom House,Pritoria,Silver Lakes Golf Estate,4,3,,,R 65 000
2 Bedroom House,Pritoria,Kirkney,2,1,,,R 6 800
2 Bedroom Apartment,Pritoria,Olympus AH,2,1,,,R 7 500
1 Bedroom Apartment,Pritoria,Hatfield,1,1,,,R 7 862
4 Bedroom House,Pritoria,Montana,4,4,4,150 m²,R 38 000
4 Bedroom House,Pritoria,Silver Lakes Golf Estate,4,2.5,8,56 m²,R 55 000
1 Bedroom House,Pritoria,Brooklyn,1,1,1,130 m²,R 6 100
1 Bedroom House,Pritoria,Brooklyn,1,1,1,109 m²,R 6 200
2 Bedroom Townhouse,Pritoria,The Wilds,2,2,2,144 m²,R 15 500
1 Bedroom Apartment,Pritoria,Hatfield,1,1,1,126 m²,R 13 000
1 Bedroom Apartment,Pritoria,Menlyn,1,1,1,175 m²,R 25 500
3 Bedroom Townhouse,Pritoria,Equestria,3,2.5,4,109 m²,R 17 400
2 Bedroom Townhouse,Pritoria,The Wilds,2,2,1,,R 15 500
2 Bedroom Townhouse,Pritoria,The Wilds,2,1,1,,R 13 000
2 Bedroom Townhouse,Pritoria,The Wilds,2,2,2,,R 15 500
2 Bedroom Townhouse,Pritoria,The Wilds,2,2,1,,R 14 500
2 Bedroom Apartment,Pritoria,Menlo Park,2,2,2,,R 14 500
3 Bedroom Townhouse,Pritoria,The Wilds,3,2,2,,R 20 000
2 Bedroom Townhouse,Pritoria,The Wilds,2,1,1,,R 13 000
0.5 Bedroom Apartment,Pritoria,Sunnyside,0.5,1,1,,R 4 000
2 Bedroom Apartment,Pritoria,Blyde Riverwalk Estate,2,2,2,,R 12 000
6 Bedroom House,Pritoria,Waterkloof Ridge,6,6.5,8,,R 95 000
2 Bedroom Apartment,Pritoria,Annlin,2,1,2,,R 7 400
1 Bedroom House,Pritoria,Menlo Park,1,2,1,,R 5 000
3 Bedroom Townhouse,Pritoria,Woodhill Golf Estate,3,,4,,R 25 000
1.5 Bedroom Apartment,Pritoria,Mayville,1.5,1,1,90 m²,R 4 500
4 Bedroom Apartment,Pritoria,Sunnyside,4,2,3,7 m²,R 3 200
2 Bedroom Apartment,Pritoria,Waterkloof,2,2,4,79 m²,R 20 000
4 Bedroom House,Pritoria,Kameeldrift East,4,3,1,7 m²,R 22 000
3 Bedroom House,Pritoria,Waterkloof,3,2,2,54 m²,R 32 000
1 Bedroom Apartment,Pritoria,Pretoria Central,1,1,3,,R 4 520
2 Bedroom Apartment,Pritoria,Brooklyn,2,2,1,,R 12 500
2 Bedroom Apartment,Pritoria,Brooklyn,2,2,2,,R 15 000
3 Bedroom House,Pritoria,Willow Acres Ext 10,3,3,1,,R 30 000
2 Bedroom House,Pritoria,Erasmuskloof,2,2,1,,R 9 200
2 Bedroom Apartment,Pritoria,Faerie Glen,2,2,1,,R 8 800
1.5 Bedroom Apartment,Pritoria,Gezina,1.5,1,1,,R 5 300
3 Bedroom Apartment,Pritoria,Hatfield,3,1,1,,R 17 500
2 Bedroom Apartment,Pritoria,Hatfield,2,1,5,,R 16 500
2 Bedroom Apartment,Pritoria,Hatfield,2,1,1,,R 16 500
2 Bedroom Apartment,Pritoria,Hillcrest,2,1.5,1,,R 5 950
3 Bedroom House,Pritoria,Danville,3,2,4,,R 16 500
1 Bedroom Apartment,Pritoria,Nieuw Muckleneuk,1,1,2,,R 12 000
0.5 Bedroom Apartment,Pritoria,Eloffsdal,0.5,1,,,R 3 900
3 Bedroom House,Pritoria,Waterkloof,3,2,,,R 32 000
3 Bedroom House,Pritoria,Lombardy Estate,3,3.5,,,R 34 000
2 Bedroom Apartment,Pritoria,Brooklyn,2,2,2,76 m²,R 15 500
0.5 Bedroom Apartment,Pritoria,Mayville,0.5,1,1,32 m²,R 3 840
3 Bedroom House,Pritoria,Wapadrand,3,3,4,1 m²,R 31 000
1 Bedroom Apartment,Pritoria,Mooikloof Glen,1,1,1,90 m²,R 6 500
0.5 Bedroom Apartment,Pritoria,Arcadia,0.5,1,1,101 m²,R 4 850
1 Bedroom Apartment,Pritoria,Silver Lakes Golf Estate,1,1,5,,R 6 600
House,Pritoria,Sunnyside,4,4,1,,R 2 940
4 Bedroom House,Pritoria,Waterkloof,1,1,3,,R 40 000
1 Bedroom Apartment,Pritoria,Rietondale,6,4.5,1,,R 7 000
6 Bedroom House,Pritoria,Willow Acres,1,1,1,,R 45 000
1 Bedroom Apartment,Pritoria,Montana Park,1,1,1,,R 9 500
1 Bedroom House,Pritoria,Groenkloof,11,1.5,2,,R 10 990
Apartment,Pritoria,Sunnyside,11,2,3,,R 1 505
11 Bedroom Apartment,Pritoria,Colbyn,2,2,1,,R 5 000
11 Bedroom Apartment,Pritoria,Colbyn,2,1,2,,R 5 000
2 Bedroom Apartment,Pritoria,Sunnyside,3,2,1,,R 6 790
2 Bedroom Apartment,Pritoria,Brooklyn,1,1,,,R 14 000
3 Bedroom House,Pritoria,Six Fountains,2,,,,R 22 000
1 Bedroom Apartment,Pritoria,Hatfield,1,,,,R 5 300
2 Bedroom Apartment,Pritoria,Alphen Park,,,,,R 27 500
1 Bedroom Apartment,Pritoria,Sterrewag,,,,,R 9 500
6 Bedroom House,Pritoria,Waterkloof Heights,6,6.5,2,63 m²,R 50 000
3 Bedroom House,Pritoria,Waterkloof Ridge,3,3,4,43 m²,R 28 000
1 Bedroom Apartment,Pritoria,Alphen Park,1,1,1,55 m²,R 21 500
1 Bedroom House,Pritoria,Danville,1,2,4,203 m²,R 4 500
3 Bedroom House,Pritoria,Waterkloof,3,2,7,100 m²,R 28 000
5 Bedroom House,Pritoria,Waterkloof Ridge,5,4.5,1,55 m²,R 65 000
1 Bedroom Apartment,Pritoria,Sunnyside,1,1,1,60 m²,R 3 800
1 Bedroom Apartment,Pritoria,Queenswood,1,1,1,,R 4 750
1 Bedroom House,Pritoria,Riviera,1,1,4,,R 5 000
1 Bedroom Apartment,Pritoria,Hatfield,1,1,2,,R 8 500
1 Bedroom Apartment,Pritoria,Menlyn,1,1,4,,R 23 000
3 Bedroom Townhouse,Pritoria,Equestria,3,2,2,,R 22 000
3 Bedroom Apartment,Pritoria,Brooklyn,3,2.5,1,,R 42 000
6 Bedroom House,Pritoria,Willow Acres,6,4.5,2,,R 50 000
3 Bedroom House,Pritoria,Andeon,3,2,1,,R 8 000
1 Bedroom Apartment,Pritoria,Mountain View,1,1,1,,R 5 300
2 Bedroom Apartment,Pritoria,Menlo Park,2,2,4,,R 16 500
1 Bedroom Apartment,Pritoria,Menlyn,1,1,,,R 13 900
1 Bedroom House,Pritoria,Baileys Muckleneuk,1,1,,,R 9 630
6 Bedroom House,Pritoria,Willow Acres,6,4.5,,,R 50 000
2 Bedroom Apartment,Pritoria,Hatfield,2,2,,,R 17 500
2 Bedroom Apartment,Pritoria,Paramount Estate,2,2,2,105 m²,R 8 800
2 Bedroom Apartment,Pritoria,Sinoville,2,1,2,63 m²,R 8 500
2 Bedroom Apartment,Pritoria,Sinoville,2,1,2,70 m²,R 7 500
5 Bedroom House,Pritoria,Philip Nel Park,5,3,2,44 m²,R 10 500
3 Bedroom Townhouse,Pritoria,Brooklyn,3,2.5,6,76 m²,R 30 000
1 Bedroom Apartment,Pritoria,Alphen Park,1,1,4,63 m²,R 18 500
3 Bedroom Townhouse,Pritoria,Willow Glen,3,2.5,4,67 m²,R 23 000
1 Bedroom Apartment,Pritoria,Menlyn,1,1,1,101 m²,R 30 000
6 Bedroom House,Pritoria,Waterkloof Ridge,6,6.5,4,61 m²,R 90 000
4 Bedroom House,Pritoria,Boardwalk Manor,4,4,2,,R 65 000
1 Bedroom Apartment,Pritoria,Hatfield,1,1,1,,R 8 250
2 Bedroom Apartment,Pritoria,Menlyn,2,2,2,,R 29 500
1 Bedroom Apartment,Pritoria,Muckleneuk,1,1,1,,R 8 350
1 Bedroom House,Pritoria,Nieuw Muckleneuk,1,1,1,,R 13 800
1 Bedroom Apartment,Pritoria,Alphen Park,1,1,4,,R 18 500
2 Bedroom Apartment,Pritoria,Brooklyn,2,2,1,,R 12 000
3 Bedroom House,Pritoria,Waterkloof Ridge,3,3.5,4,,R 28 000
3 Bedroom House,Pritoria,Moreleta Park,3,3,5,,R 60 000
2 Bedroom Apartment,Pritoria,Alphen Park,2,2,4,,R 25 000
2 Bedroom Apartment,Pritoria,Brooklyn,2,2,2,,R 10 500
6 Bedroom House,Pritoria,Savannah Country Estate,6,6,2,,R 25 000
1 Bedroom Apartment,Pritoria,Sunnyside,1,2,1,105 m²,R 1 950
2 Bedroom Apartment,Pritoria,Hazeldean,2,2,1,225 m²,R 8 800
2 Bedroom Apartment,Pritoria,Silver Lakes Golf Estate,2,3.5,1,56 m²,R 22 000
3 Bedroom Apartment,Pritoria,Brooklyn,3,1,2,65 m²,R 52 000
1 Bedroom Apartment,Pritoria,Menlyn,1,4,3,105 m²,R 23 000
4 Bedroom House,Pritoria,Woodhill Golf Estate,4,1,1,141 m²,R 65 000
1 Bedroom Apartment,Pritoria,Menlo Park,1,1,2,171 m²,R 11 900
1 Bedroom Apartment,Pritoria,Nieuw Muckleneuk,1,1,1,56 m²,R 17 000
0.5 Bedroom Apartment,Pritoria,Pretoria Central,0.5,2,2,80 m²,R 4 000
3 Bedroom Apartment,Pritoria,Hazeldean,3,2,2,71 m²,R 9 500
2 Bedroom Townhouse,Pritoria,Sable Hills,2,2,1,80 m²,R 19 500
2 Bedroom Townhouse,Pritoria,Sable Hills,2,1,2,,R 25 000
2 Bedroom Apartment,Pritoria,Mayville,2,1,1,,R 4 880
1 Bedroom Apartment,Pritoria,Menlo Park,1,1,2,,R 2 825
1 Bedroom Apartment,Pritoria,Silver Lakes,1,1,2,,R 10 000
0.5 Bedroom Apartment,Pritoria,Arcadia,0.5,1,1,,R 4 120
2 Bedroom Apartment,Pritoria,Faerie Glen,2,1,2,,R 12 000
2 Bedroom Apartment,Pritoria,Blyde Riverwalk Estate,2,2,1,,R 23 000
2 Bedroom Apartment,Pritoria,Brooklyn,2,1,,,R 14 000
2 Bedroom Apartment,Pritoria,Faerie Glen,2,1.5,,,R 12 000
1 Bedroom Apartment,Pritoria,Pretoria Gardens,1,,,,R 5 500
0.5 Bedroom Apartment,Pritoria,Hatfield,0.5,1,3,55 m²,R 6 680
1 Bedroom House,Pritoria,Silver Lakes Golf Estate,1,1,2,31 m²,R 13 900
3 Bedroom House,Pritoria,Pretoria North,3,2,3,43 m²,R 16 000
6 Bedroom House,Pritoria,Savannah Country Estate,6,5.5,1,75 m²,R 49 000
1 Bedroom Apartment,Pritoria,Capital Park,1,1,1,90 m²,R 2 800
1 Bedroom Apartment,Pritoria,Silver Lakes Golf Estate,1,1,1,,R 16 500
0.5 Bedroom Apartment,Pritoria,Hatfield,0.5,1,1,,R 6 680
0.5 Bedroom Apartment,Pritoria,Arcadia,0.5,1,1,,R 4 221
Apartment,Pritoria,Arcadia,0.5,1,1,,R 5 200
0.5 Bedroom Apartment,Pritoria,Capital Park,1,1,2,,R 3 940
1 Bedroom Apartment,Pritoria,Dorandia,2,3,1,,R 5 410
2 Bedroom House,Pritoria,Riviera,1,1,1,,R 17 000
1 Bedroom Apartment,Pritoria,Hatfield,3,3,1,,R 4 300
3 Bedroom Townhouse,Pritoria,Lynnwood,0.5,1,2,,R 19 800
0.5 Bedroom Townhouse,Pritoria,Philip Nel Park,1,1,1,,R 5 000
Apartment,Pritoria,Pretoria North,2,1,2,,R 5 000
1 Bedroom Apartment,Pritoria,Hatfield,2,2,,,R 7 200
2 Bedroom Apartment,Pritoria,Country View Estate,2,1,,,R 7 500
2 Bedroom Apartment,Pritoria,Pretoria West,2,1,,,R 5 400
2 Bedroom Apartment,Pritoria,Brooklyn,,2.5,,,R 23 500
2 Bedroom House,Pritoria,Six Fountains,,,,,R 16 800
3 Bedroom Apartment,Pritoria,Blyde Riverwalk Estate,3,2,2,48 m²,R 22 000
4 Bedroom House,Pritoria,Woodhill Golf Estate,4,4.5,3,,R 59 000
1 Bedroom Apartment,Pritoria,Sunnyside,1,1,1,,R 2 000
1 Bedroom House,Pritoria,Silver Lakes Golf Estate,1,1,1,,R 12 000
1 Bedroom Apartment,Pritoria,Willow Park Manor,1,1,1,,R 8 000
2 Bedroom Apartment,Pritoria,Pretoria North,2,1,1,,R 7 600
3 Bedroom House,Pritoria,Andeon,3,3,2,,R 13 000
1 Bedroom Apartment,Pritoria,Brooklyn,1,1,9,,R 5 000
6 Bedroom House,Pritoria,Waterkloof Ridge,6,4,2,,R 99 000
3 Bedroom House,Pritoria,Six Fountains Residential Estate,3,2.5,10,,R 26 000
6 Bedroom House,Pritoria,Waterkloof Ridge,6,5,4,,R 70 000
7 Bedroom House,Pritoria,Woodhill Golf Estate,7,7.5,1,,R 85 000
0.5 Bedroom Apartment,Pritoria,Arcadia,0.5,1,1,,R 4 900
1 Bedroom Apartment,Pritoria,Hatfield,1,1,2,,R 8 500
2 Bedroom Apartment,Pritoria,Silver Lakes,2,2,6,,R 9 000
5 Bedroom House,Pritoria,Mooikloof Equestrian Estate,5,4.5,1,,R 39 800
1.5 Bedroom Apartment,Pritoria,Sunnyside,1.5,1.5,2,,R 11 500
3 Bedroom Townhouse,Pritoria,Waterkloof Ridge,3,2.5,2,,R 30 000
4 Bedroom House,Pritoria,Pretoria Central,4,3,1,,R 40 000
2 Bedroom Apartment,Pritoria,Pretoria North,2,1,2,,R 7 600
2 Bedroom Apartment,Pritoria,Waterkloof Ridge,2,1,,,R 11 000
1 Bedroom Apartment,Pritoria,Pretoria Central,1,1,1,70 m²,R 5 050
2 Bedroom Apartment,Pritoria,Montana Park,2,1,1,132 m²,R 7 700
1 Bedroom Apartment,Pritoria,Ashlea Gardens,1,1,2,166 m²,R 4 000
3 Bedroom Apartment,Pritoria,Lombardy Estate,3,2,6,124 m²,R 10 200
4 Bedroom House,Pritoria,Woodhill Golf Estate,4,3,1,,R 60 000
15 Bedroom House,Pritoria,Brooklyn,15,9,2,,R 4 350
2 Bedroom Apartment,Pritoria,Silver Lakes,2,2,3,,R 12 000
3 Bedroom Apartment,Pritoria,Blyde Riverwalk Estate,3,2,1,,R 18 500
1 Bedroom Apartment,Pritoria,Hatfield,1,1,1,,R 4 000
1 Bedroom Apartment,Pritoria,Capital Park,1,1,4,,R 5 000
2 Bedroom Apartment,Pritoria,Silver Lakes,2,2,1,,R 12 000
Apartment,Pritoria,Pretoria Central,2,2,1,,R 2 999
2 Bedroom Apartment,Pritoria,Waverley,2,3,2,,R 6 901
2 Bedroom Apartment,Pritoria,Menlo Park,3,2,1,,R 16 000
3 Bedroom House,Pritoria,Waterkloof Marina Retirement Estate,2,2,2,,R 26 250
2 Bedroom Apartment,Pritoria,Lynnwood,1,1,,,R 17 500
1 Bedroom Apartment,Pritoria,Lynnwood,3,2,,,R 9 500
3 Bedroom Townhouse,Pritoria,Woodhill Golf Estate,1,1,,,R 27 000
1 Bedroom Apartment,Pritoria,Pretoria Central,1,1,,,R 5 090
1 Bedroom House,Pritoria,Muckleneuk,2,2,,,R 10 000
2 Bedroom Townhouse,Pritoria,Lynnwood,,,,,R 22 000
2 Bedroom Apartment,Pritoria,Kameeldrift East,2,1,1,39 m²,R 10 000
3 Bedroom Apartment,Pritoria,Claremont,3,1,1,49 m²,R 6 900
1 Bedroom Apartment,Pritoria,Muckleneuk,1,1,2,45 m²,R 8 500
3 Bedroom Apartment,Pritoria,Nieuw Muckleneuk,3,2,1,,R 22 000
2 Bedroom Apartment,Pritoria,Menlyn,2,2,3,,R 45 000
3 Bedroom Apartment,Pritoria,Boardwalk Villas,3,2.5,3,,R 22 000
2 Bedroom Apartment,Pritoria,Hatfield,2,2,4,,R 8 000
5 Bedroom House,Pritoria,Waterkloof Ridge,5,5,1,,R 65 000
3 Bedroom Apartment,Pritoria,Lynnwood,3,3,1,,R 25 500
Apartment,Pritoria,Menlyn,1,1,1,,R 15 000
1 Bedroom Apartment,Pritoria,Erasmusrand,5,2,2,,R 6 000
5 Bedroom House,Pritoria,Danville,1,1,3,,R 13 000
1 Bedroom Apartment,Pritoria,Ashlea Gardens,4,3,4,,R 13 800
4 Bedroom House,Pritoria,Waterkloof Ridge,3,3.5,6,,R 65 000
3 Bedroom House,Pritoria,Silver Lakes Golf Estate,4,4,3,,R 32 500
4 Bedroom House,Pritoria,Silver Lakes,1,1,1,,R 75 000
1 Bedroom Apartment,Pritoria,Waterkloof,1,1,1,,R 10 000
1 Bedroom Apartment,Pritoria,Erasmusrand,1,1,1,,R 6 000
1 Bedroom Apartment,Pritoria,Pretoria Central,6,6.5,8,,R 4 200
6 Bedroom House,Pritoria,Waterkloof Ridge,2,2,2,,R 95 000
2 Bedroom House,Pritoria,Waterkloof,,,,,R 23 000
2 Bedroom House,Pritoria,Kilner Park,2,1,1,35 m²,R 8 500
1 Bedroom Apartment,Pritoria,Faerie Glen,1,1,1,35 m²,R 10 000
1 Bedroom Apartment,Pritoria,Muckleneuk,1,1,1,144 m²,R 10 000
1 Bedroom Apartment,Pritoria,Hazeldean,1,1,1,56 m²,R 7 450
Apartment,Pritoria,Dorandia,5,1,1,126 m²,R 4 500
5 Bedroom House,Pritoria,Silver Lakes Golf Estate,1,3,6,,R 65 000
1 Bedroom Apartment,Pritoria,Faerie Glen,1,1,1,,R 10 000
1 Bedroom Apartment,Pritoria,Menlyn,2,1,1,,R 15 500
2 Bedroom House,Pritoria,The Wilds,2,2,2,,R 15 500
2 Bedroom Apartment,Pritoria,Waterkloof Glen,1,2,2,,R 35 000
1 Bedroom Apartment,Pritoria,Menlyn,1,1,1,,R 23 000
1 Bedroom House,Pritoria,Brooklyn,3,1,1,,R 8 000
3 Bedroom Apartment,Pritoria,Erasmus Park,3,2,2,,R 16 000
3 Bedroom Apartment,Pritoria,Nieuw Muckleneuk,2,3,3,,R 20 500
2 Bedroom Apartment,Pritoria,Brooklyn,1,2,2,,R 14 000
1 Bedroom Apartment,Pritoria,Menlo Park,4,1,1,,R 11 900
4 Bedroom House,Pritoria,Derdepoort,2,3,2,,R 26 000
2 Bedroom House,Pritoria,The Wilds,2,2,1,,R 14 500
2 Bedroom Apartment,Pritoria,Silver Lakes Golf Estate,3,2,1,,R 24 000
3 Bedroom House,Pritoria,Silver Lakes Golf Estate,1,2,4,,R 27 990
1 Bedroom Apartment,Pritoria,Featherwood Retirement Estate,,1,,,R 9 850
2 Bedroom Apartment,Pritoria,Pretoria West,2,1.5,1,87 m²,R 5 700
2 Bedroom Apartment,Pritoria,Hillcrest,2,1,1,60 m²,R 9 900
2 Bedroom Apartment,Pritoria,Shere,2,2,1,65 m²,R 8 000
2 Bedroom House,Pritoria,Kirkney,2,1,4,109 m²,R 6 800
2 Bedroom Townhouse,Pritoria,Silver Lakes Golf Estate,2,2,3,,R 28 000
4 Bedroom House,Pritoria,Silver Lakes Golf Estate,4,3,1,,R 65 000
2 Bedroom Apartment,Pritoria,Arcadia,2,1,2,,R 16 000
2 Bedroom Apartment,Pritoria,Menlo Park,2,2,4,,R 25 500
4 Bedroom House,Pritoria,Brooklyn,4,3,1,,R 25 000
0.5 Bedroom House,Pritoria,Danville,0.5,1,1,,R 3 500
2 Bedroom Apartment,Pritoria,Brooklyn,2,1,1,,R 13 800
13 Bedroom Apartment,Pritoria,Brooklyn,13,8,1,,R 5 200
3 Bedroom House,Pritoria,Pretoria West,3,2,1,,R 12 000
1 Bedroom Apartment,Pritoria,Menlo Park,1,1,1,,R 16 500
2 Bedroom Townhouse,Pritoria,The Wilds,2,1,1,,R 13 000
2 Bedroom House,Pritoria,Kirkney,2,1,1,,R 6 800
2 Bedroom Apartment,Pritoria,Silver Lakes Golf Estate,2,2,,,R 26 500
1 Bedroom Apartment,Pritoria,Pretoria Central,1,1,,,R 3 450
2 Bedroom Apartment,Pritoria,Pretoria North,2,1,,,R 5 500
1 Bedroom Apartment,Pritoria,Hatfield,1,1,,,R 9 500
0.5 Bedroom Apartment,Pritoria,Pretoria Central,0.5,1,,,R 3 950
1 Bedroom Apartment,Pritoria,Menlyn,1,1,2,75 m²,R 21 000
1 Bedroom Apartment,Pritoria,Danville,1,1,4,60 m²,R 2 500
2 Bedroom Apartment,Pritoria,Brooklyn,2,2,2,97 m²,R 13 500
2 Bedroom Apartment,Pritoria,Wonderboom South,2,1,1,91 m²,R 8 600
3 Bedroom House,Pritoria,Olympus AH,3,3,5,,R 22 000
1 Bedroom Apartment,Pritoria,Pretoria Central,1,1,1,,R 7 490
1 Bedroom Apartment,Pritoria,Menlo Park,1,1,2,,R 9 500
1 Bedroom Townhouse,Pritoria,Menlo Park,1,1,2,,R 6 000
4 Bedroom House,Pritoria,Waterkloof Ridge,4,3,1,,R 75 000
Apartment,Pritoria,Hatfield,1,1,2,,R 6 500
1 Bedroom Apartment,Pritoria,Featherwood Retirement Estate,2,1,3,,R 18 500
2 Bedroom Apartment,Pritoria,Silver Lakes Golf Estate,2,2,1,,R 23 000
2 Bedroom Apartment,Pritoria,Menlyn,2,2,,,R 45 000
2 Bedroom House,Pritoria,Featherwood Retirement Estate,2,2,,,R 17 000
2 Bedroom Apartment,Pritoria,Olympus AH,2,1,,,R 9 900
2 Bedroom Apartment,Pritoria,Erasmuskloof,1,2,,,R 13 000
1 Bedroom Apartment,Pritoria,Sunnyside,6,1,,,R 4 000
6 Bedroom House,Pritoria,Silver Lakes,1,3,,,R 75 000
1 Bedroom Apartment,Pritoria,Sunnyside,1,1,,,R 4 200
1 Bedroom Apartment,Pritoria,Danville,1,1,,,R 2 500
1 Bedroom Apartment,Pritoria,Featherwood Retirement Estate,,1,,,R 9 850
3 Bedroom House,Pritoria,Brooklyn,3,3.5,4,238 m²,R 35 000
2 Bedroom Apartment,Pritoria,Brooklyn,2,1,2,34 m²,R 13 800
1 Bedroom Apartment,Pritoria,Sinoville,1,1,1,,R 6 400
2 Bedroom Apartment,Pritoria,Silver Lakes Golf Estate,2,2,1,,R 22 000
2 Bedroom Apartment,Pritoria,Silver Lakes Golf Estate,2,2,1,,R 23 000
2 Bedroom Apartment,Pritoria,Brooklyn,2,1,1,,R 13 800
9 Bedroom House,Pritoria,Hatfield,9,4,1,,R 4 300
1 Bedroom Apartment,Pritoria,Silver Lakes Golf Estate,1,1,2,,R 12 000
2 Bedroom Apartment,Pritoria,Brooklyn,2,1,2,,R 13 800
2 Bedroom Apartment,Pritoria,Brooklyn,2,2,2,,R 12 750
3 Bedroom Apartment,Pritoria,Nieuw Muckleneuk,3,2,1,,R 22 000
1 Bedroom Apartment,Pritoria,Arcadia,1,1,1,,R 4 160
1 Bedroom Apartment,Pritoria,Blyde Riverwalk Estate,1,1,1,,R 13 000
2 Bedroom Apartment,Pritoria,Waverley,2,2,2.5,,R 6 901
1 Bedroom Apartment,Pritoria,Silver Lakes Golf Estate,1,1,1,,R 13 000
3 Bedroom House,Pritoria,Silver Lakes,3,2,5,,R 33 000
Apartment,Pritoria,Menlyn,4,3.5,4,,R 16 000
4 Bedroom House,Pritoria,Woodhill Golf Estate,2,1,,,R 75 000
2 Bedroom Apartment,Pritoria,Waterkloof,3,3,,,R 26 000
3 Bedroom House,Pritoria,Silverwoods Country Estate,4,3,,,R 50 000
4 Bedroom House,Pritoria,Brooklyn,,,,,R 25 000
0.5 Bedroom Apartment,Pritoria,Nieuw Muckleneuk,0.5,1,1,80 m²,R 13 800
2 Bedroom Apartment,Pritoria,Pretoria West,2,1,1,42 m²,R 5 000
0.5 Bedroom Apartment,Pritoria,Gezina,0.5,1,2,,R 4 500
2 Bedroom House,Pritoria,Hazeldean,2,2,4,,R 15 000
3 Bedroom House,Pritoria,Silver Lakes,3,2,1,,R 31 000
1 Bedroom House,Pritoria,Menlyn,1,1,1,,R 6 000
1 Bedroom House,Pritoria,Menlyn,1,1,1,,R 6 000
Apartment,Pritoria,Lotus Gardens,2,1,1,,R 1 500
2 Bedroom Apartment,Pritoria,Sinoville,2,1,1,,R 7 400
2 Bedroom Apartment,Pritoria,Featherwood Retirement Estate,1,1,1,,R 10 500
1 Bedroom Apartment,Pritoria,Pretoria Central,1,1,1,,R 6 520
1 Bedroom Apartment,Pritoria,Nieuw Muckleneuk,0.5,1,1,,R 13 800
0.5 Bedroom Apartment,Pritoria,Lynnwood Ridge,0.5,1,1,,R 6 999
0.5 Bedroom Apartment,Pritoria,Sunnyside,2,1,1,,R 4 120
2 Bedroom Apartment,Pritoria,Olympus AH,2,1,3,,R 7 500
2 Bedroom Apartment,Pritoria,Pretoria Gardens,1,1,,,R 6 400
Apartment,Pritoria,Menlyn,1,1,,,R 14 000
1 Bedroom Apartment,Pritoria,Pretoria Central,0.5,1,,,R 6 850
1 Bedroom Apartment,Pritoria,Menlo Park,4,3,,,R 10 000
0.5 Bedroom Apartment,Pritoria,Pretoria Central,,,,,R 4 000
4 Bedroom House,Pritoria,Waterkloof Ridge,,,,,R 90 000
2 Bedroom Apartment,Pritoria,Lynnwood Ridge,2,1,1,52 m²,R 9 000
2.5 Bedroom Apartment,Pritoria,Pretoria Gardens,2.5,1.5,1,52 m²,R 6 850
2 Bedroom Apartment,Pritoria,Equestria,2,2,1,82 m²,R 10 000
2 Bedroom Apartment,Pritoria,Pretoria Central,2,1,4,,R 7 000
3 Bedroom Townhouse,Pritoria,Menlo Park,3,3.5,2,,R 30 000
1 Bedroom Apartment,Pritoria,Nieuw Muckleneuk,1,1,5,,R 17 000
1 Bedroom Apartment,Pritoria,Waterkloof Glen,1,1,1,,R 22 000
3 Bedroom House,Pritoria,Muckleneuk,3,3,1,,R 25 000
2 Bedroom Apartment,Pritoria,Lynnwood Ridge,2,1,2,,R 9 000
1 Bedroom Apartment,Pritoria,Shere,1,1,1,,R 7 800
3 Bedroom House,Pritoria,Waterkloof Ridge,3,3,1,,R 46 000
1 Bedroom Apartment,Pritoria,Hatfield,1,1,3,,R 5 400
1 Bedroom Apartment,Pritoria,Capital Park,1,1,2,,R 4 200
5 Bedroom House,Pritoria,The Wilds,5,4,2,,R 65 000
2 Bedroom House,Pritoria,Waterkloof Heights,2,2,1,,R 18 000
Apartment,Pritoria,Menlyn,3,3,1,,R 16 000
3 Bedroom House,Pritoria,Muckleneuk,1,1,1,,R 23 000
1 Bedroom Apartment,Pritoria,Hatfield,4,1,,,R 3 750
4 Bedroom Apartment,Pritoria,Hatfield,4,3,,,R 3 700
4 Bedroom House,Pritoria,Silver Lakes Golf Estate,1,1,,,R 40 000
1 Bedroom House,Pritoria,Philip Nel Park,,,,,R 1 850
1 Bedroom Apartment,Pritoria,Nieuw Muckleneuk,1,1,1,24 m²,R 13 500
1 Bedroom Apartment,Pritoria,Silver Lakes Golf Estate,1,1,1,26 m²,R 18 000
2 Bedroom Apartment,Pritoria,Silver Lakes Golf Estate,2,2,1,,R 23 000
1 Bedroom Apartment,Pritoria,Sunnyside,1,1,2,,R 4 420
3 Bedroom Apartment,Pritoria,Baileys Muckleneuk,3,2,1,,R 19 000
2 Bedroom Apartment,Pritoria,Claremont,2,1,1,,R 5 900
1 Bedroom Apartment,Pritoria,Sunnyside,1,1,1,,R 2 950
1 Bedroom Apartment,Pritoria,Sunnyside,1,1,1,,R 2 950
Apartment,Pritoria,Lynnwood,2,1,1,,R 5 990
Apartment,Pritoria,Willow Park Manor,6,1,6,,R 6 800
2 Bedroom Apartment,Pritoria,Hatfield,2,2,1,,R 13 000
6 Bedroom House,Pritoria,Waterkloof Ridge,2,6.5,1,,R 95 000
2 Bedroom Apartment,Pritoria,Pretoria Central,0.5,1,1,,R 7 000
2 Bedroom Apartment,Pritoria,Montana,1,1,1,,R 8 500
0.5 Bedroom Apartment,Pritoria,Sunnyside,1,1,2,,R 4 280
1 Bedroom Apartment,Pritoria,Riviera,1,1,2,,R 5 500
1 Bedroom Apartment,Pritoria,Brooklyn,2,1,1,,R 8 800
1 Bedroom Apartment,Pritoria,Pretoria Central,3,1,,,R 3 160
2 Bedroom Apartment,Pritoria,Brooklyn,2,2,,,R 19 000
3 Bedroom Apartment,Pritoria,Brooklyn,,2,,,R 25 000
2 Bedroom Apartment,Pritoria,Featherwood Retirement Estate,,2,,,R 10 500
0.5 Bedroom Apartment,Pritoria,Hatfield,0.5,1,1,56 m²,R 6 200
1 Bedroom Apartment,Pritoria,Savannah Country Estate,1,1,2,56 m²,R 8 500
2 Bedroom Apartment,Pritoria,Menlyn,2,1,1,42 m²,R 25 000
1 Bedroom Apartment,Pritoria,Brooklyn,1,1,1,,R 10 500
Apartment,Pritoria,Sunnyside,2,1,1,,R 2 160
2 Bedroom Apartment,Pritoria,Menlyn,3,1,1,,R 25 000
3 Bedroom Apartment,Pritoria,Waterkloof,1,1,1,,R 28 990
Apartment,Pritoria,Pretoria Central,0.5,1,1,,R 2 500
1 Bedroom Apartment,Pritoria,Sinoville,1,1,1,,R 6 000
0.5 Bedroom Apartment,Pritoria,Pretoria Central,1,1,,,R 4 500
1 Bedroom Apartment,Pritoria,Sunnyside,1,1,,,R 4 200
1 Bedroom Apartment,Pritoria,Ashlea Gardens,2,1,,,R 13 500
Apartment,Pritoria,Mayville,0.5,1,,,R 6 190
1 Bedroom Apartment,Pritoria,Groenkloof,1.5,1,,,R 9 550
2 Bedroom Apartment,Pritoria,Tileba,2,1,,,R 6 400
0.5 Bedroom Apartment,Pritoria,Capital Park,1,1,,,R 4 500
1.5 Bedroom Apartment,Pritoria,Sunnyside,1,,,,R 4 100
2 Bedroom Apartment,Pritoria,Mayville,2,,,,R 5 000
1 Bedroom Apartment,Pritoria,Sinoville,,,,,R 5 800
1 Bedroom Apartment,Pritoria,Arcadia,,,,,R 2 950
2 Bedroom Apartment,Pritoria,Sunnyside,,,,,R 4 300
House,Pritoria,Claremont,1,1,1,65 m²,R 2 800
1 Bedroom Apartment,Pritoria,Pretoria Central,2,1,1,30 m²,R 4 390
2 Bedroom Apartment,Pritoria,Arcadia,1,1.5,1,60 m²,R 6 290
Apartment,Pritoria,Hatfield,1,1,1,41 m²,R 5 500
1 Bedroom Apartment,Pritoria,Arcadia,1,1,1,60 m²,R 2 950
1 Bedroom House,Pritoria,Silver Lakes Golf Estate,1,1,1,68 m²,R 10 000
1 Bedroom Apartment,Pritoria,Arcadia,2,1,1,68 m²,R 2 950
1 Bedroom Apartment,Pritoria,Pretoria West,1,1,1,56 m²,R 1 800
2 Bedroom Apartment,Pritoria,Arcadia,2,1,1,30 m²,R 6 390
1 Bedroom Apartment,Pritoria,Waterkloof Ridge,1,1,1,68 m²,R 9 200
2 Bedroom Apartment,Pritoria,Waterkloof,2,1,1,68 m²,R 10 500
1 Bedroom Apartment,Pritoria,Waterkloof,3,1,2,68 m²,R 9 200
2 Bedroom Apartment,Pritoria,Waterkloof Ridge,3,2,1,,R 10 500
3 Bedroom Apartment,Pritoria,Montana Park,2,2,1,,R 10 900
3 Bedroom Apartment,Pritoria,Pretoria North,1,2,,,R 10 900
2 Bedroom Apartment,Pritoria,Pretoria North,3,1,,,R 8 550
1 Bedroom Apartment,Pritoria,Waterkloof Ridge,3,2,,,R 8 200
3 Bedroom Apartment,Pritoria,Silverton,3,2,,,R 10 900
3 Bedroom Apartment,Pritoria,Kameeldrift East,3,2,,,R 10 900
3 Bedroom Apartment,Pritoria,Roodeplaat,,2,,,R 10 900
3 Bedroom Apartment,Pritoria,Sinoville,,,,,R 10 900
1 Bedroom Apartment,Pritoria,Waterkloof Glen,1,1,1,41 m²,R 9 200
2 Bedroom Apartment,Pritoria,Silverton,2,1,1,46 m²,R 7 550
2 Bedroom Apartment,Pritoria,Montana Park,2,2,1,56 m²,R 8 900
2 Bedroom Apartment,Pritoria,Sinoville,2,1,1,46 m²,R 7 650
3 Bedroom Apartment,Pritoria,Magalieskruin,3,2,2,46 m²,R 10 900
3 Bedroom Apartment,Pritoria,Pretoria North,3,2,2,46 m²,R 10 900
2 Bedroom Apartment,Pritoria,Mountain View,2,1,2,46 m²,R 8 100
2 Bedroom Apartment,Pritoria,Lotus Gardens,2,1,2,30 m²,R 8 100
2 Bedroom Apartment,Pritoria,Kwaggasrand,2,1,2,30 m²,R 8 100
2 Bedroom Apartment,Pritoria,Daspoort,2,1,1,,R 8 100
2 Bedroom Apartment,Pritoria,Kirkney,2,2,2,,R 8 100
3 Bedroom Apartment,Pritoria,Wonderboom AH,3,1,2,,R 15 750
2 Bedroom Apartment,Pritoria,Roodeplaat,2,1,1,,R 7 650
1 Bedroom Apartment,Pritoria,Waterkloof,1,1,1,,R 8 200
2 Bedroom Apartment,Pritoria,Montana Park,2,1,1,,R 7 550
2 Bedroom Apartment,Pritoria,Doornpoort AH,2,1,1,,R 7 550
2 Bedroom Apartment,Pritoria,Montana Park,2,1,1,,R 7 550
2 Bedroom Apartment,Pritoria,Mountain View,2,1,2,,R 7 350
1 Bedroom Apartment,Pritoria,Waterkloof Glen,1,1,1,,R 8 200
1 Bedroom Apartment,Pritoria,Faerie Glen,1,2,1,,R 8 100
3 Bedroom Apartment,Pritoria,Silverton,3,,2,,R 14 500
3 Bedroom Apartment,Pritoria,Roodeplaat,3,2,2,46 m²,R 14 200
3 Bedroom Apartment,Pritoria,Roodeplaat,3,2,2,71 m²,R 15 750
2 Bedroom Apartment,Pritoria,Montana Park,2,1,1,56 m²,R 7 550
3 Bedroom Apartment,Pritoria,Equestria,3,2,2,71 m²,R 13 500
2 Bedroom Apartment,Pritoria,Faerie Glen,2,1,1,46 m²,R 9 400
2 Bedroom Apartment,Pritoria,Silverton,2,2,2,56 m²,R 8 750
2 Bedroom Apartment,Pritoria,Roodeplaat,2,1,1,46 m²,R 7 550
2 Bedroom Apartment,Pritoria,Gezina,2,2,1,30 m²,R 8 450
2 Bedroom Apartment,Pritoria,Pretoria North,2,1,1,,R 7 550
2 Bedroom Apartment,Pritoria,Newlands,2,1,1,,R 8 300
2 Bedroom Apartment,Pritoria,Montana,2,1,1,,R 7 750
2 Bedroom Apartment,Pritoria,Die Wilgers,2,2,2,,R 10 300
2 Bedroom Apartment,Pritoria,Erasmuskloof,2,1,1,,R 9 400
2 Bedroom Apartment,Pritoria,Faerie Glen,2,2,1,,R 9 000
2 Bedroom Apartment,Pritoria,Booysens,2,1,3,,R 7 350
2 Bedroom Apartment,Pritoria,Garsfontein,2,1,1,,R 9 500
2 Bedroom Apartment,Pritoria,Montana,2,2,1,,R 8 900
2 Bedroom Apartment,Pritoria,Atteridgeville,2,1,3,,R 7 350
1 Bedroom Apartment,Pritoria,Elarduspark,1,1,1,,R 8 200
3 Bedroom Apartment,Pritoria,Equestria,3,2,2,,R 13 500
1 Bedroom Apartment,Pritoria,Menlo Park,1,1,1,,R 8 200
2 Bedroom Apartment,Pritoria,Arcadia,2,1,3,46 m²,R 7 350
2 Bedroom Apartment,Pritoria,Claremont,2,1,3,50 m²,R 7 550
2 Bedroom Townhouse,Pritoria,Capital Park,2,1,3,50 m²,R 7 550
2 Bedroom Townhouse,Pritoria,Booysens,2,1,3,50 m²,R 7 550
2 Bedroom Townhouse,Pritoria,Andeon,2,1,4,50 m²,R 7 550
2 Bedroom Townhouse,Pritoria,Booysens,2,1,3,50 m²,R 7 550
2 Bedroom Townhouse,Pritoria,Danville,2,1,3,50 m²,R 7 550
1 Bedroom Apartment,Pritoria,Garsfontein,1,1,1,50 m²,R 8 200
2 Bedroom Townhouse,Pritoria,Atteridgeville,2,1,3,43 m²,R 7 550
1 Bedroom Apartment,Pritoria,Erasmuskloof,1,1,1,36 m²,R 8 200
1 Bedroom Apartment,Pritoria,Montana Tuine,1,1,1,36 m²,R 8 500
2 Bedroom Apartment,Pritoria,Andeon,2,1,4,36 m²,R 7 350
1 Bedroom Apartment,Pritoria,Capital Park,1,1,4,36 m²,R 6 250
1 Bedroom Apartment,Pritoria,Erasmuskloof,1,1,1,56 m²,R 8 200
2 Bedroom Apartment,Pritoria,La Montagne,2,2,1,,R 10 300
1 Bedroom Apartment,Pritoria,Brooklyn,1,1,1,,R 8 200
1 Bedroom Apartment,Pritoria,Atteridgeville,1,1,4,,R 6 250
1 Bedroom Apartment,Pritoria,Booysens,1,1,4,,R 6 250
Apartment,Pritoria,Newlands,2,1,1,,R 9 100
2 Bedroom Apartment,Pritoria,Elarduspark,2,,3,,R 9 200
2 Bedroom Apartment,Pritoria,Arcadia,,,,,R 7 350
