Property_type,Property_city,Property_location,Bedrooms,Bathrooms,Parking_space,property_price_(per_month)
House,Pretoria,"Leeuwenhof Estate",1,1,1,24000
Apartment,Pretoria,Sinoville,1,1,1,10600
Apartment,Pretoria,"Pretoria Central",3,2,2,14000
Town-house,Pretoria,"Mooikloof Ridge",2,1,1,12000
Apartment,Pretoria,"Willow Park Manor",2,1,1,7000
Apartment,Pretoria,Meyerspark,1,1,1,5200
Apartment,Pretoria,Montana,3,3,2,11000
House,Pretoria,Wapadrand,2,2,2,30000
Apartment,Pretoria,Elarduspark,2,1,1,9500
Town-house,Pretoria,"Olympus AH",2,2,3,10500
Apartment,Pretoria,Hillcrest,1,1,1,7000
Town-house,Pretoria,Rietvalleirand,1,1,1,21000
Apartment,Pretoria,Hillcrest,2,2,3,7000
Town-house,Pretoria,Rietvalleirand,4,3,1,13800
Apartment,Pretoria,Hatfield,2,2,2,8500
Apartment,Pretoria,"Olympus AH",2,1,1,10000
Town-house,Pretoria,"Olympus AH",2,2,1,25000
Apartment,Pretoria,Hazeldean,3,3,2,9800
Apartment,Pretoria,Hatfield,2,2,1,3500
Apartment,Pretoria,Hazeldean,2,1,1,8800
Apartment,Pretoria,Hazeldean,2,2,1,9800
Apartment,Pretoria,Hazeldean,2,2,2,8200
House,Pretoria,"Mooikloof Equestrian Estate",2,2,4,70000
Apartment,Pretoria,Hazeldean,5,5,1,8800
Apartment,Pretoria,Hatfield,2,2,1,9500
Apartment,Pretoria,Bronberg,1,1,1,9150
Town-house,Pretoria,Hazeldean,1,1,2,12500
Apartment,Pretoria,Equestria,2,2,1,8000
Apartment,Pretoria,Waverley,2,1,2,9750
Apartment,Pretoria,"Paramount Estate",2,1,1,8500
Apartment,Pretoria,Hazeldean,2,2,1,9500
Apartment,Pretoria,Hazeldean,3,2,8,8800
House,Pretoria,"Lynnwood Glen",2,2,1,25000
Apartment,Pretoria,Hazeldean,4,3,1,8200
House,Pretoria,Annlin,2,2,2,10000
Apartment,Pretoria,Equestria,2,1,1,8600
Apartment,Pretoria,Villieria,2,1,3,5047
Apartment,Pretoria,"Philip Nel Park",1,1,1,6800
Apartment,Pretoria,Wolmer,2,1,1,7800
Apartment,Pretoria,Hatfield,2,1,1,10000
House,Pretoria,Montana,2,2,4,18000
Apartment,Pretoria,Hazeldean,3,2,1,8800
House,Pretoria,"Blyde Riverwalk Estate",2,2,1,13500
Town-house,Pretoria,"Silver Lakes",2,2,2,8200
Town-house,Pretoria,"Lynnwood Manor",2,2,2,17800
Apartment,Pretoria,Waverley,2,2,1,9750
Apartment,Pretoria,"Blyde Riverwalk Estate",2,1,1,8500
Apartment,Pretoria,"Willow Park Manor",1,1,1,9265
Apartment,Pretoria,Hazeldean,1,1,2,8800
Apartment,Pretoria,Erasmusrand,2,2,9,11000
House,Pretoria,"Six Fountains Residential Estate",3,2,1,58000
Apartment,Pretoria,Mooikloof,5,6,2,7500
Apartment,Pretoria,Villieria,1,1,2,5047
Apartment,Pretoria,Boardwalk,1,1,4,9000
Apartment,Pretoria,Montana,1,1,1,10500
Apartment,Pretoria,Hatfield,3,2,3,4700
Apartment,Pretoria,Elarduspark,2,1,1,6000
Apartment,Pretoria,Elarduspark,1,1,1,7500
Apartment,Pretoria,Dorandia,1,1,1,7400
Apartment,Pretoria,"Six Fountains Residential Estate",2,1,1,15000
Apartment,Pretoria,Wolmer,2,2,2,7400
Apartment,Pretoria,Elarduspark,2,1,1,6000
Town-house,Pretoria,"Olympus AH",1,1,1,25000
Apartment,Pretoria,Dorandia,3,3,2,7800
Town-house,Pretoria,"Olympus AH",2,1,1,7600
Town-house,Pretoria,Bronberg,2,1,1,17000
Town-house,Pretoria,"Mooikloof Ridge",3,3,2,7600
Town-house,Pretoria,Wonderboom,2,1,2,16000
Apartment,Pretoria,Rietfontein,3,2,2,4925
Apartment,Pretoria,"Olympus AH",1,1,1,9440
Apartment,Pretoria,Rietfontein,1,1,2,4375
Apartment,Pretoria,Rietfontein,1,1,3,4150
House,Pretoria,"Capital Park",1,1,1,2780
Apartment,Pretoria,Elarduspark,2,1,1,8600
Apartment,Pretoria,Rietvalleirand,2,2,2,11500
Apartment,Pretoria,Waverley,2,2,3,10250
Town-house,Pretoria,Silverton,3,3,1,13500
Apartment,Pretoria,Waverley,2,2,1,10250
Apartment,Pretoria,"Blyde Riverwalk Estate",2,2,4,11000
Apartment,Pretoria,"Blyde Riverwalk Estate",1,1,1,12000
House,Pretoria,Annlin,3,2,1,11000
House,Pretoria,"Montana Tuine",1,1,3,8340
House,Pretoria,"Montana Tuine",2,1,4,13500
House,Pretoria,"Newmark Estate",4,4,2,35000
House,Pretoria,Montana,5,3,2,23000
House,Pretoria,"Montana Tuine",2,2,1,16700
Town-house,Pretoria,Lynnwood,3,2,1,26000
Apartment,Pretoria,"Magaliesmoot AH",2,2,1,10250
Apartment,Pretoria,"Magaliesmoot AH",2,1,1,9750
Apartment,Pretoria,Waverley,2,1,2,9500
Town-house,Pretoria,Equestria,2,1,1,11500
House,Pretoria,"Montana Tuine",1,1,2,8040
Apartment,Pretoria,"Mooikloof Glen",2,2,2,8800
Apartment,Pretoria,"Montana Park",2,2,1,8600
Apartment,Pretoria,Lynnwood,2,1,1,22000
Apartment,Pretoria,Hatfield,2,1,2,9200
House,Pretoria,"Menlo Park",1,2,1,27000
House,Pretoria,"Constantia Park",1,1,2,5000
Apartment,Pretoria,Waverley,2,2,1,10250
Apartment,Pretoria,Pretoriuspark,2,2,1,10000
Apartment,Pretoria,Hatfield,2,1,2,9400
Apartment,Pretoria,Hatfield,2,1,2,11500
Apartment,Pretoria,Waverley,2,2,2,11000
Town-house,Pretoria,"Pretoria North",2,2,4,10250
Apartment,Pretoria,Equestria,2,1,1,8600
House,Pretoria,Queenswood,6,3,14,3500
Apartment,Pretoria,Waverley,2,2,3,10250
Apartment,Pretoria,Montana,2,2,1,10200
Town-house,Pretoria,"Boardwalk Meander",3,2,2,20000
Apartment,Pretoria,Menlyn,1,1,7,30000
Apartment,Pretoria,Waverley,2,1,2,9750
Town-house,Pretoria,"Moreleta Park",3,2,58,15000
House,Pretoria,Arcadia,8,3,4,41040
Town-house,Pretoria,Derdepoort,3,2,4,17000
Apartment,Pretoria,Waterkloof,58,58,1,15990
Town-house,Pretoria,Magalieskruin,3,2,1,12500
House,Pretoria,Doornpoort,4,3,2,20000
Apartment,Pretoria,"Erasmus Park",2,1,2,10900
Apartment,Pretoria,Montana,2,2,58,10500
Apartment,Pretoria,Annlin,3,2,1,11206
Apartment,Pretoria,"Blyde Riverwalk Estate",2,2,1,12000
Apartment,Pretoria,Waterkloof,58,58,2,15990
Apartment,Pretoria,Waterkloof,2,2,2,10000
House,Pretoria,Villieria,3,2,3,14000
Apartment,Pretoria,Menlyn,2,2,2,55700
Apartment,Pretoria,Hatfield,1,2,1,3900
Town-house,Pretoria,"Faerie Glen",2,2,1,13500
Town-house,Pretoria,"Faerie Glen",3,1,3,14275
Apartment,Pretoria,Rietfontein,2,1,1,6400
Apartment,Pretoria,"Olympus AH",2,1,2,7800
Apartment,Pretoria,Montana,2,1,1,8400
Apartment,Pretoria,Rietfontein,2,1,2,6400
Apartment,Pretoria,"Pretoria North",2,2,1,5500
Town-house,Pretoria,Montana,3,1,6,18000
Apartment,Pretoria,"West Park",2,2,2,7350
House,Pretoria,"Capital Park",4,2,12,19440
Apartment,Pretoria,"Blyde Riverwalk Estate",2,5,2,10500
House,Pretoria,"Waterkloof Ridge",6,2,2,90000
Apartment,Pretoria,Hatfield,2,1,2,10500
Apartment,Pretoria,"Wonderboom South",1,2,4,13000
Apartment,Pretoria,"The Hills Game Reserve Estate",2,2,2,10500
Town-house,Pretoria,"Moreleta Park",3,2,2,11500
House,Pretoria,Elarduspark,5,3,3,19900
Apartment,Pretoria,Waverley,2,2,3,10250
House,Pretoria,"Constantia Park",3,1,4,12500
Apartment,Pretoria,"Menlo Park",2,3,2,14000
Town-house,Pretoria,Hatfield,4,2,1,17500
Town-house,Pretoria,"Six Fountains Residential Estate",3,2,2,22000
Apartment,Pretoria,Hazeldean,2,1,1,9250
Apartment,Pretoria,Boardwalk,2,1,1,8100
Apartment,Pretoria,Hazeldean,2,2,4,9500
House,Pretoria,Equestria,1,1,1,10200
Apartment,Pretoria,Roodeplaat,2,2,2,10480
House,Pretoria,"Lombardy Estate",3,2,2,36000
Apartment,Pretoria,"La Montagne",2,1,1,8300
Apartment,Pretoria,Arcadia,2,1,1,7350
Apartment,Pretoria,Menlyn,1,1,3,21000
Apartment,Pretoria,"Erasmus Park",2,1,4,9000
Apartment,Pretoria,"Lynnwood Glen",1,1,1,9000
Apartment,Pretoria,Hatfield,1,1,1,8100
Apartment,Pretoria,Roodeplaat,2,1,1,9800
Apartment,Pretoria,"La Montagne",2,2,2,9500
Town-house,Pretoria,"Mooikloof Ridge",2,1,2,7300
Apartment,Pretoria,Roodeplaat,2,1,1,10000
Apartment,Pretoria,Sinoville,2,2,1,10600
Apartment,Pretoria,Silverton,1,1,2,3700
Town-house,Pretoria,"Pretoria North",1,2,1,5100
Apartment,Pretoria,"Philip Nel Park",1,1,2,6050
Apartment,Pretoria,Hazeldean,2,2,2,9800
Apartment,Pretoria,"Erasmus Park",1,1,5,8600
Apartment,Pretoria,"Blyde Riverwalk Estate",2,2,2,16300
Apartment,Pretoria,Roodeplaat,2,1,1,9250
House,Pretoria,"Lynnwood Ridge",3,2,1,22000
House,Pretoria,Rietvalleirand,3,3,4,23500
Apartment,Pretoria,Wonderboom,2,1,1,4150
Apartment,Pretoria,Hazeldean,2,2,1,9800
House,Pretoria,Wonderboom,3,2,2,15750
Apartment,Pretoria,Hazeldean,3,2,1,9500
Apartment,Pretoria,"Philip Nel Park",2,1,1,6230
Apartment,Pretoria,Hatfield,1,1,1,6680
Apartment,Pretoria,"Philip Nel Park",2,1,1,6340
Town-house,Pretoria,Hazeldean,3,2,4,18000
Town-house,Pretoria,Rietvalleirand,2,2,2,14500
Apartment,Pretoria,Hatfield,1,1,1,6680
Town-house,Pretoria,"Capital Park",3,2,4,10000
Apartment,Pretoria,Hazeldean,2,2,1,9800
Apartment,Pretoria,"Menlo Park",2,3,2,14000
Apartment,Pretoria,Waverley,2,2,2,10250
Apartment,Pretoria,"Blyde Riverwalk Estate",2,2,1,13000
Apartment,Pretoria,Arcadia,1,1,1,5831
Apartment,Pretoria,Florauna,1,1,1,3180
Apartment,Pretoria,Doornpoort,2,1,1,5520
Apartment,Pretoria,Hazeldean,2,2,58,9500
Apartment,Pretoria,"Philip Nel Park",2,1,1,5950
Town-house,Pretoria,Equestria,3,1,4,9000
Town-house,Pretoria,"Die Wilgers",2,2,3,14000
House,Pretoria,"Newmark Estate",3,3,4,28000
Apartment,Pretoria,Hazeldean,3,2,1,9800
Town-house,Pretoria,Elarduspark,3,2,2,10950
Apartment,Pretoria,Hillcrest,2,1,1,8000
Apartment,Pretoria,"Blyde Riverwalk Estate",2,2,2,12000
Apartment,Pretoria,Waterkloof,58,58,58,17990
House,Pretoria,Boardwalk,3,2,4,27000
Apartment,Pretoria,"Roodepark Eco Estate",2,2,1,10500
Apartment,Pretoria,"Waterkloof Park",1,1,1,12000
Apartment,Pretoria,Menlyn,1,1,1,14000
Apartment,Pretoria,"Greencreek Lifestyle Estate",2,1,1,6000
Apartment,Pretoria,Arcadia,3,3,1,21000
House,Pretoria,"Six Fountains Residential Estate",2,3,1,36000
Apartment,Pretoria,"Philip Nel Park",2,1,1,5950
Apartment,Pretoria,"Faerie Glen",3,2,1,9950
Town-house,Pretoria,Equestria,1,2,3,17000
Apartment,Pretoria,Hatfield,2,1,1,11500
Apartment,Pretoria,"Menlo Park",2,2,2,13550
Apartment,Pretoria,"Erasmus Park",2,1,2,12000
Apartment,Pretoria,"Olympus AH",2,2,2,10750
Apartment,Pretoria,"Weavind Park",1,1,1,5500
Apartment,Pretoria,Montana,1,1,1,5000
Apartment,Pretoria,Equestria,2,1,5,8500
House,Pretoria,"Waterkloof Ridge",4,3,1,36999
Apartment,Pretoria,"La Montagne",2,1,1,7900
Apartment,Pretoria,Arcadia,2,1,1,6200
Apartment,Pretoria,Groenkloof,2,1,2,7500
Town-house,Pretoria,Erasmuskloof,2,2,1,16000
Apartment,Pretoria,Hillcrest,2,1,1,11800
Apartment,Pretoria,Annlin-Wes,1,1,2,6150
House,Pretoria,Waterkloof,3,2,2,20000
Apartment,Pretoria,Annlin,2,2,1,9500
Apartment,Pretoria,"Blyde Riverwalk Estate",1,1,6,8900
House,Pretoria,Waterkloof,4,3,2,40000
Apartment,Pretoria,"Weavind Park",1,1,2,5500
Apartment,Pretoria,"Blyde Riverwalk Estate",2,2,4,15500
House,Pretoria,"Boardwalk Meander",3,4,2,28000
Apartment,Pretoria,Annlin,2,2,2,11206
House,Pretoria,"Lotus Gardens",2,1,1,6000
Apartment,Pretoria,Sinoville,2,2,2,10600
House,Pretoria,"Zambezi Manor Lifestyle Estate",3,2,2,15750
Apartment,Pretoria,Hatfield,2,1,2,8995
Town-house,Pretoria,Annlin,3,2,2,11500
House,Pretoria,Newlands,2,2,2,12250
Apartment,Pretoria,"Willow Park Manor",2,2,1,10980
Apartment,Pretoria,"Erasmus Park",2,1,1,9500
Apartment,Pretoria,"Mooikloof Manor",1,1,2,8500
Apartment,Pretoria,Annlin,2,2,12,11206
House,Pretoria,Waterkloof,5,2,4,85000
House,Pretoria,Montana,3,2,2,13800
Town-house,Pretoria,"Olympus AH",3,3,1,19000
Apartment,Pretoria,Arcadia,3,1,1,7500
Apartment,Pretoria,"Blyde Riverwalk Estate",1,1,2,13000
Apartment,Pretoria,"Blyde Riverwalk Estate",2,2,2,13000
Apartment,Pretoria,"Menlo Park",2,3,2,14000
Town-house,Pretoria,"Lynnwood Manor",3,2,2,16000
Apartment,Pretoria,"Six Fountains Residential Estate",2,2,4,15000
Apartment,Pretoria,Hazeldean,2,2,2,10550
Apartment,Pretoria,Sunnyside,2,2,1,6500
Apartment,Pretoria,Riviera,1,1,1,4000
Apartment,Pretoria,"Wonderboom South",1,1,1,5500
Town-house,Pretoria,"Faerie Glen",3,2,4,15500
Apartment,Pretoria,Waverley,2,1,4,10250
Town-house,Pretoria,"The Wilds",2,2,2,16000
Apartment,Pretoria,Montana,2,2,2,8900
House,Pretoria,"Ashlea Gardens",1,1,1,16500
Town-house,Pretoria,"Olympus AH",3,3,1,25000
Apartment,Pretoria,Montana,1,1,2,7000
Apartment,Pretoria,"Pretoria North",2,2,2,6800
Town-house,Pretoria,"Olympus AH",2,2,2,16000
Town-house,Pretoria,"Olympus AH",2,2,4,16000
Town-house,Pretoria,"Olympus AH",2,2,4,16000
House,Pretoria,"Six Fountains Residential Estate",3,3,1,38000
Apartment,Pretoria,Waverley,2,1,4,10950
Town-house,Pretoria,Montana,2,2,4,10500
House,Pretoria,"Faerie Glen",2,2,2,17000
House,Pretoria,Erasmusrand,4,2,2,23000
Apartment,Pretoria,Mooikloof,2,2,2,9000
House,Pretoria,Roodeplaat,3,2,1,17900
Apartment,Pretoria,Montana,1,1,3,5400
Town-house,Pretoria,"Monument Park",3,3,1,15500
Apartment,Pretoria,Arcadia,2,1,1,7103
Apartment,Pretoria,"Montana Park",3,1,2,8840
Town-house,Pretoria,"Six Fountains Residential Estate",2,2,2,19100
Apartment,Pretoria,Equestria,2,2,2,9750
Town-house,Pretoria,"Olympus AH",1,2,3,18000
Apartment,Pretoria,"Pretoria West",2,1,2,3800
Apartment,Pretoria,Waverley,2,1,1,10950
Apartment,Pretoria,Montana,3,2,1,10000
Town-house,Pretoria,"Constantia Park",3,3,1,30000
Apartment,Pretoria,Erasmuskloof,2,2,1,8000
Apartment,Pretoria,Annlin,2,2,2,11206
Apartment,Pretoria,Sinoville,3,2,1,7250
Town-house,Pretoria,Wonderboom,3,2,2,10400
Town-house,Pretoria,"Willow Park Manor",2,2,3,9000
Apartment,Pretoria,"Blyde Riverwalk Estate",2,1,2,14000
Apartment,Pretoria,"Philip Nel Park",2,1,1,7600
Apartment,Pretoria,Menlyn,1,3,1,30000
House,Pretoria,"Silver Lakes Golf Estate",3,2,2,38000
House,Pretoria,"Rose Acres Estate",4,2,1,23000
Town-house,Pretoria,"Country View Estate",2,2,2,10400
Town-house,Pretoria,"Moreleta Park",3,2,4,13500
Town-house,Pretoria,Mooikloof,3,2,2,16500
Town-house,Pretoria,"Willow Park Manor",3,1,2,13950
Apartment,Pretoria,Brooklyn,1,1,1,9990
Apartment,Pretoria,"Philip Nel Park",2,1,1,7600
Apartment,Pretoria,Hatfield,3,3,2,4499
Apartment,Pretoria,Lynnwood,3,1,2,21900
Apartment,Pretoria,Montana,2,2,2,8900
Town-house,Pretoria,"Olympus AH",2,2,2,16000
Town-house,Pretoria,"Olympus AH",2,2,2,16000
Town-house,Pretoria,"Olympus AH",2,2,2,16000
Town-house,Pretoria,"Olympus AH",2,2,2,14000
House,Pretoria,Garsfontein,4,5,6,25000
Apartment,Pretoria,"Menlo Park",1,1,1,12000
Town-house,Pretoria,Equestria,2,2,5,17000
Apartment,Pretoria,"Waterkloof Marina Retirement Estate",2,1,1,14500
Apartment,Pretoria,Equestria,1,1,1,10200
Apartment,Pretoria,Equestria,1,1,1,8900
Apartment,Pretoria,Waterkloof,1,1,1,6000
Apartment,Pretoria,Brooklyn,2,2,1,9500
Apartment,Pretoria,"Wonderboom South",2,2,8,6500
House,Pretoria,Wonderboom,4,3,1,25000
Apartment,Pretoria,Wapadrand,1,1,1,6500
Apartment,Pretoria,"Philip Nel Park",1,1,1,5100
Apartment,Pretoria,Villieria,1,1,1,7000
Apartment,Pretoria,"Wonderboom South",2,2,6,6500
House,Pretoria,"Wonderboom South",4,2,1,22000
Apartment,Pretoria,Sinoville,2,2,1,7600
Town-house,Pretoria,"Silver Lakes",2,1,2,9250
Town-house,Pretoria,"Silver Lakes",2,2,2,10000
Apartment,Pretoria,Menlyn,3,2,1,14500
Apartment,Pretoria,"Six Fountains",2,2,2,13500
Town-house,Pretoria,Rietfontein,3,1,2,10500
Town-house,Pretoria,Murrayfield,3,2,1,11880
House,Pretoria,"Waterkloof Ridge",4,4,3,40000
Apartment,Pretoria,Brooklyn,2,2,2,16500
Apartment,Pretoria,"Olympus AH",2,1,1,7800
Apartment,Pretoria,"Olympus AH",2,2,2,10500
Town-house,Pretoria,"Olympus AH",3,3,4,17500
Town-house,Pretoria,"Moreleta Park",2,1,1,7500
Town-house,Pretoria,Equestria,3,2,4,14950
Apartment,Pretoria,"Tijger Vallei",2,2,1,11000
House,Pretoria,"Lynnwood Glen",4,1,3,24000
Town-house,Pretoria,"Olympus AH",3,2,2,9900
Apartment,Pretoria,Hatfield,2,1,1,6990
Apartment,Pretoria,Montana,2,1,1,7500
Apartment,Pretoria,"Nieuw Muckleneuk",2,2,2,9650
Apartment,Pretoria,"Six Fountains",2,2,2,13500
House,Pretoria,Garsfontein,4,4,2,19500
Apartment,Pretoria,"Waterkloof Glen",2,2,2,8500
House,Pretoria,Dorandia,4,2,4,15000
House,Pretoria,Wonderboom,3,3,2,17500
Town-house,Pretoria,"Olympus AH",3,3,2,22000
Apartment,Pretoria,"Willow Park Manor",1,1,1,15000
Apartment,Pretoria,Menlyn,1,1,1,30000
House,Pretoria,"Waterkloof Ridge",2,2,2,48000
Apartment,Pretoria,"Waterkloof Marina Retirement Estate",1,1,1,9600
Town-house,Pretoria,"The Wilds",3,2,4,18500
Town-house,Pretoria,Meyerspark,3,2,4,12200
Apartment,Pretoria,"Moreleta Park",2,1,3,11000
Apartment,Pretoria,Eloffsdal,2,1,1,5200
Apartment,Pretoria,Menlyn,1,1,1,30000
Town-house,Pretoria,"Ashlea Gardens",3,3,1,23000
Apartment,Pretoria,"Greencreek Lifestyle Estate",1,1,1,8000
Apartment,Pretoria,Mooikloof,2,2,2,11500
Apartment,Pretoria,Waterkloof,58,58,58,8990
Apartment,Pretoria,Annlin,2,1,1,6700
Apartment,Pretoria,Mooikloof,2,2,2,10000
House,Pretoria,"Waterkloof Ridge",3,4,3,38000
Town-house,Pretoria,Equestria,3,3,2,16500
Apartment,Pretoria,"Blyde Riverwalk Estate",2,2,2,11235
Apartment,Pretoria,"Castle Gate",2,1,1,11500
Town-house,Pretoria,"Moreleta Park",2,1,3,11500
House,Pretoria,"Waterkloof Ridge",3,4,3,38000
Town-house,Pretoria,"The Wilds",3,2,4,18500
Apartment,Pretoria,Hazeldean,2,2,1,9800
Apartment,Pretoria,"Olympus AH",2,2,2,12320
Apartment,Pretoria,"Blyde Riverwalk Estate",1,1,1,9500
House,Pretoria,"Olympus AH",3,3,2,24600
Town-house,Pretoria,Waterkloof,3,2,2,26000
Apartment,Pretoria,Mooikloof,1,1,2,8000
Apartment,Pretoria,Mooikloof,2,2,2,11500
Town-house,Pretoria,"La Montagne",2,2,2,9800
House,Pretoria,Andeon,3,2,1,14000
Apartment,Pretoria,"Die Wilgers",1,1,2,7200
Apartment,Pretoria,Menlyn,2,2,2,45000
Town-house,Pretoria,Equestria,3,2,2,13860
House,Pretoria,"Moreleta Park",4,4,4,24500
House,Pretoria,"The Wilds",3,2,4,18500
Apartment,Pretoria,"Waterkloof Marina Retirement Estate",1,1,1,9600
Apartment,Pretoria,"Moreleta Park",1,1,1,8500
Apartment,Pretoria,Garsfontein,1,1,1,7000
Apartment,Pretoria,Montana,2,1,1,9600
Town-house,Pretoria,Montana,2,1,2,6850
Apartment,Pretoria,"Willow Park Manor",3,2,3,10500
House,Pretoria,"Silver Lakes Golf Estate",4,3,1,39000
Apartment,Pretoria,"Olympus AH",2,2,2,13900
Town-house,Pretoria,"Mooiplaats AH",1,1,2,7500
House,Pretoria,Rietfontein,3,2,1,12500
Apartment,Pretoria,"Pretoria North",2,1,2,7150
Town-house,Pretoria,"Menlo Park",2,3,1,16000
Apartment,Pretoria,"Blyde Riverwalk Estate",1,1,1,7950
Apartment,Pretoria,Waverley,2,2,4,10250
Apartment,Pretoria,"Moreleta Park",1,1,4,8500
House,Pretoria,Montana,3,2,1,15500
House,Pretoria,"Six Fountains Residential Estate",3,3,4,40000
Town-house,Pretoria,"Lynnwood Glen",3,2,2,18500
Apartment,Pretoria,"Nieuw Muckleneuk",2,2,2,21500
Apartment,Pretoria,"Olympus AH",2,1,1,8000
Town-house,Pretoria,Equestria,3,2,2,17000
House,Pretoria,Tileba,3,1,2,14500
Apartment,Pretoria,Rietvalleirand,2,2,2,9000
House,Pretoria,"Silver Lakes Golf Estate",4,4,3,65000
Town-house,Pretoria,Erasmuskloof,2,1,2,9500
House,Pretoria,Tileba,3,1,2,14500
Apartment,Pretoria,Queenswood,2,2,1,10500
Apartment,Pretoria,Sunnyside,5,1,2,1499
Apartment,Pretoria,"La Montagne",2,1,2,8500
Apartment,Pretoria,"Silver Lakes Golf Estate",1,1,1,16000
Apartment,Pretoria,"Greencreek Lifestyle Estate",1,1,1,7900
Apartment,Pretoria,Hazeldean,3,2,2,9500
Apartment,Pretoria,"Montana Tuine",1,1,1,9632
Town-house,Pretoria,Equestria,3,2,2,14450
Apartment,Pretoria,"Moreleta Park",1,1,1,7200
House,Pretoria,Andeon,2,1,2,8000
Town-house,Pretoria,Montana,3,2,4,11000
Apartment,Pretoria,Waterkloof,1,1,1,8500
Apartment,Pretoria,"Silver Lakes",2,2,1,10000
Apartment,Pretoria,Hazeldean,2,2,1,9500
Apartment,Pretoria,"Menlo Park",2,2,3,19500
Apartment,Pretoria,Sunnyside,1,1,1,3200
Apartment,Pretoria,Hazeldean,2,2,1,9500
Apartment,Pretoria,Montana,1,1,1,5000
House,Pretoria,"Mooikloof Gardens Estate",3,3,2,26000
Apartment,Pretoria,Shere,3,2,1,9500
House,Pretoria,"Willow Acres",4,5,2,25000
House,Pretoria,"Silver Lakes Golf Estate",6,4,2,75000
Town-house,Pretoria,"Faerie Glen",2,1,1,11000
House,Pretoria,"Olympus AH",3,3,3,19000
Apartment,Pretoria,Brooklyn,2,2,2,13500
Apartment,Pretoria,"Blyde Riverwalk Estate",1,1,1,9500
House,Pretoria,"Savannah Country Estate",6,5,4,39000
Apartment,Pretoria,Rietvalleirand,2,2,2,14000
Apartment,Pretoria,"Olympus AH",2,2,2,16000
Apartment,Pretoria,Menlyn,1,1,1,30000
Apartment,Pretoria,"Blyde Riverwalk Estate",1,1,1,9500
Town-house,Pretoria,Equestria,2,1,2,16000
Apartment,Pretoria,"Waterkloof Ridge",2,2,2,10200
Town-house,Pretoria,"Moreleta Park",3,2,2,10000
Apartment,Pretoria,Brooklyn,1,1,1,4500
House,Pretoria,"Waterkloof Glen",3,4,2,22000
Apartment,Pretoria,Lynnwood,3,1,1,11000
Town-house,Pretoria,"Lynnwood Ridge",2,2,2,16000
Apartment,Pretoria,"Moreleta Park",1,1,1,7800
Apartment,Pretoria,Hatfield,6,1,1,6900
House,Pretoria,Hatfield,3,3,2,4500
House,Pretoria,Annlin,3,2,3,11000
Town-house,Pretoria,Equestria,2,2,2,16000
Town-house,Pretoria,Brooklyn,2,2,1,19500
Apartment,Pretoria,Hazeldean,1,2,1,9800
Apartment,Pretoria,Brooklyn,2,1,1,4500
Apartment,Pretoria,Hazeldean,2,2,2,9800
Town-house,Pretoria,Equestria,3,2,2,13000
House,Pretoria,Sterrewag,3,4,2,23000
Town-house,Pretoria,"Boardwalk Villas",3,3,2,22000
Apartment,Pretoria,"Blyde Riverwalk Estate",2,2,2,18500
Apartment,Pretoria,"Lynnwood Manor",3,1,2,8950
House,Pretoria,"Moreleta Park",3,2,1,19500
Apartment,Pretoria,"Pretoria Central",2,1,2,3800
Apartment,Pretoria,"Olympus AH",2,1,2,10175
Apartment,Pretoria,Montana,2,1,2,9250
Apartment,Pretoria,"Olympus AH",2,1,3,8800
Apartment,Pretoria,Meyerspark,4,1,2,6300
House,Pretoria,"Silver Lakes Golf Estate",2,4,1,48000
Apartment,Pretoria,"Waterkloof Park",2,2,2,17000
Apartment,Pretoria,"La Montagne",2,1,2,9000
Town-house,Pretoria,"The Wilds",2,2,2,14000
Town-house,Pretoria,"Olympus AH",2,2,1,14000
Town-house,Pretoria,"Olympus AH",2,2,2,14000
Apartment,Pretoria,Pretoriuspark,3,1,2,8400
House,Pretoria,"Philip Nel Park",4,1,2,14500
House,Pretoria,"Waterkloof Golf Estate",2,5,2,40000
Town-house,Pretoria,"Olympus AH",3,2,1,14000
Apartment,Pretoria,Mooikloof,2,2,2,17500
House,Pretoria,Brooklyn,1,1,1,19000
Apartment,Pretoria,Mooikloof,2,2,2,8900
House,Pretoria,Derdepoort,2,2,2,11000
House,Pretoria,"Lotus Gardens",3,2,2,11500
Apartment,Pretoria,Florauna,1,1,1,4800
House,Pretoria,Booysens,3,3,2,8250
House,Pretoria,"Mooiplaats AH",2,1,1,7000
Apartment,Pretoria,"Silver Lakes Golf Estate",2,1,2,19500
Apartment,Pretoria,"Les Marais",1,1,3,4750
Apartment,Pretoria,Hatfield,2,2,1,9200
Town-house,Pretoria,"Capital Park",4,3,4,18000
Apartment,Pretoria,"Blyde Riverwalk Estate",2,2,2,11000
Town-house,Pretoria,Annlin,3,2,2,12000
Apartment,Pretoria,"Menlo Park",2,2,1,20000
Apartment,Pretoria,Mooikloof,2,2,3,8900
Apartment,Pretoria,Waverley,2,1,1,8400
House,Pretoria,Rietvalleirand,3,2,2,13000
Apartment,Pretoria,Gezina,2,1,1,5500
Apartment,Pretoria,"Greencreek Lifestyle Estate",2,2,2,9500
Apartment,Pretoria,Hazeldean,3,2,4,9800
Apartment,Pretoria,"Monument Park",2,2,3,13500
Apartment,Pretoria,Hatfield,2,1,1,4000
House,Pretoria,"Waterkloof Heights",5,7,5,50000
House,Pretoria,"Moreleta Park",2,1,2,9000
Apartment,Pretoria,Brooklyn,2,2,1,12000
Town-house,Pretoria,Montana,3,3,3,12250
Apartment,Pretoria,Montana,2,2,2,8600
Town-house,Pretoria,Garsfontein,3,2,2,12000
House,Pretoria,Garsfontein,3,2,5,26000
Apartment,Pretoria,Hatfield,2,2,4,9800
House,Pretoria,"Moreleta Park",4,4,1,26000
Town-house,Pretoria,"The Wilds",2,2,2,13000
Apartment,Pretoria,Sinoville,2,2,1,10600
Apartment,Pretoria,Menlyn,1,1,2,18000
Town-house,Pretoria,Equestria,4,3,2,17000
Apartment,Pretoria,"Olympus AH",2,2,2,14500
Apartment,Pretoria,"Olympus AH",2,2,2,14500
Apartment,Pretoria,"Nieuw Muckleneuk",2,2,2,16500
Apartment,Pretoria,Shere,3,2,4,10500
House,Pretoria,"Andeon AH",3,2,2,9000
Apartment,Pretoria,"Nieuw Muckleneuk",2,2,1,9500
Apartment,Pretoria,"La Montagne",2,1,1,8000
House,Pretoria,Muckleneuk,4,4,2,36500
Apartment,Pretoria,"Blyde Riverwalk Estate",2,2,2,11500
Apartment,Pretoria,"Blyde Riverwalk Estate",3,2,2,16500
Town-house,Pretoria,"Faerie Glen",2,1,4,13500
Apartment,Pretoria,Sunnyside,1,1,1,3303
Apartment,Pretoria,Gezina,3,1,5,3600
House,Pretoria,"Pretoria Gardens",2,2,1,13500
Apartment,Pretoria,"Montana Tuine",2,2,2,8550
Town-house,Pretoria,"La Montagne",2,1,2,7950
Town-house,Pretoria,"Olympus AH",3,2,4,16000
Town-house,Pretoria,"Faerie Glen",2,3,1,24000
Apartment,Pretoria,Montana,1,2,1,8900
Apartment,Pretoria,"Blyde Riverwalk Estate",2,1,3,14000
Town-house,Pretoria,Montana,5,2,3,9500
House,Pretoria,"Waterkloof Ridge",3,4,2,55000
Town-house,Pretoria,"Montana Tuine",2,2,1,12000
Apartment,Pretoria,Rietfontein,2,2,1,8000
House,Pretoria,"Silver Lakes Golf Estate",4,4,4,35000
Apartment,Pretoria,"La Montagne",3,2,2,10000
Town-house,Pretoria,Annlin,3,3,2,9320
Apartment,Pretoria,Newlands,1,1,1,7900
House,Pretoria,Montana,3,3,4,18730
Town-house,Pretoria,Wapadrand,3,2,1,12000
House,Pretoria,"Waterkloof Glen",5,5,6,60000
Apartment,Pretoria,"Menlo Park",1,1,2,10250
Town-house,Pretoria,Annlin,3,3,1,9320
House,Pretoria,"Montana Tuine",1,1,4,9032
House,Pretoria,Erasmuskloof,3,2,1,25000
Town-house,Pretoria,"Waterkloof Ridge",2,2,3,15500
Town-house,Pretoria,"Oukraal Estate",3,3,4,11000
House,Pretoria,"Lindo Park",3,1,1,9500
Town-house,Pretoria,Elarduspark,3,2,2,19500
Apartment,Pretoria,"Waterkloof Ridge",2,2,3,12000
House,Pretoria,"Mooikloof Gardens Estate",3,2,2,26000
Apartment,Pretoria,Menlyn,1,1,1,14500
House,Pretoria,Roodeplaat,3,2,2,15750
Apartment,Pretoria,Waverley,2,1,1,6000
Apartment,Pretoria,"Capital Park",1,1,1,3940
Town-house,Pretoria,Elarduspark,2,2,2,7500
Town-house,Pretoria,"Moreleta Park",2,1,1,11500
Apartment,Pretoria,"Montana Tuine",3,3,2,9500
House,Pretoria,"Six Fountains Residential Estate",2,2,2,40000
Apartment,Pretoria,Menlyn,1,1,1,55700
Apartment,Pretoria,"Olympus AH",1,1,2,9450
Apartment,Pretoria,"Blyde Riverwalk Estate",1,1,1,10500
Apartment,Pretoria,Hatfield,3,2,2,4550
House,Pretoria,Andeon,3,1,2,9000
House,Pretoria,Meyerspark,2,1,1,14000
Apartment,Pretoria,"Philip Nel Park",3,2,2,6800
Apartment,Pretoria,Annlin,1,1,2,8300
Apartment,Pretoria,"Capital Park",3,2,1,3000
Apartment,Pretoria,Annlin,1,1,1,8300
Apartment,Pretoria,"Willow Acres",2,2,2,7500
Apartment,Pretoria,Shere,2,2,2,9800
Apartment,Pretoria,Montana,2,2,2,8900
Town-house,Pretoria,"Country View Estate",2,1,2,10500
House,Pretoria,Murrayfield,4,5,2,40000
Apartment,Pretoria,Silverton,2,1,2,5800
House,Pretoria,Lynnwood,4,3,2,28623
Town-house,Pretoria,"Faerie Glen",3,2,4,15000
Town-house,Pretoria,Brooklyn,3,3,2,23000
House,Pretoria,"Mooikloof Gardens Estate",4,3,1,35000
House,Pretoria,Montana,2,2,2,10600
Apartment,Pretoria,"Waterkloof Marina Retirement Estate",1,1,2,10500
Apartment,Pretoria,"Menlo Park",2,2,1,20000
Apartment,Pretoria,"The Hills Game Reserve Estate",2,2,4,11500
Town-house,Pretoria,"Silver Lakes Golf Estate",2,2,1,22000
House,Pretoria,"Olympus AH",3,2,1,21500
Apartment,Pretoria,"La Montagne",2,1,2,8800
House,Pretoria,"Pretoria North",1,1,8,4150
House,Pretoria,Murrayfield,4,5,2,40000
Apartment,Pretoria,Hatfield,2,1,2,8400
House,Pretoria,"Waterkloof Ridge",4,5,2,40000
House,Pretoria,"Waterkloof Ridge",4,5,6,42000
Apartment,Pretoria,"Menlo Park",1,1,1,13000
Apartment,Pretoria,"Moreleta Park",2,1,2,8800
Apartment,Pretoria,Shere,1,1,1,6750
Apartment,Pretoria,Menlyn,2,2,2,56000
Apartment,Pretoria,"Oukraal Estate",1,1,1,5400
Town-house,Pretoria,Elarduspark,2,1,2,8600
House,Pretoria,Waterkloof,4,3,7,25000
Apartment,Pretoria,"Oukraal Estate",1,1,1,5400
Apartment,Pretoria,Arcadia,2,1,2,8500
House,Pretoria,"The Wilds",4,5,4,49900
Apartment,Pretoria,Silverton,3,1,2,8000
Apartment,Pretoria,Andeon,1,1,1,5800
Town-house,Pretoria,Arcadia,3,2,1,12700
House,Pretoria,Waterkloof,5,4,2,35000
Apartment,Pretoria,"Menlo Park",2,2,2,14500
Town-house,Pretoria,Equestria,3,2,4,16800
Town-house,Pretoria,"Olympus AH",3,3,2,19000
Town-house,Pretoria,"Olympus AH",3,3,2,19000
Town-house,Pretoria,"Olympus AH",3,3,2,19000
Town-house,Pretoria,"Olympus AH",3,3,2,19000
House,Pretoria,Lynnwood,3,4,2,28000
Apartment,Pretoria,"Alphen Park",2,2,2,14000
Town-house,Pretoria,"Olympus AH",2,2,2,16000
Town-house,Pretoria,"Olympus AH",2,2,2,16000
House,Pretoria,Waterkloof,4,4,3,60000
Town-house,Pretoria,Magalieskruin,2,2,1,8000
Town-house,Pretoria,"Die Wilgers",2,2,2,4500
Apartment,Pretoria,Brooklyn,2,2,1,19500
Apartment,Pretoria,"Mooikloof Manor",1,1,1,6250
Apartment,Pretoria,Waterkloof,2,1,1,11000
Town-house,Pretoria,Montana,2,2,2,10000
House,Pretoria,"Silver Lakes Golf Estate",2,2,1,23000
Apartment,Pretoria,"Mooikloof Manor",1,1,1,6250
Town-house,Pretoria,Annlin,3,2,4,12800
Apartment,Pretoria,"Blyde Riverwalk Estate",2,2,2,14000
House,Pretoria,"Lynnwood Glen",10,10,4,39500
Apartment,Pretoria,Montana,1,1,4,5600
House,Pretoria,"Faerie Glen",3,3,1,27000
House,Pretoria,"Mamelodi East",3,1,2,7500
Apartment,Pretoria,"Blyde Riverwalk Estate",2,2,1,17000
Apartment,Pretoria,"Greencreek Lifestyle Estate",3,2,2,12500
Apartment,Pretoria,Montana,1,1,1,6050
Apartment,Pretoria,Hillcrest,2,1,1,7500
Apartment,Pretoria,Hatfield,1,1,1,9000
House,Pretoria,Nellmapius,3,2,2,7500
Apartment,Pretoria,Hatfield,4,1,1,8000
House,Pretoria,"Faerie Glen",2,4,4,29000
Apartment,Pretoria,Queenswood,5,1,2,9500
House,Pretoria,"Six Fountains Residential Estate",2,5,4,50000
Apartment,Pretoria,Dorandia,3,1,1,7200
Town-house,Pretoria,Brooklyn,1,2,3,38000
Apartment,Pretoria,"Blyde Riverwalk Estate",3,1,1,11000
Apartment,Pretoria,Montana,3,2,3,10400
Apartment,Pretoria,"Blyde Riverwalk Estate",5,2,2,16000
House,Pretoria,"Lynnwood Glen",4,3,6,25000
House,Pretoria,"Waterkloof Heights",2,5,4,60000
Apartment,Pretoria,Dorandia,3,1,1,7200
Town-house,Pretoria,Montana,2,3,2,19000
Apartment,Pretoria,"Menlo Park",3,3,1,14000
House,Pretoria,"Faerie Glen",1,3,4,25000
Apartment,Pretoria,"Nieuw Muckleneuk",2,2,2,10800
House,Pretoria,Eastwood,5,3,3,40000
House,Pretoria,"Montana Park",1,1,3,16500
Apartment,Pretoria,"La Montagne",2,1,1,6800
Apartment,Pretoria,Equestria,4,1,1,12000
Town-house,Pretoria,"Lynnwood Manor",2,2,2,50000
Apartment,Pretoria,Equestria,1,1,1,12000
House,Pretoria,Magalieskruin,3,1,2,6800
Town-house,Pretoria,"Olympus AH",3,3,2,19000
Town-house,Pretoria,"Olympus AH",3,3,2,19000
Town-house,Pretoria,"Olympus AH",2,3,2,19000
House,Pretoria,Rietvalleirand,4,2,1,14000
House,Pretoria,"Savannah Country Estate",14,5,6,25000
House,Pretoria,Arcadia,4,12,6,5900
Town-house,Pretoria,"Tijger Vallei",3,2,3,14500
House,Pretoria,Montana,4,3,4,17300
Town-house,Pretoria,Brooklyn,1,3,4,40000
Apartment,Pretoria,"Willow Park Manor",3,1,1,12000
Apartment,Pretoria,Annlin,3,2,2,11206
Town-house,Pretoria,"Baileys Muckleneuk",1,4,3,26750
Apartment,Pretoria,Eloffsdal,2,1,1,6200
Apartment,Pretoria,Annlin,2,1,1,6700
Town-house,Pretoria,Montana,2,1,1,6500
Town-house,Pretoria,"Olympus AH",2,2,2,16000
Apartment,Pretoria,"Wonderboom South",1,1,1,5150
House,Pretoria,"Montana Park",3,2,3,25000
House,Pretoria,Annlin,3,2,2,9320
Apartment,Pretoria,Hatfield,1,1,1,7300
Apartment,Pretoria,Montana,2,2,1,7680
Apartment,Pretoria,Sunnyside,2,1,1,6000
Town-house,Pretoria,Lynnwood,1,1,2,12000
House,Pretoria,Waterkloof,3,2,6,28000
Apartment,Pretoria,Hatfield,1,1,2,4950
House,Pretoria,Menlyn,1,1,1,4300
Town-house,Pretoria,Lynnwood,3,2,2,15900
Apartment,Pretoria,Annlin-Wes,2,2,2,7400
Town-house,Pretoria,Equestria,3,2,3,15800
Apartment,Pretoria,"Pretoria Central",1,1,2,5500
Town-house,Pretoria,"Olympus AH",3,3,2,19000
Town-house,Pretoria,"Olympus AH",2,2,2,16000
Town-house,Pretoria,"Moreleta Park",2,1,1,10800
Apartment,Pretoria,"Olympus AH",2,2,2,9900
Apartment,Pretoria,Pretoriuspark,2,2,1,8000
Apartment,Pretoria,Hatfield,3,2,3,10000
House,Pretoria,"Lotus Gardens",6,7,1,6000
House,Pretoria,"Savannah Country Estate",3,2,3,39000
Town-house,Pretoria,Annlin,3,2,4,12000
House,Pretoria,"Waterkloof Ridge",3,3,1,28000
House,Pretoria,Montana,2,2,1,17300
Apartment,Pretoria,Hatfield,2,1,2,10000
Apartment,Pretoria,Silverton,1,1,2,6000
Apartment,Pretoria,Arcadia,3,1,2,2600
House,Pretoria,"Mountain View",2,1,1,9050
House,Pretoria,"Lotus Gardens",3,2,1,6500
House,Pretoria,"Mountain View",3,2,1,18000
Town-house,Pretoria,"Monument Park",2,1,1,22000
Apartment,Pretoria,Montana,2,1,1,7400
House,Pretoria,Waterkloof,5,4,4,45000
Apartment,Pretoria,Annlin,1,1,1,6150
Apartment,Pretoria,Annlin,1,1,1,6150
House,Pretoria,Waterkloof,5,6,9,100000
Apartment,Pretoria,Hillcrest,1,1,1,5900
Apartment,Pretoria,Erasmusrand,2,2,2,9500
Apartment,Pretoria,"Six Fountains",2,3,2,15400
House,Pretoria,"Waterkloof Boulevard Estate",3,2,2,37500
Apartment,Pretoria,"Pretoria Central",1,1,1,5650
Apartment,Pretoria,"Pretoria Central",1,1,2,5250
Apartment,Pretoria,"Pretoria Central",1,1,2,5150
Apartment,Pretoria,Montana,1,1,5,7800
House,Pretoria,Garsfontein,3,3,2,26000
House,Pretoria,Montana,3,1,1,12500
House,Pretoria,"Montana Park",3,2,3,11500
Apartment,Pretoria,Mooikloof,1,1,1,8500
House,Pretoria,Gezina,2,1,1,9950
Apartment,Pretoria,"Kilner Park",2,1,1,7700
Town-house,Pretoria,"Olympus AH",3,3,2,19000
House,Pretoria,"Lynnwood Glen",2,2,2,25000
Apartment,Pretoria,Montana,2,2,1,8000
House,Pretoria,"Zwavelpoort AH",3,3,4,23000
Town-house,Pretoria,Wapadrand,3,2,3,12000
Apartment,Pretoria,Doornpoort,3,2,2,9350
House,Pretoria,Waterkloof,3,4,5,48000
Apartment,Pretoria,"Waterkloof Marina Retirement Estate",1,1,1,9639
Apartment,Pretoria,Sinoville,3,1,1,6900
Town-house,Pretoria,Brooklyn,3,3,1,30000
House,Pretoria,"Philip Nel Park",5,1,2,15000
Apartment,Pretoria,Booysens,2,1,1,7000
Apartment,Pretoria,"Waterkloof Marina Retirement Estate",1,1,1,9639
Apartment,Pretoria,Montana,2,1,1,9600
Apartment,Pretoria,Menlyn,1,1,1,13500
Apartment,Pretoria,Sinoville,3,2,2,7250
Town-house,Pretoria,Rietfontein,2,1,2,6300
Apartment,Pretoria,"Nieuw Muckleneuk",2,2,2,13500
Apartment,Pretoria,Montana,2,2,2,9400
Town-house,Pretoria,"Olympus AH",2,2,2,16000
Town-house,Pretoria,"Kameeldrift East",4,2,2,12900
Town-house,Pretoria,Montana,3,3,2,11850
Apartment,Pretoria,"Baileys Muckleneuk",3,2,2,28650
Town-house,Pretoria,Muckleneuk,2,1,2,18000
Apartment,Pretoria,"Montana Tuine",2,1,1,7100
Apartment,Pretoria,Hatfield,1,4,1,7000
Town-house,Pretoria,"Waterkloof Ridge",4,2,4,30000
Town-house,Pretoria,Montana,3,3,1,8000
House,Pretoria,"Silver Stream Estate",4,2,4,30000
House,Pretoria,"East Lynne",3,3,2,10990
Town-house,Pretoria,"Woodhill Golf Estate",3,2,2,25000
Apartment,Pretoria,Annlin,3,1,2,11206
Apartment,Pretoria,"Pretoria Central",1,1,2,5400
Apartment,Pretoria,"Pretoria Central",1,4,2,5400
House,Pretoria,Roodeplaat,5,1,7,30000
Town-house,Pretoria,"Pretoria North",2,1,1,7150
Apartment,Pretoria,Montana,2,1,1,7100
Apartment,Pretoria,"Savannah Country Estate",1,2,1,11100
Apartment,Pretoria,"Blyde Riverwalk Estate",2,2,2,15500
Apartment,Pretoria,"Menlo Park",2,3,2,14000
House,Pretoria,"Montana Tuine",1,1,1,11632
Apartment,Pretoria,Sinoville,2,2,2,10600
House,Pretoria,"Lynnwood Glen",3,2,2,21500
Town-house,Pretoria,"Moreleta Park",4,3,6,16000
Apartment,Pretoria,Pretoriuspark,2,2,2,8750
Apartment,Pretoria,Rietvalleirand,3,2,2,8000
House,Pretoria,Wapadrand,3,2,4,30000
House,Pretoria,Montana,1,1,1,18730
Apartment,Pretoria,Doornpoort,2,1,2,4075
Town-house,Pretoria,"Moreleta Park",3,2,2,10700
Town-house,Pretoria,Hazeldean,3,3,2,9980
Town-house,Pretoria,"Olympus AH",3,2,4,19000
House,Pretoria,Montana,2,1,4,18730
Apartment,Pretoria,Waverley,3,3,1,9500
Town-house,Pretoria,"Menlo Park",2,1,2,25000
Apartment,Pretoria,"Montana Park",2,2,2,6900
Apartment,Pretoria,"Blyde Riverwalk Estate",1,1,1,15000
Town-house,Pretoria,"Olympus AH",2,2,2,16000
House,Pretoria,"Montana Park",5,4,4,30000
Apartment,Pretoria,Newlands,1,1,1,8700
Town-house,Pretoria,"Montana Tuine",2,1,1,6750
Town-house,Pretoria,Garsfontein,2,1,1,8600
Apartment,Pretoria,Gezina,2,1,1,5550
Town-house,Pretoria,"Woodhill Golf Estate",3,2,2,27000
Apartment,Pretoria,"Wonderboom South",2,1,1,5575
Apartment,Pretoria,"Blyde Riverwalk Estate",1,1,1,10000
Apartment,Pretoria,"Menlo Park",1,1,1,5000
Apartment,Pretoria,"Proclamation Hill",2,1,2,6600
Apartment,Pretoria,Rietvalleirand,2,2,1,8400
Apartment,Pretoria,"Blyde Riverwalk Estate",1,1,2,10000
Apartment,Pretoria,Annlin,2,2,2,11206
Town-house,Pretoria,Montana,2,2,1,10000
Apartment,Pretoria,Montana,1,1,2,6050
Town-house,Pretoria,Wonderboom,3,2,1,10400
Apartment,Pretoria,Sinoville,2,1,2,7600
Apartment,Pretoria,Moregloed,2,2,2,11000
House,Pretoria,"Moreleta Park",3,3,2,19500
Apartment,Pretoria,Hatfield,1,1,1,6500
Apartment,Pretoria,Hatfield,2,2,2,10500
Apartment,Pretoria,Sinoville,2,2,1,10600
Apartment,Pretoria,"Blyde Riverwalk Estate",1,1,2,7900
Apartment,Pretoria,Hatfield,1,1,1,6050
Town-house,Pretoria,Roodeplaat,4,4,2,12900
Town-house,Pretoria,"Moreleta Park",3,2,1,12000
Apartment,Pretoria,Arcadia,2,1,2,6910
House,Pretoria,Equestria,3,3,2,27500
Apartment,Pretoria,Groenkloof,3,2,2,24000
Town-house,Pretoria,Garsfontein,3,2,1,12000
Apartment,Pretoria,Mooikloof,2,1,4,7350
Town-house,Pretoria,"The Wilds",3,2,2,24000
House,Pretoria,"Waterkloof Ridge",10,8,2,56000
Apartment,Pretoria,"Nieuw Muckleneuk",3,2,1,10000
House,Pretoria,Wapadrand,2,3,2,12200
Apartment,Pretoria,"Menlo Park",1,1,2,14000
Apartment,Pretoria,"Silver Lakes",3,2,2,22000
Apartment,Pretoria,"Die Wilgers",2,2,1,7500
Apartment,Pretoria,Andeon,2,1,2,8000
Apartment,Pretoria,"Blyde Riverwalk Estate",3,2,2,20000
Apartment,Pretoria,"Greencreek Lifestyle Estate",3,2,1,10500
Apartment,Pretoria,Doornpoort,1,1,2,5075
House,Pretoria,"Lindo Park",3,2,1,10000
Apartment,Pretoria,"Greencreek Lifestyle Estate",1,1,2,6750
Apartment,Pretoria,Brooklyn,2,2,1,15000
Apartment,Pretoria,Brooklyn,2,2,1,14000
House,Pretoria,"Lotus Gardens",2,1,2,6500
Apartment,Pretoria,Sinoville,3,1,2,7250
Apartment,Pretoria,"Pretoria West",1,1,2,5000
Apartment,Pretoria,Brooklyn,2,2,2,16500
Town-house,Pretoria,"Silver Lakes",2,2,1,9800
House,Pretoria,"Boardwalk Meander",4,3,5,48000
Apartment,Pretoria,"Willow Park Manor",1,1,1,6500
Apartment,Pretoria,Montana,2,1,1,10100
Apartment,Pretoria,Murrayfield,1,1,2,7500
Apartment,Pretoria,"Blyde Riverwalk Estate",1,1,1,7300
Town-house,Pretoria,Montana,3,2,2,15610
Town-house,Pretoria,"Country View Estate",3,3,2,18500
Town-house,Pretoria,"Tyger Valley",3,2,2,13500
House,Pretoria,"Silver Lakes Golf Estate",4,3,6,35000
House,Pretoria,"Lynnwood Park",3,1,1,6950
House,Pretoria,Mooikloof,2,2,1,15500
Apartment,Pretoria,"Mooikloof Glen",1,2,2,9000
Apartment,Pretoria,Hatfield,2,1,1,8600
Apartment,Pretoria,"Mooikloof Glen",2,2,2,9000
House,Pretoria,"Lotus Gardens",4,1,1,5500
House,Pretoria,"Silver Lakes Golf Estate",1,4,4,68000
Apartment,Pretoria,"Silver Lakes",1,1,1,6500
House,Pretoria,Menlyn,3,1,2,17000
House,Pretoria,"Waterkloof Park",3,3,4,27000
House,Pretoria,"Six Fountains",3,2,2,38000
Apartment,Pretoria,"Silver Lakes",2,2,1,9500
Apartment,Pretoria,"Nieuw Muckleneuk",4,2,1,25000
Apartment,Pretoria,Equestria,3,1,2,8900
Apartment,Pretoria,"Menlo Park",2,2,2,18500
Apartment,Pretoria,Hatfield,3,2,2,3500
House,Pretoria,Doornpoort,2,2,12,12600
Apartment,Pretoria,Hatfield,3,4,1,10200
House,Pretoria,Waverley,3,2,2,30000
House,Pretoria,"Waterkloof Ridge",2,2,1,38000
Town-house,Pretoria,"Pretoria North",1,1,2,6800
Town-house,Pretoria,"Menlo Park",3,3,1,19500
Town-house,Pretoria,Hatfield,1,1,2,5985
Town-house,Pretoria,Florauna,2,1,2,11200
Town-house,Pretoria,Hatfield,3,2,1,5985
House,Pretoria,Villieria,1,1,6,8000
House,Pretoria,Florauna,3,1,1,11900
Apartment,Pretoria,"Menlo Park",1,1,1,10250
Apartment,Pretoria,"Greencreek Lifestyle Estate",2,1,2,8500
Apartment,Pretoria,"Pretoria Central",1,1,2,8000
Apartment,Pretoria,Sinoville,2,2,2,10200
Apartment,Pretoria,"Mooikloof Ridge",2,1,2,8500
Apartment,Pretoria,Arcadia,2,1,1,4000
Town-house,Pretoria,"Pretoria North",2,2,2,6200
Apartment,Pretoria,"Menlo Park",2,3,1,23000
Town-house,Pretoria,Equestria,3,1,3,8100
House,Pretoria,Muckleneuk,2,2,1,16000
Apartment,Pretoria,"Blyde Riverwalk Estate",3,2,2,13000
House,Pretoria,Rietfontein,2,2,1,11500
Apartment,Pretoria,"Olympus AH",1,1,1,8000
Apartment,Pretoria,Hatfield,2,1,2,7980
Apartment,Pretoria,"Menlo Park",4,3,2,23000
House,Pretoria,"Willow Acres",3,4,2,29870
Apartment,Pretoria,"Blyde Riverwalk Estate",3,2,2,18000
House,Pretoria,"Kameeldrift East",2,1,2,8900
Apartment,Pretoria,Montana,2,1,1,8400
House,Pretoria,"Olympus AH",2,2,1,15000
Apartment,Pretoria,Brooklyn,2,2,1,12000
Apartment,Pretoria,Brooklyn,2,2,1,12000
House,Pretoria,Hazelwood,3,3,2,50000
Apartment,Pretoria,Brooklyn,2,2,1,12000
Apartment,Pretoria,"Waterkloof Ridge",1,1,1,9250
Apartment,Pretoria,"Montana Tuine",2,1,1,7750
Apartment,Pretoria,Andeon,2,1,2,7030
House,Pretoria,"Silver Stream Estate",4,6,1,34000
Apartment,Pretoria,Hatfield,2,1,3,3800
Town-house,Pretoria,"Baileys Muckleneuk",3,4,5,26750
Town-house,Pretoria,"Faerie Glen",3,2,1,18500
Apartment,Pretoria,"Pretoria North",2,1,2,5900
Town-house,Pretoria,"Olympus AH",2,2,4,16500
Apartment,Pretoria,Andeon,1,1,1,5650
Town-house,Pretoria,"Silver Lakes Golf Estate",4,4,2,43000
Apartment,Pretoria,Sunnyside,2,1,1,5800
Apartment,Pretoria,"Blyde Riverwalk Estate",3,2,2,20000
Apartment,Pretoria,Sinoville,2,2,1,7600
Apartment,Pretoria,Brooklyn,2,2,1,16500
Apartment,Pretoria,Hillcrest,1,1,1,7900
Apartment,Pretoria,"Lynnwood Manor",1,1,1,9000
Apartment,Pretoria,"Pretoria North",2,1,2,7350
Town-house,Pretoria,Pretoriuspark,2,2,2,9900
Town-house,Pretoria,"Olympus AH",2,2,6,15500
House,Pretoria,"Boschkop AH",4,4,2,35000
Apartment,Pretoria,Mooikloof,2,2,1,12000
House,Pretoria,"Mahube Valley",2,1,3,4600
House,Pretoria,"Waterkloof Ridge",4,3,2,70000
House,Pretoria,"Philip Nel Park",3,1,1,6500
Apartment,Pretoria,Sunnyside,1,1,1,3203
Apartment,Pretoria,"Blyde Riverwalk Estate",2,1,1,11000
Apartment,Pretoria,"La Montagne",2,1,2,8000
House,Pretoria,Waverley,1,1,1,11300
Apartment,Pretoria,Arcadia,2,1,1,6300
Apartment,Pretoria,Sunnyside,3,1,2,6700
Apartment,Pretoria,"Erasmus Park",1,2,1,16500
Apartment,Pretoria,"Constantia Park",3,1,1,6500
Town-house,Pretoria,"Lynnwood Glen",1,2,1,20000
Apartment,Pretoria,Garsfontein,1,1,1,10500
Apartment,Pretoria,Waverley,2,1,1,8200
Apartment,Pretoria,"Daspoort Estate",1,1,1,3600
Town-house,Pretoria,Equestria,3,2,4,15500
Apartment,Pretoria,"Pretoria Central",1,1,1,3010
House,Pretoria,"Buffelsdrift AH",3,2,2,12500
Apartment,Pretoria,"Blyde Riverwalk Estate",1,1,1,10000
House,Pretoria,"Silver Lakes Golf Estate",4,2,4,35000
Apartment,Pretoria,"East Lynne",2,1,1,7500
House,Pretoria,Waterkloof,4,5,6,56000
Apartment,Pretoria,"Buffelsdrift AH",1,1,1,9000
House,Pretoria,"Buffelsdrift AH",3,2,2,12500
Apartment,Pretoria,Waverley,2,1,1,9500
House,Pretoria,"Zambezi Manor Lifestyle Estate",3,2,1,14200
Apartment,Pretoria,"Blyde Riverwalk Estate",1,1,2,8900
Apartment,Pretoria,"Moreleta Park",1,1,2,8500
Town-house,Pretoria,Equestria,3,2,2,15000
Apartment,Pretoria,"Menlo Park",2,3,1,14500
Apartment,Pretoria,"Silver Lakes Golf Estate",2,2,1,28000
Apartment,Pretoria,"Wonderboom South",1,1,2,4100
Apartment,Pretoria,Hatfield,1,1,1,7350
Apartment,Pretoria,"Paramount Estate",2,2,1,8800
Apartment,Pretoria,Brooklyn,2,2,2,13000
House,Pretoria,"Moreleta Park",4,3,2,24000
House,Pretoria,"Faerie Glen",4,3,4,20000
House,Pretoria,"Moreleta Park",4,3,2,24000
House,Pretoria,"Silver Lakes",3,2,4,27000
Town-house,Pretoria,"Die Wilgers",2,1,1,11900
Apartment,Pretoria,"Mooikloof Ridge",2,1,1,8500
Apartment,Pretoria,"Willow Park Manor",1,1,1,8200
Apartment,Pretoria,Roodeplaat,2,1,1,7750
House,Pretoria,Erasmusrand,4,3,2,23000
Apartment,Pretoria,Sinoville,3,1,2,7250
House,Pretoria,Roodeplaat,2,1,2,8800
Apartment,Pretoria,Rietvalleirand,2,2,2,13500
Apartment,Pretoria,Menlyn,2,2,1,9500
Apartment,Pretoria,Montana,4,3,5,10500
House,Pretoria,"Waterkloof Ridge",1,1,1,37000
Apartment,Pretoria,Gezina,1,1,1,4200
Apartment,Pretoria,"Pretoria Central",2,2,2,5500
Town-house,Pretoria,Boardwalk,2,2,2,15500
Town-house,Pretoria,Boardwalk,2,2,2,15500
Apartment,Pretoria,Waverley,2,1,2,9750
Apartment,Pretoria,Menlyn,2,1,1,9800
Apartment,Pretoria,Hatfield,1,1,1,7700
Apartment,Pretoria,Rietvalleirand,2,2,2,13500
Apartment,Pretoria,"Blyde Riverwalk Estate",2,2,2,13500
Apartment,Pretoria,Menlyn,2,1,1,9800
Apartment,Pretoria,Sinoville,2,2,1,10200
Apartment,Pretoria,"Blyde Riverwalk Estate",1,1,1,11000
Apartment,Pretoria,Hazeldean,2,1,1,8500
Apartment,Pretoria,Hazeldean,3,2,2,9500
Apartment,Pretoria,"Pretoria West",2,1,4,7500
Apartment,Pretoria,"Pretoria Central",3,2,2,1280
Apartment,Pretoria,"Moreleta Park",3,2,2,8500
House,Pretoria,Nellmapius,3,2,4,8000
Town-house,Pretoria,Montana,2,1,5,12230
Town-house,Pretoria,Montana,2,3,4,10000
Town-house,Pretoria,Annlin,3,2,5,13750
Apartment,Pretoria,Brooklyn,2,2,2,13000
Apartment,Pretoria,Sinoville,2,2,2,10400
Town-house,Pretoria,"Olympus AH",3,3,3,19000
Town-house,Pretoria,"Olympus AH",2,2,2,16000
Town-house,Pretoria,"Boardwalk Meander",3,2,2,21000
Apartment,Pretoria,Arcadia,2,1,2,7500
Apartment,Pretoria,Hillcrest,1,1,1,6300
Apartment,Pretoria,"Blyde Riverwalk Estate",3,2,2,17000
Apartment,Pretoria,"Silver Lakes Golf Estate",1,1,1,7000
Apartment,Pretoria,Menlyn,1,1,1,22000
Apartment,Pretoria,"Waterkloof Marina Retirement Estate",2,1,2,15530
Apartment,Pretoria,"The Hills Game Reserve Estate",3,2,2,14000
Apartment,Pretoria,Arcadia,2,1,1,7500
Apartment,Pretoria,"Olympus AH",1,1,1,9410
Apartment,Pretoria,"Erasmus Park",2,2,1,12000
Apartment,Pretoria,"Pretoria North",1,1,1,4200
Apartment,Pretoria,"Nieuw Muckleneuk",1,1,2,6500
Apartment,Pretoria,"Olympus Heights Estate",2,1,2,8000
Town-house,Pretoria,"Olympus AH",2,2,2,14000
Town-house,Pretoria,"Olympus AH",2,2,2,14000
House,Pretoria,"Savannah Country Estate",6,7,3,39000
Town-house,Pretoria,Equestria,2,2,2,13500
Town-house,Pretoria,"Olympus AH",2,2,2,16000
Town-house,Pretoria,"Olympus AH",2,2,2,16000
Town-house,Pretoria,"Olympus AH",3,2,3,17500
Town-house,Pretoria,"Olympus AH",3,3,2,19000
Town-house,Pretoria,"Olympus AH",3,2,3,17500
Town-house,Pretoria,"Olympus AH",3,2,3,17500
Town-house,Pretoria,"Olympus AH",3,2,3,17500
House,Pretoria,Waterkloof,3,2,2,35000
Apartment,Pretoria,Brooklyn,1,1,1,10489
Apartment,Pretoria,"Blyde Riverwalk Estate",2,2,2,12500
Apartment,Pretoria,Sunnyside,2,1,1,6300
Apartment,Pretoria,"Waterkloof Ridge",2,2,1,11800
Apartment,Pretoria,Lynnwood,2,1,1,8750
Town-house,Pretoria,"Olympus AH",3,2,3,17500
Apartment,Pretoria,"Pretoria North",2,1,1,5900
Apartment,Pretoria,Montana,1,1,1,5400
Apartment,Pretoria,Montana,2,1,2,8400
Apartment,Pretoria,"Greencreek Lifestyle Estate",2,2,2,9000
Town-house,Pretoria,"Constantia Park",3,3,2,30000
House,Pretoria,"Sable Hills",3,2,4,19000
Apartment,Pretoria,Montana,1,1,1,5400
Apartment,Pretoria,"Waterkloof Ridge",2,1,2,17000
House,Pretoria,Muckleneuk,4,4,2,36000
Apartment,Pretoria,"Faerie Glen",2,2,1,9350
House,Pretoria,Waterkloof,4,3,2,37000
Town-house,Pretoria,Rietvalleirand,2,1,2,6990
Apartment,Pretoria,Hatfield,2,1,2,9500
Apartment,Pretoria,Lynnwood,2,1,1,12000
Town-house,Pretoria,Equestria,3,2,3,17300
Apartment,Pretoria,Hatfield,2,2,1,10400
Apartment,Pretoria,Arcadia,2,1,1,2903
Apartment,Pretoria,"Menlo Park",3,2,1,14400
Apartment,Pretoria,Hazeldean,3,2,2,10500
Town-house,Pretoria,"Constantia Park",2,3,1,30000
Apartment,Pretoria,Hazeldean,2,1,2,9250
Apartment,Pretoria,"Menlo Park",3,2,2,14000
Town-house,Pretoria,Menlyn,3,2,2,17500
Apartment,Pretoria,Mooikloof,2,2,2,9800
House,Pretoria,"Faerie Glen",2,1,4,13800
Town-house,Pretoria,"Faerie Glen",2,1,1,8570
Town-house,Pretoria,"Olympus AH",2,2,2,14000
Town-house,Pretoria,"Olympus AH",2,2,2,14000
House,Pretoria,Garsfontein,5,3,6,25000
House,Pretoria,"Monument Park",3,3,4,18500
Town-house,Pretoria,"Moreleta Park",3,2,2,12500
Apartment,Pretoria,"Greencreek Lifestyle Estate",2,2,2,9000
Town-house,Pretoria,"Olympus AH",2,2,2,16000
Town-house,Pretoria,"Olympus AH",2,2,2,16000
Apartment,Pretoria,Hatfield,1,1,1,6300
Apartment,Pretoria,"Montana Tuine",2,1,2,6500
House,Pretoria,"Olympus AH",3,3,2,25000
Apartment,Pretoria,Roodeplaat,2,1,2,8560
Apartment,Pretoria,Montana,2,1,1,7900
Apartment,Pretoria,Waterkloof,2,2,2,15000
Apartment,Pretoria,Hatfield,1,1,2,6300
Apartment,Pretoria,"Philip Nel Park",2,1,1,6650
Apartment,Pretoria,Rietfontein,3,2,2,8500
Apartment,Pretoria,"Blyde Riverwalk Estate",2,2,2,16000
Apartment,Pretoria,Hazeldean,2,2,1,8800
House,Pretoria,Garsfontein,3,2,1,14495
Apartment,Pretoria,"Pretoria North",1,1,1,3450
Apartment,Pretoria,"Mooikloof Glen",1,1,2,8000
Town-house,Pretoria,"Montana Park",2,1,2,7650
House,Pretoria,Andeon,3,2,1,12000
Apartment,Pretoria,"Pretoria North",1,1,1,3950
Apartment,Pretoria,Wolmer,2,1,2,7200
Apartment,Pretoria,"Six Fountains",2,2,2,12000
Apartment,Pretoria,Montana,2,2,2,8600
Apartment,Pretoria,"Montana Park",2,1,2,8400
House,Pretoria,Andeon,3,2,2,9250
Apartment,Pretoria,Montana,2,2,2,8600
House,Pretoria,"Menlo Park",3,4,4,25000
House,Pretoria,Elarduspark,5,5,2,45000
Apartment,Pretoria,"Country View Estate",2,1,4,10400
House,Pretoria,"Faerie Glen",3,3,2,24500
Apartment,Pretoria,Hatfield,2,2,1,10200
Town-house,Pretoria,Equestria,3,2,3,14980
Apartment,Pretoria,Lynnwood,2,2,2,20000
Apartment,Pretoria,"Olympus AH",2,1,1,7800
Apartment,Pretoria,"Waterkloof Ridge",2,2,2,11700
Apartment,Pretoria,"Olympus AH",2,1,1,9420
Apartment,Pretoria,Hatfield,2,2,2,10500
House,Pretoria,Montana,3,2,4,16530
Apartment,Pretoria,"Menlo Park",2,3,2,14000
House,Pretoria,Montana,5,4,4,30000
Apartment,Pretoria,Brooklyn,2,2,1,14000
Town-house,Pretoria,"Olympus AH",2,2,1,16000
Apartment,Pretoria,"Philip Nel Park",2,1,1,5780
Apartment,Pretoria,Hatfield,2,1,1,8000
Apartment,Pretoria,Hatfield,1,1,1,8850
House,Pretoria,Waterkloof,6,6,4,70000
Apartment,Pretoria,Sinoville,3,2,1,7250
Apartment,Pretoria,Hatfield,2,1,1,9000
House,Pretoria,Montana,5,4,4,30000
Town-house,Pretoria,Garsfontein,3,2,1,12500
Apartment,Pretoria,Magalieskruin,2,2,1,8000
Apartment,Pretoria,"Wonderboom South",2,1,1,5245
Apartment,Pretoria,Gezina,1,1,1,4810
House,Pretoria,"Capital Park",4,1,1,12500
Apartment,Pretoria,Annlin,1,1,1,6150
Apartment,Pretoria,"Olympus AH",1,1,1,9370
Apartment,Pretoria,Moregloed,2,1,1,8000
Apartment,Pretoria,"Waterkloof Ridge",1,1,1,13000
Apartment,Pretoria,Hatfield,2,1,2,7500
House,Pretoria,Garsfontein,3,2,2,16200
Apartment,Pretoria,"Pretoria Central",1,1,2,5950
Apartment,Pretoria,Mayville,2,1,1,5900
Apartment,Pretoria,"Olympus AH",1,1,2,9900
House,Pretoria,Muckleneuk,2,2,4,25000
Apartment,Pretoria,Annlin,3,3,1,6150
Apartment,Pretoria,"Philip Nel Park",1,1,1,3700
House,Pretoria,Silverton,1,1,2,9900
House,Pretoria,Danville,2,1,2,11000
Apartment,Pretoria,Wolmer,3,2,1,6800
Apartment,Pretoria,Roodeplaat,2,1,1,4500
Apartment,Pretoria,Montana,1,1,1,5000
House,Pretoria,Waterkloof,6,5,5,65000
House,Pretoria,Rietfontein,1,1,1,5500
Apartment,Pretoria,Sunnyside,3,2,3,2800
House,Pretoria,"Waterlake Farm Lifestyle Estate",3,2,1,22000
Apartment,Pretoria,Brooklyn,2,2,2,12000
Apartment,Pretoria,Waverley,2,2,1,11000
House,Pretoria,"Mahube Valley",2,1,1,5500
Apartment,Pretoria,Sunnyside,1,1,1,3003
Apartment,Pretoria,"Pretoria North",1,1,2,5100
Apartment,Pretoria,"Pretoria North",1,1,2,5900
Apartment,Pretoria,Hillcrest,4,1,1,6200
House,Pretoria,"Willow Acres",2,4,2,25000
Apartment,Pretoria,Annlin,1,1,2,7400
Apartment,Pretoria,Mooikloof,2,1,1,7500
Apartment,Pretoria,Equestria,3,1,2,10500
Town-house,Pretoria,"Die Wilgers",3,2,1,10600
House,Pretoria,Elarduspark,3,3,1,25000
House,Pretoria,"Willow Park Manor",2,3,2,13000
House,Pretoria,"Faerie Glen",4,3,4,29000
House,Pretoria,Erasmuskloof,3,3,1,25000
Town-house,Pretoria,"Olympus AH",3,3,2,19000
Town-house,Pretoria,"Olympus AH",3,3,2,19000
Apartment,Pretoria,Brooklyn,3,3,2,17000
Apartment,Pretoria,"Greencreek Lifestyle Estate",3,2,2,10500
Apartment,Pretoria,Lynnwood,1,1,2,10000
Town-house,Pretoria,"La Montagne",2,1,1,10500
Apartment,Pretoria,Montana,2,1,1,9500
House,Pretoria,Erasmuskloof,3,3,2,25000
Apartment,Pretoria,Montana,2,1,2,7900
Apartment,Pretoria,Montana,2,2,1,8900
Apartment,Pretoria,Brooklyn,2,2,2,12000
House,Pretoria,Wonderboom,3,2,1,14200
Apartment,Pretoria,"Olympus AH",2,1,1,8525
Apartment,Pretoria,Hillcrest,3,2,2,13500
House,Pretoria,"Lotus Gardens",2,1,2,6800
Apartment,Pretoria,"West Park",2,1,1,6200
Apartment,Pretoria,"Monument Park",1,1,1,10000
Apartment,Pretoria,"Baileys Muckleneuk",2,2,1,16500
Town-house,Pretoria,"Monument Park",3,2,1,15500
Apartment,Pretoria,Waverley,3,1,1,13800
House,Pretoria,"The Wilds",5,3,8,39520
Apartment,Pretoria,Montana,2,2,1,10500
Apartment,Pretoria,"Blyde Riverwalk Estate",1,1,1,8500
Apartment,Pretoria,Equestria,1,1,1,8900
Town-house,Pretoria,Magalieskruin,3,3,1,11000
Apartment,Pretoria,"Mooikloof Manor",2,2,1,9000
Apartment,Pretoria,"Pretoria North",2,1,1,6100
House,Pretoria,Waterkloof,4,3,2,40000
Apartment,Pretoria,"Waterkloof Ridge",2,2,2,10000
House,Pretoria,"Lynnwood Glen",4,3,4,16000
Apartment,Pretoria,"Blyde Riverwalk Estate",1,1,1,8050
Apartment,Pretoria,Sunnyside,2,1,2,5950
Apartment,Pretoria,"Montana Tuine",2,1,1,6800
House,Pretoria,"Sable Hills",4,3,2,29500
House,Pretoria,"Waterlake Farm Lifestyle Estate",3,2,2,22000
Town-house,Pretoria,"The Wilds",3,2,2,17500
House,Pretoria,"The Wilds",5,3,8,39520
House,Pretoria,Magalieskruin,7,4,6,21000
Town-house,Pretoria,Brooklyn,2,2,4,16950
Town-house,Pretoria,Deerness,3,2,2,11300
Apartment,Pretoria,"Menlo Park",1,1,1,13990
Town-house,Pretoria,"Faerie Glen",3,2,2,13400
Apartment,Pretoria,"Blyde Riverwalk Estate",3,2,2,15000
House,Pretoria,"Waterkloof Heights",4,4,4,55000
House,Pretoria,"Waterkloof Ridge",2,2,2,13500
Apartment,Pretoria,Hatfield,2,1,1,10500
Town-house,Pretoria,"Faerie Glen",3,2,2,13400
Apartment,Pretoria,"Erasmus Park",1,1,1,8100
Apartment,Pretoria,"Nieuw Muckleneuk",2,2,1,10500
Apartment,Pretoria,Hatfield,2,1,2,10500
Apartment,Pretoria,"Lynnwood Ridge",1,1,1,7100
Town-house,Pretoria,Roodeplaat,4,3,1,10000
House,Pretoria,"Olympus AH",3,3,4,16500
Apartment,Pretoria,Hillcrest,1,1,1,9500
Apartment,Pretoria,"Andeon AH",1,1,1,5100
House,Pretoria,"Waterkloof Glen",3,3,4,19000
Apartment,Pretoria,Queenswood,2,1,2,7150
Apartment,Pretoria,"Andeon AH",2,1,1,7910
Apartment,Pretoria,"Baileys Muckleneuk",1,1,1,7600
Apartment,Pretoria,Waterkloof,1,1,1,11000
Apartment,Pretoria,Montana,2,1,2,7200
Apartment,Pretoria,Hatfield,2,2,1,9000
Town-house,Pretoria,Equestria,2,2,2,10660
House,Pretoria,Brooklyn,3,2,2,25500
Apartment,Pretoria,"La Montagne",1,1,1,5330
Town-house,Pretoria,"Lynnwood Manor",3,3,2,19500
Apartment,Pretoria,Montana,2,2,1,10500
Apartment,Pretoria,Annlin-Wes,1,1,1,6150
Apartment,Pretoria,Montana,1,1,1,5400
Town-house,Pretoria,"Olympus AH",2,2,2,14000
Apartment,Pretoria,Hatfield,1,2,1,5900
Apartment,Pretoria,"Kameeldrift East",3,2,1,9100
Town-house,Pretoria,Annlin,3,2,4,9000
House,Pretoria,"Waterkloof Ridge",4,3,4,35000
Apartment,Pretoria,Montana,1,1,1,5400
Town-house,Pretoria,"Faerie Glen",3,2,4,15000
Town-house,Pretoria,"La Montagne",2,1,2,11000
Apartment,Pretoria,Rietfontein,1,1,3,5500
House,Pretoria,"Lynnwood Glen",6,6,2,4250
Town-house,Pretoria,Roodeplaat,2,1,1,13500
Apartment,Pretoria,Montana,1,1,1,7200
Apartment,Pretoria,"Pretoria North",1,1,1,3800
Apartment,Pretoria,"Faerie Glen",1,1,4,12500
Apartment,Pretoria,Hillcrest,3,2,6,7200
Apartment,Pretoria,"Roodepark Eco Estate",1,1,1,10000
House,Pretoria,"Silver Lakes",5,5,1,10500
House,Pretoria,"Waterkloof Heights",5,4,2,99000
House,Pretoria,"Waterkloof Ridge",1,1,2,42000
Apartment,Pretoria,Mayville,1,1,1,5500
Apartment,Pretoria,Hatfield,1,1,4,9300
House,Pretoria,"Blyde Riverwalk Estate",1,1,2,10000
Apartment,Pretoria,Rietfontein,4,3,1,6300
Apartment,Pretoria,Roodeplaat,1,1,2,10000
Town-house,Pretoria,Montana,3,2,4,18730
House,Pretoria,"Silver Lakes Golf Estate",3,2,4,29000
Apartment,Pretoria,"Menlo Park",2,3,4,23000
House,Pretoria,"Silver Lakes Golf Estate",3,2,1,29000
Apartment,Pretoria,"Pretoria West",1,1,1,6500
Apartment,Pretoria,"Lynnwood Glen",1,1,10,6900
House,Pretoria,Hatfield,8,7,2,4450
Town-house,Pretoria,"Olympus AH",2,2,2,16000
Town-house,Pretoria,"Olympus AH",2,2,2,16000
Town-house,Pretoria,"Olympus AH",2,2,1,16000
Apartment,Pretoria,Montana,1,1,2,5600
Apartment,Pretoria,Eloffsdal,1,1,1,3940
Town-house,Pretoria,"Lynnwood Glen",3,2,2,22500
Apartment,Pretoria,Silverton,3,1,2,7000
Apartment,Pretoria,Equestria,2,2,5,10500
House,Pretoria,"Waterkloof Ridge",1,1,1,29000
Apartment,Pretoria,"Blyde Riverwalk Estate",1,1,2,8500
Town-house,Pretoria,"Lynnwood Glen",2,1,2,8750
Town-house,Pretoria,"Olympus AH",2,2,2,16000
Apartment,Pretoria,Waverley,1,1,2,4000
House,Pretoria,Equestria,4,3,4,23000
Apartment,Pretoria,Hatfield,1,1,1,3800
House,Pretoria,"Lotus Gardens",3,2,2,7000
House,Pretoria,Kirkney,3,2,2,7500
Town-house,Pretoria,Waterkloof,3,4,2,25000
Town-house,Pretoria,"Willow Park Manor",3,2,2,13500
Apartment,Pretoria,"Val De Grace",1,1,3,2550
House,Pretoria,Waverley,4,3,2,20600
Apartment,Pretoria,"Pretoria Central",2,2,1,3203
Apartment,Pretoria,Muckleneuk,3,2,2,35000
Town-house,Pretoria,"Willow Park Manor",1,1,1,13500
Apartment,Pretoria,"Blyde Riverwalk Estate",3,2,2,9500
Town-house,Pretoria,"Six Fountains Residential Estate",2,1,3,20000
Apartment,Pretoria,"Mooikloof Ridge",1,1,3,8500
Apartment,Pretoria,Rietfontein,2,2,1,4200
Apartment,Pretoria,Hatfield,3,3,2,10990
Town-house,Pretoria,Andeon,4,2,1,7500
House,Pretoria,"Pretoria West",4,5,4,11500
House,Pretoria,"Waterkloof Heights",2,3,2,60000
Apartment,Pretoria,"Menlo Park",2,2,2,23000
Town-house,Pretoria,"Olympus AH",5,5,4,14000
House,Pretoria,"Elandsfontein AH",3,3,2,15500
House,Pretoria,Boardwalk,3,2,1,23000
Apartment,Pretoria,Annlin,2,1,1,11206
House,Pretoria,Equestria,3,2,4,12000
Town-house,Pretoria,Andeon,3,2,1,8500
House,Pretoria,Roseville,1,1,1,11400
Apartment,Pretoria,"Pretoria West",2,2,4,3500
Town-house,Pretoria,"Silver Lakes Golf Estate",2,1,2,28000
Apartment,Pretoria,Hatfield,4,1,2,7950
Apartment,Pretoria,Arcadia,1,1,2,10000
Apartment,Pretoria,"Pretoria Central",1,1,2,4500
Apartment,Pretoria,"Pretoria Central",1,1,2,5150
Apartment,Pretoria,"Willow Park",2,2,2,11500
Town-house,Pretoria,"Olympus AH",2,2,2,16000
Town-house,Pretoria,"Olympus AH",2,2,2,16000
Town-house,Pretoria,"Olympus AH",2,2,2,16000
Apartment,Pretoria,Mooikloof,2,2,1,9500
Apartment,Pretoria,"Faerie Glen",2,1,1,8950
House,Pretoria,"Die Wilgers",4,3,3,21400
Apartment,Pretoria,Montana,1,1,1,5400
Apartment,Pretoria,"Willow Park Manor",2,2,2,14500
Apartment,Pretoria,Garsfontein,2,1,3,7500
House,Pretoria,"Leeuwfontein Estate",3,2,1,30000
Apartment,Pretoria,Sunnyside,3,1,1,2500
Apartment,Pretoria,"Faerie Glen",2,1,2,8950
Apartment,Pretoria,Equestria,2,2,2,12165
Apartment,Pretoria,Sunnyside,1,1,2,4400
Apartment,Pretoria,"Pretoria Central",1,1,2,4800
Apartment,Pretoria,Sunnyside,1,1,3,5500
Town-house,Pretoria,"Mooikloof Ridge",2,1,1,10500
Apartment,Pretoria,Montana,1,1,1,5500
Apartment,Pretoria,"Blyde Riverwalk Estate",3,2,2,15000
Apartment,Pretoria,"Pretoria Central",1,1,2,5600
Apartment,Pretoria,"Pretoria Central",3,1,1,10500
Apartment,Pretoria,Hatfield,1,1,1,6600
Apartment,Pretoria,Muckleneuk,2,1,1,5000
Apartment,Pretoria,"Blyde Riverwalk Estate",3,2,2,26000
Apartment,Pretoria,Sunnyside,1,1,1,4883
Apartment,Pretoria,Sunnyside,2,1,1,6500
Apartment,Pretoria,Brooklyn,1,1,1,12075
Apartment,Pretoria,"Waterkloof Marina Retirement Estate",2,1,1,12800
Apartment,Pretoria,"Blyde Riverwalk Estate",1,1,1,10000
Apartment,Pretoria,"Mountain View",2,1,1,7500
Apartment,Pretoria,"Willow Park Manor",1,1,8,10500
Apartment,Pretoria,Brooklyn,1,1,1,5500
Town-house,Pretoria,"Olympus AH",3,2,1,19500
House,Pretoria,"Six Fountains Residential Estate",5,5,1,50000
Town-house,Pretoria,"Olympus AH",3,2,2,19500
Apartment,Pretoria,Montana,3,2,2,10900
House,Pretoria,Waterkloof,4,4,6,60000
Apartment,Pretoria,Rietfontein,1,1,3,3900
House,Pretoria,Mooikloof,5,3,1,37000
House,Pretoria,"Waterkloof Ridge",4,4,1,40000
Apartment,Pretoria,"Montana Tuine",1,1,2,7800
Apartment,Pretoria,"Twee Riviere Lifestyle Estate",2,1,4,7800
Apartment,Pretoria,Brooklyn,2,2,4,12750
House,Pretoria,"Faerie Glen",4,3,4,29000
House,Pretoria,"Faerie Glen",3,3,1,25500
House,Pretoria,"Moreleta Park",3,3,1,25500
Town-house,Pretoria,"Pretoria North",1,1,2,6165
House,Pretoria,Brooklyn,6,4,1,4250
Town-house,Pretoria,Montana,3,3,4,14800
Apartment,Pretoria,Elarduspark,1,1,2,8100
House,Pretoria,"Faerie Glen",3,3,1,25500
Apartment,Pretoria,Brooklyn,2,2,2,13950
House,Pretoria,Brooklyn,9,8,2,3900
Apartment,Pretoria,"La Montagne",2,1,1,9500
Apartment,Pretoria,"La Montagne",2,1,1,9500
House,Pretoria,"Olympus AH",4,4,4,27500
House,Pretoria,"Mahube Valley",2,1,1,5500
Apartment,Pretoria,"Greencreek Lifestyle Estate",2,2,2,8800
Town-house,Pretoria,Rietondale,3,2,2,14000
Apartment,Pretoria,Montana,2,2,2,8600
Apartment,Pretoria,Hatfield,1,1,1,4000
House,Pretoria,Hatfield,1,2,1,4650
Apartment,Pretoria,Annlin,2,1,2,8000
Apartment,Pretoria,Mooikloof,2,2,2,9500
House,Pretoria,Brooklyn,3,3,1,35000
House,Pretoria,Montana,3,2,2,18000
Apartment,Pretoria,"Willow Park Manor",1,1,2,10000
House,Pretoria,"Lynnwood Glen",9,4,1,4300
Apartment,Pretoria,Roodeplaat,2,1,4,7500
Apartment,Pretoria,"Olympus AH",2,1,6,8500
House,Pretoria,Equestria,4,4,2,23250
House,Pretoria,"Silver Lakes",3,2,1,32500
Apartment,Pretoria,"Ashlea Gardens",2,3,2,21500
House,Pretoria,Waverley,3,2,2,17200
Apartment,Pretoria,Brooklyn,12,10,6,5200
Apartment,Pretoria,Arcadia,1,1,1,5200
Apartment,Pretoria,"Moreleta Park",2,2,1,10400
Apartment,Pretoria,Sunnyside,1,1,1,4000
Apartment,Pretoria,Equestria,2,2,2,10500
House,Pretoria,"Silver Lakes Golf Estate",3,2,2,44500
House,Pretoria,Equestria,3,2,2,35000
Apartment,Pretoria,"Olympus AH",2,1,1,8525
Apartment,Pretoria,Elarduspark,2,1,1,9300
House,Pretoria,Waverley,3,2,2,17200
Apartment,Pretoria,"Philip Nel Park",2,1,1,5950
Town-house,Pretoria,"Ashlea Gardens",3,2,4,25000
House,Pretoria,Arcadia,3,3,3,20000
Apartment,Pretoria,Rietfontein,1,1,1,5900
Apartment,Pretoria,Annlin,1,1,1,6150
House,Pretoria,"Mamelodi West",3,1,1,6500
House,Pretoria,"Faerie Glen",3,3,4,24500
Apartment,Pretoria,"Olympus AH",2,2,2,10500
House,Pretoria,"Menlo Park",4,3,4,27000
Apartment,Pretoria,Groenkloof,2,2,1,12000
Apartment,Pretoria,"Wonderboom South",2,2,1,7500
House,Pretoria,Danville,3,2,4,12000
Apartment,Pretoria,"Blyde Riverwalk Estate",1,1,1,9000
House,Pretoria,"Waterkloof Ridge",5,6,4,99000
Apartment,Pretoria,Arcadia,2,2,1,6000
Apartment,Pretoria,Murrayfield,1,1,1,5300
House,Pretoria,Groenkloof,2,1,1,100000
House,Pretoria,Mamelodi,2,1,1,6600
Apartment,Pretoria,Menlyn,2,2,2,10400
Apartment,Pretoria,"Boardwalk Villas",1,1,1,10500
Apartment,Pretoria,"Blyde Riverwalk Estate",1,1,2,7500
Apartment,Pretoria,Waterkloof,2,2,1,15990
House,Pretoria,Riviera,1,1,1,10500
Apartment,Pretoria,Gezina,2,2,1,4400
Apartment,Pretoria,Brooklyn,2,2,1,14000
Apartment,Pretoria,Brooklyn,2,2,1,14000
Apartment,Pretoria,Brooklyn,2,2,1,12000
Apartment,Pretoria,Montana,1,1,1,5000
Apartment,Pretoria,Elarduspark,1,1,1,7500
Apartment,Pretoria,Arcadia,1,1,3,5500
House,Pretoria,Doornpoort,5,4,1,22000
Apartment,Pretoria,"Silver Lakes Golf Estate",1,1,2,13000
Apartment,Pretoria,"Mooikloof Equestrian Estate",1,1,2,7500
Town-house,Pretoria,"Waterkloof Glen",2,2,6,11450
Apartment,Pretoria,Queenswood,2,1,2,9000
House,Pretoria,"Waterkloof Ridge",3,3,3,26999
Apartment,Pretoria,Hatfield,2,1,1,9500
Town-house,Pretoria,Daspoort,2,1,3,6100
Apartment,Pretoria,Wapadrand,3,2,3,12250
Town-house,Pretoria,Roodeplaat,3,3,4,13500
House,Pretoria,"Menlo Park",3,3,2,34000
House,Pretoria,"Constantia Park",3,2,2,22000
Town-house,Pretoria,"Pretoria North",4,2,1,16500
House,Pretoria,"Savannah Country Estate",4,3,2,24000
Town-house,Pretoria,"Montana Park",2,1,2,7900
Town-house,Pretoria,"Boardwalk Meander",2,2,3,17750
Apartment,Pretoria,Hatfield,3,1,1,4500
House,Pretoria,"Silver Lakes",1,1,1,5500
House,Pretoria,Brooklyn,4,4,4,40000
Apartment,Pretoria,"Menlo Park",2,2,2,16000
House,Pretoria,"Pebble Rock Golf Village",4,4,2,27500
Town-house,Pretoria,Erasmuskloof,3,2,1,15000
Apartment,Pretoria,Waverley,1,1,1,4750
Apartment,Pretoria,Mayville,1,1,1,3840
Apartment,Pretoria,"Olympus AH",2,1,2,8800
Town-house,Pretoria,"Montana Park",2,2,2,8900
Town-house,Pretoria,"Mountain View",3,2,2,10630
Town-house,Pretoria,"Olympus AH",2,2,1,14000
Apartment,Pretoria,"Mooiplaats AH",1,1,2,4300
House,Pretoria,Equestria,3,2,1,21500
Town-house,Pretoria,"Ashlea Gardens",2,2,2,27500
Town-house,Pretoria,"Olympus AH",2,2,1,14000
House,Pretoria,"Willow Acres",1,1,6,8500
Apartment,Pretoria,Mayville,1,1,1,3940
Apartment,Pretoria,"Roodepark Eco Estate",3,1,2,8900
House,Pretoria,"Mountain View",3,1,1,8000
House,Pretoria,Elarduspark,1,1,1,13200
Apartment,Pretoria,"Lisdogan Park",1,1,2,6995
Apartment,Pretoria,"Wonderboom South",2,2,4,4800
Town-house,Pretoria,Wapadrand,4,4,1,9950
House,Pretoria,"Baileys Muckleneuk",1,1,2,24500
House,Pretoria,"Capital Park",2,2,2,4200
Apartment,Pretoria,"Olympus AH",2,2,2,10000
Apartment,Pretoria,"Menlo Park",3,1,1,16000
House,Pretoria,Gezina,1,1,2,11350
Apartment,Pretoria,Claremont,2,2,2,3800
Town-house,Pretoria,Wapadrand,3,3,2,9950
Town-house,Pretoria,"Olympus AH",3,2,1,18500
Apartment,Pretoria,Hatfield,2,2,2,3750
House,Pretoria,"Lynnwood Glen",2,1,1,15000
Apartment,Pretoria,"Menlo Park",2,1,2,15900
Town-house,Pretoria,"Moreleta Park",1,2,2,8500
Apartment,Pretoria,Mooikloof,3,2,2,16000
Town-house,Pretoria,Sinoville,3,2,2,11500
Town-house,Pretoria,"Olympus AH",4,4,4,27500
Apartment,Pretoria,Hatfield,2,1,2,7900
Town-house,Pretoria,Sinoville,3,2,2,11500
Apartment,Pretoria,Equestria,2,1,2,16000
Apartment,Pretoria,"Monument Park",1,1,1,7100
Apartment,Pretoria,Hatfield,1,1,2,4200
House,Pretoria,Equestria,3,2,1,17000
House,Pretoria,Kwaggasrand,3,1,1,8000
House,Pretoria,"Lynnwood Glen",1,1,7,5800
House,Pretoria,"Waterkloof Ridge",4,3,2,35000
Town-house,Pretoria,"Pretoria North",3,3,2,6800
House,Pretoria,Erasmuskloof,4,3,1,55000
Apartment,Pretoria,Montana,2,1,1,8400
Town-house,Pretoria,Mooikloof,2,2,1,9400
Town-house,Pretoria,Hatfield,1,1,3,6880
Apartment,Pretoria,Gezina,2,1,2,6000
House,Pretoria,Eersterust,5,3,2,13380
House,Pretoria,Villieria,2,2,2,12950
House,Pretoria,Elandspoort,1,1,2,3300
Town-house,Pretoria,"Olympus AH",2,2,1,14000
Apartment,Pretoria,Muckleneuk,1,1,1,8500
Apartment,Pretoria,Hazeldean,2,1,2,9250
Apartment,Pretoria,Annlin,2,1,1,7400
Apartment,Pretoria,Arcadia,1,1,5,4900
House,Pretoria,Murrayfield,7,8,2,40000
Apartment,Pretoria,Eastwood,2,2,1,16500
Apartment,Pretoria,"Alphen Park",1,1,1,7000
Apartment,Pretoria,Booysens,2,1,1,7000
Apartment,Pretoria,Arcadia,3,1,3,7580
House,Pretoria,"The Hills Game Reserve Estate",5,3,3,36500
House,Pretoria,"The Hills Game Reserve Estate",5,3,1,36500
Apartment,Pretoria,Montana,1,1,2,5400
Town-house,Pretoria,Waterkloof,3,2,8,17500
House,Pretoria,"Waterkloof Ridge",6,7,1,65000
Apartment,Pretoria,"Lynnwood Ridge",2,1,1,10900
Apartment,Pretoria,Booysens,2,1,1,7000
Apartment,Pretoria,"Capital Park",2,1,1,5650
Town-house,Pretoria,"Olympus AH",2,2,2,16000
Town-house,Pretoria,"Olympus AH",2,2,2,16000
House,Pretoria,Arcadia,8,3,7,5900
Town-house,Pretoria,Colbyn,2,2,2,12500
Apartment,Pretoria,"Mooikloof Glen",3,2,2,11500
House,Pretoria,"Grootfontein Country Estates",7,5,6,30000
Apartment,Pretoria,"Monument Park",2,1,1,6550
House,Pretoria,"Willow Acres",4,4,3,25000
House,Pretoria,"Silver Lakes Golf Estate",3,3,2,38000
Town-house,Pretoria,Montana,2,2,2,12000
Town-house,Pretoria,"Silver Lakes",3,2,2,9850
Apartment,Pretoria,"Pretoria Central",1,1,6,4000
House,Pretoria,"The Wilds",4,5,2,49900
Apartment,Pretoria,Annlin,3,2,1,9300
Apartment,Pretoria,"Wonderboom South",1,1,4,5150
House,Pretoria,Waterkloof,3,2,4,35000
House,Pretoria,Waterkloof,3,2,5,35000
House,Pretoria,Muckleneuk,6,5,2,49999
House,Pretoria,Waverley,3,1,1,13800
Town-house,Pretoria,"Moreleta Park",2,2,2,8500
Apartment,Pretoria,Hatfield,2,2,1,9400
Apartment,Pretoria,Hazeldean,2,2,1,8800
Apartment,Pretoria,"Montana Tuine",1,1,1,9632
Apartment,Pretoria,"Greencreek Lifestyle Estate",1,1,1,6800
Apartment,Pretoria,"Pretoria Central",2,1,1,5445
Town-house,Pretoria,Garsfontein,2,1,6,10200
House,Pretoria,Waverley,3,1,2,13800
House,Pretoria,"Silver Lakes",4,4,2,26500
Town-house,Pretoria,Boardwalk,3,3,1,18500
Town-house,Pretoria,Boardwalk,3,3,2,18500
Town-house,Pretoria,"Ashlea Gardens",3,3,1,23000
Apartment,Pretoria,"Olympus AH",2,2,2,9900
Apartment,Pretoria,"Willow Park Manor",1,1,1,8500
Apartment,Pretoria,Waverley,2,1,1,8400
Apartment,Pretoria,"Blyde Riverwalk Estate",1,1,1,8350
Apartment,Pretoria,"Olympus AH",2,1,6,9000
Apartment,Pretoria,Sinoville,2,2,1,10600
Apartment,Pretoria,Annlin-Wes,1,1,1,6150
Apartment,Pretoria,Sunnyside,1,1,1,4900
Apartment,Pretoria,"Mooikloof Glen",2,2,2,9000
Apartment,Pretoria,Boardwalk,3,2,2,12000
Apartment,Pretoria,Sunnyside,2,1,2,7900
Apartment,Pretoria,Montana,2,2,1,9200
Apartment,Pretoria,Kwaggasrand,2,1,2,5300
Apartment,Pretoria,Hazeldean,2,2,3,9800
House,Pretoria,"Die Wilgers",4,3,4,25000
House,Pretoria,"Alphen Park",3,2,4,19000
House,Pretoria,"The Wilds",3,3,2,25000
Apartment,Pretoria,Brooklyn,2,2,2,13000
Apartment,Pretoria,"Greencreek Lifestyle Estate",3,2,2,12500
Town-house,Pretoria,Newlands,2,1,1,11500
Apartment,Pretoria,Hazeldean,2,1,4,8500
House,Pretoria,"The Wilds",3,3,2,25000
Apartment,Pretoria,Waterkloof,1,1,1,18990
Apartment,Pretoria,"Six Fountains",2,2,1,14000
Apartment,Pretoria,Elarduspark,1,1,2,8100
Town-house,Pretoria,"Olympus AH",3,3,2,19000
Town-house,Pretoria,"Olympus AH",3,3,2,19000
Town-house,Pretoria,"Olympus AH",3,3,2,19000
Town-house,Pretoria,"Olympus AH",3,2,3,17500
Town-house,Pretoria,"Olympus AH",3,2,3,17500
Town-house,Pretoria,"Olympus AH",3,2,3,17500
Apartment,Pretoria,"Blyde Riverwalk Estate",1,1,1,10000
Apartment,Pretoria,"Blyde Riverwalk Estate",2,2,2,17000
House,Pretoria,Claremont,2,2,4,10500
Apartment,Pretoria,Montana,1,1,1,5000
House,Pretoria,"Mooikloof Equestrian Estate",5,3,5,65000
Apartment,Pretoria,Annlin-Wes,1,1,1,6150
House,Pretoria,Montana,3,3,5,15000
Apartment,Pretoria,Hatfield,1,1,1,9000
Apartment,Pretoria,"Menlo Park",1,2,1,15000
Town-house,Pretoria,"Olympus AH",2,2,3,16500
House,Pretoria,"Mooikloof Equestrian Estate",5,3,5,65000
Apartment,Pretoria,Montana,4,1,1,5100
House,Pretoria,"Silver Lakes Golf Estate",2,4,8,75000
Apartment,Pretoria,"Pretoria North",1,1,1,6300
House,Pretoria,"Mooikloof Heights",2,2,2,11900
Apartment,Pretoria,"Blyde Riverwalk Estate",2,2,1,12000
Apartment,Pretoria,"Erasmus Park",2,1,3,9900
Town-house,Pretoria,"Faerie Glen",3,2,1,14999
Apartment,Pretoria,"Blyde Riverwalk Estate",1,1,1,8350
Apartment,Pretoria,Arcadia,1,1,1,8500
Apartment,Pretoria,Sinoville,2,2,1,10500
Apartment,Pretoria,Arcadia,1,1,4,5300
House,Pretoria,"Menlo Park",3,3,3,34000
House,Pretoria,"The Hills Game Reserve Estate",4,5,1,39000
Apartment,Pretoria,Lynnwood,1,1,1,6500
Apartment,Pretoria,Waterkloof,1,1,1,11500
Apartment,Pretoria,Hatfield,2,1,2,5990
Apartment,Pretoria,"Mahube Valley",1,1,1,4500
Apartment,Pretoria,Lynnwood,1,1,3,6500
Town-house,Pretoria,"Olympus AH",3,2,2,17500
Town-house,Pretoria,"Olympus AH",3,3,2,19000
Town-house,Pretoria,"Olympus AH",3,3,2,19000
Town-house,Pretoria,"Olympus AH",3,3,1,19000
Apartment,Pretoria,Hatfield,1,1,2,12000
House,Pretoria,"Pretoria West",5,4,3,14500
Town-house,Pretoria,"Kameeldrift East",4,3,2,10000
Apartment,Pretoria,"Waterkloof Ridge",1,1,1,9639
House,Pretoria,"Woodhill Lavender Estate",3,3,2,25500
Town-house,Pretoria,Doornpoort,1,1,1,5000
House,Pretoria,"Pretoria West",3,2,5,10500
Apartment,Pretoria,"Castle Gate",2,1,1,10500
Apartment,Pretoria,"Olympus AH",2,1,1,8800
Apartment,Pretoria,"Blyde Riverwalk Estate",2,2,1,9500
Apartment,Pretoria,Hatfield,1,1,1,7320
Apartment,Pretoria,Waterkloof,2,2,1,28990
House,Pretoria,"Kleinfontein AH",1,1,1,7500
Apartment,Pretoria,Hatfield,1,1,1,7320
House,Pretoria,Silverton,1,1,2,6500
Apartment,Pretoria,Brooklyn,2,2,1,14950
Apartment,Pretoria,Villieria,1,1,4,5900
Apartment,Pretoria,"Menlo Park",2,2,1,14000
Apartment,Pretoria,Sunnyside,1,1,1,4850
Apartment,Pretoria,Montana,1,1,4,5100
House,Pretoria,Murrayfield,4,5,5,25000
House,Pretoria,"Silver Lakes Golf Estate",4,3,3,39000
House,Pretoria,Murrayfield,3,3,2,15000
Apartment,Pretoria,Waterkloof,2,1,1,18990
Apartment,Pretoria,"Mahube Valley",1,1,1,3000
Apartment,Pretoria,Sinoville,2,1,1,7600
Apartment,Pretoria,"Kilner Park",2,1,2,7800
Apartment,Pretoria,"Willow Park Manor",2,2,1,15000
Apartment,Pretoria,"Silver Lakes",2,1,2,9250
Town-house,Pretoria,Brooklyn,2,2,1,23000
Apartment,Pretoria,"Roodepark Eco Estate",3,2,6,10000
Apartment,Pretoria,"Blyde Riverwalk Estate",1,1,4,8000
House,Pretoria,"Willow Acres",4,3,2,30000
House,Pretoria,Wonderboom,3,2,1,13500
House,Pretoria,Villieria,2,1,3,11200
Apartment,Pretoria,Hatfield,2,1,6,9500
House,Pretoria,Danville,3,1,1,9000
House,Pretoria,"Waterkloof Ridge",8,7,2,70000
Apartment,Pretoria,"Kameeldrift West",1,1,1,5500
House,Pretoria,Colbyn,1,1,1,5000
Apartment,Pretoria,Arcadia,1,1,1,5090
Apartment,Pretoria,Brooklyn,10,7,1,4500
Apartment,Pretoria,Waterkloof,1,1,1,19990
Apartment,Pretoria,"Silver Lakes",2,2,2,9800
House,Pretoria,"Silver Lakes Golf Estate",1,1,2,11500
House,Pretoria,"Waterkloof Ridge",4,2,4,29000
Apartment,Pretoria,Montana,2,1,1,7900
House,Pretoria,Equestria,3,2,1,35000
Apartment,Pretoria,Hatfield,1,1,1,7800
Apartment,Pretoria,Hatfield,1,1,1,7800
House,Pretoria,Rietfontein,3,1,2,11200
House,Pretoria,"Pretoria North",1,1,1,4100
Town-house,Pretoria,"Country View Estate",2,1,3,11500
Apartment,Pretoria,"Die Wilgers",2,1,1,7500
Town-house,Pretoria,Elarduspark,4,2,1,15000
Apartment,Pretoria,"Pretoria Central",1,1,1,3253
Apartment,Pretoria,Waverley,2,1,2,5400
Apartment,Pretoria,Garsfontein,3,1,1,7950
Apartment,Pretoria,"Baileys Muckleneuk",2,2,2,5400
Apartment,Pretoria,Menlyn,2,1,1,24500
Apartment,Pretoria,Annlin-Wes,2,1,2,7400
Apartment,Pretoria,"Waterkloof Ridge",2,2,1,11500
Apartment,Pretoria,Sunnyside,2,2,2,7500
Apartment,Pretoria,Hatfield,2,2,1,8000
Apartment,Pretoria,"Pretoria North",2,1,1,6800
Apartment,Pretoria,Waterkloof,2,1,1,27990
Apartment,Pretoria,"Blyde Riverwalk Estate",2,2,2,14000
Apartment,Pretoria,"Pretoria North",2,1,1,6800
Town-house,Pretoria,"Olympus AH",2,2,1,19400
House,Pretoria,Kirkney,2,1,4,6500
Apartment,Pretoria,Gezina,1,1,1,3400
House,Pretoria,"Pretoria North",2,1,1,9000
Apartment,Pretoria,Arcadia,2,2,10,7000
House,Pretoria,"Waterkloof Heights",5,5,2,99000
House,Pretoria,"Faerie Glen",4,4,5,50000
House,Pretoria,"Waterkloof Ridge",4,3,2,31500
Town-house,Pretoria,"Six Fountains",3,3,2,19400
Town-house,Pretoria,"Erasmus Park",3,2,1,18500
Apartment,Pretoria,Lynnwood,1,1,1,11000
Town-house,Pretoria,Menlyn,2,3,2,17850
House,Pretoria,"Moreleta Park",4,2,4,23500
Town-house,Pretoria,Menlyn,2,3,2,17850
Apartment,Pretoria,"Mountain View",2,1,1,7500
Apartment,Pretoria,"La Montagne",3,1,1,8500
Apartment,Pretoria,Brooklyn,2,2,2,13000
Apartment,Pretoria,Waterkloof,1,1,1,18990
House,Pretoria,"Moreleta Park",4,3,6,24900
Town-house,Pretoria,Annlin,2,1,2,6800
Apartment,Pretoria,Villieria,2,1,1,4945
Apartment,Pretoria,"Lynnwood Manor",2,1,1,10500
Apartment,Pretoria,"Rietvlei View Country Estates",1,1,2,5800
Town-house,Pretoria,Montana,2,1,1,6800
Town-house,Pretoria,Elarduspark,2,2,2,12200
Apartment,Pretoria,"Pretoria West",1,1,4,5800
Town-house,Pretoria,"Olympus AH",2,2,2,16000
House,Pretoria,"Lotus Gardens",3,2,1,8800
Apartment,Pretoria,Hazeldean,2,2,1,10300
Apartment,Pretoria,"Willow Park Manor",3,2,2,16500
Town-house,Pretoria,"Lombardy Estate",1,1,3,13900
House,Pretoria,"Silver Lakes Golf Estate",5,6,8,65000
Apartment,Pretoria,"Die Wilgers",2,1,1,9500
Apartment,Pretoria,"La Montagne",2,1,1,9500
Apartment,Pretoria,"La Montagne",2,1,1,8750
Apartment,Pretoria,"Capital Park",1,1,1,5000
House,Pretoria,"Six Fountains Residential Estate",5,6,8,50000
House,Pretoria,"Glenway Estate",2,1,3,8000
Town-house,Pretoria,"Mooikloof Ridge",2,1,1,7800
House,Pretoria,"Silver Lakes",5,4,7,65000
Apartment,Pretoria,"Blyde Riverwalk Estate",1,1,1,8000
Town-house,Pretoria,"Lombardy Estate",1,1,3,13900
House,Pretoria,Hatfield,14,13,6,3500
Town-house,Pretoria,Equestria,3,2,3,15900
House,Pretoria,Waterkloof,4,3,4,40000
House,Pretoria,"Sable Hills",2,2,1,13200
Town-house,Pretoria,Wapadrand,2,1,2,9500
Town-house,Pretoria,"Olympus AH",2,2,4,13500
House,Pretoria,"Pretoria West",3,2,3,11500
Apartment,Pretoria,"Montana Tuine",2,1,1,7000
Apartment,Pretoria,"Olympus AH",2,2,2,9900
Apartment,Pretoria,Meyerspark,1,1,1,6000
House,Pretoria,"Monument Park",4,3,4,30000
House,Pretoria,Dorandia,4,3,3,14400
House,Pretoria,"Die Wilgers",1,1,1,6000
Apartment,Pretoria,"Willow Park Manor",2,1,1,9500
House,Pretoria,Colbyn,1,1,1,5000
Apartment,Pretoria,"Menlo Park",2,2,2,14300
Apartment,Pretoria,Arcadia,1,1,1,6700
Apartment,Pretoria,"Blyde Riverwalk Estate",1,1,1,8444
Apartment,Pretoria,Lynnwood,3,3,2,18000
House,Pretoria,"Moreleta Park",4,2,6,24900
Apartment,Pretoria,"Mooikloof Glen",1,1,1,8000
Apartment,Pretoria,Lynnwood,3,3,2,18000
House,Pretoria,Brooklyn,9,4,1,3995
Apartment,Pretoria,"Olympus AH",2,1,2,8800
House,Pretoria,"Kameeldrift East",4,2,1,17900
Apartment,Pretoria,Montana,1,1,1,5200
Apartment,Pretoria,Hatfield,2,1,2,7950
House,Pretoria,"Waterkloof Ridge",4,4,4,40000
Town-house,Pretoria,"Nieuw Muckleneuk",3,3,4,24700
Town-house,Pretoria,"Waterkloof Glen",3,3,2,12900
House,Pretoria,"Leeuwfontein Estate",3,3,8,28500
Apartment,Pretoria,Hatfield,2,2,1,13000
Apartment,Pretoria,"Olympus AH",2,2,1,12320
Apartment,Pretoria,Brooklyn,1,1,1,4500
Apartment,Pretoria,Hazeldean,3,2,2,9500
Town-house,Pretoria,"Waterkloof Glen",3,3,2,12900
Town-house,Pretoria,Lynnwood,3,1,2,13500
Apartment,Pretoria,Hatfield,2,1,1,3700
House,Pretoria,"Woodhill Golf Estate",5,7,10,85000
Town-house,Pretoria,Waverley,2,1,1,7800
House,Pretoria,"Silver Lakes Golf Estate",3,3,2,46000
Apartment,Pretoria,"Lotus Gardens",2,1,1,7200
Apartment,Pretoria,"Pretoria Central",1,1,1,5900
Apartment,Pretoria,Daspoort,1,1,1,3600
House,Pretoria,"Waterkloof Ridge",5,3,9,75000
House,Pretoria,"Menlo Park",3,2,4,22000
Apartment,Pretoria,Hatfield,2,1,2,10000
Apartment,Pretoria,"Willow Park Manor",1,1,1,10000
Apartment,Pretoria,"Boardwalk Villas",2,1,1,7500
Apartment,Pretoria,Hazeldean,2,2,1,9500
Apartment,Pretoria,"Capital Park",2,1,1,3940
House,Pretoria,Lynnwood,1,1,2,10500
Apartment,Pretoria,"Constantia Park",4,3,2,6600
House,Pretoria,"Waterlake Farm Lifestyle Estate",2,1,1,35000
Apartment,Pretoria,"Waterkloof Ridge",2,2,2,11000
Apartment,Pretoria,Sinoville,1,1,1,10200
Apartment,Pretoria,Mayville,2,1,2,3500
Apartment,Pretoria,"Pretoria North",2,1,7,6400
Apartment,Pretoria,"Pretoria North",3,2,2,7150
Apartment,Pretoria,"Willow Park Manor",5,5,1,28000
House,Pretoria,"Waterkloof Ridge",3,3,2,45000
Town-house,Pretoria,"Olympus AH",1,1,2,19000
Apartment,Pretoria,"Willow Park Manor",3,3,4,10000
Town-house,Pretoria,"Olympus AH",2,2,1,19000
Apartment,Pretoria,"Willow Park Manor",4,2,4,11500
Apartment,Pretoria,"Blyde Riverwalk Estate",2,2,2,16500
Town-house,Pretoria,"Country View Estate",3,3,3,18500
Apartment,Pretoria,"Olympus AH",2,1,1,7800
Apartment,Pretoria,Rietondale,1,1,7,6360
Apartment,Pretoria,Villieria,1,1,1,4450
Apartment,Pretoria,Hazeldean,2,2,1,8800
Apartment,Pretoria,"Nieuw Muckleneuk",1,1,1,7000
Town-house,Pretoria,Brooklyn,3,2,2,16200
Apartment,Pretoria,Menlyn,1,1,1,17000
Apartment,Pretoria,Elarduspark,2,2,1,8850
Apartment,Pretoria,Hatfield,2,1,1,7200
Apartment,Pretoria,Hatfield,1,1,3,5800
Apartment,Pretoria,Hazeldean,2,2,2,8800
Apartment,Pretoria,"Menlo Park",2,2,2,18000
House,Pretoria,"Silver Lakes Golf Estate",3,2,2,44500
Town-house,Pretoria,Waterkloof,3,2,3,28000
Apartment,Pretoria,Waterkloof,2,1,1,16000
Apartment,Pretoria,Waterkloof,2,2,3,17500
Town-house,Pretoria,"Olympus AH",2,2,2,14250
Apartment,Pretoria,Groenkloof,1,1,1,8000
House,Pretoria,"Waterkloof Ridge",4,4,3,68000
Apartment,Pretoria,"Constantia Park",1,1,1,4500
Apartment,Pretoria,"Olympus AH",2,1,1,8800
Apartment,Pretoria,"Silver Lakes",1,1,1,13500
Apartment,Pretoria,Riviera,1,1,1,5775
Apartment,Pretoria,Arcadia,1,1,1,4880
Apartment,Pretoria,"Pretoria West",2,1,1,4130
Apartment,Pretoria,Hatfield,2,2,2,16990
Apartment,Pretoria,Pretoriuspark,2,2,2,9500
Apartment,Pretoria,Hatfield,2,1,2,10000
Apartment,Pretoria,Sunnyside,2,2,3,7500
House,Pretoria,"Silver Lakes",5,5,3,55000
Town-house,Pretoria,"Olympus AH",3,2,2,17500
Town-house,Pretoria,"Olympus AH",3,3,2,19000
House,Pretoria,"Lynnwood Glen",6,2,2,4400
Town-house,Pretoria,"Olympus AH",3,3,1,19000
House,Pretoria,Lukasrand,5,3,1,4800
House,Pretoria,"Wingate Park",3,3,2,25000
House,Pretoria,Hatfield,1,1,2,3500
Apartment,Pretoria,"Blyde Riverwalk Estate",3,2,3,15500
Apartment,Pretoria,Montana,2,2,1,8900
House,Pretoria,Doornpoort,3,2,1,15000
Apartment,Pretoria,Hatfield,2,1,1,7900
Apartment,Pretoria,Hatfield,1,1,1,6800
Apartment,Pretoria,"Waterkloof Ridge",1,1,3,19990
Town-house,Pretoria,Erasmuskloof,2,2,1,8300
Apartment,Pretoria,Arcadia,3,2,1,8400
House,Pretoria,"The Hills Game Reserve Estate",3,3,1,30500
Apartment,Pretoria,"Andeon AH",2,1,3,6500
Apartment,Pretoria,Elarduspark,2,1,1,6900
Town-house,Pretoria,"La Montagne",3,2,4,12800
House,Pretoria,"Silver Lakes Golf Estate",3,2,4,30000
Apartment,Pretoria,Montana,2,2,1,10400
Apartment,Pretoria,"Pretoria North",2,1,1,5500
Apartment,Pretoria,Hatfield,2,1,1,8500
Town-house,Pretoria,"Moreleta Park",2,1,1,10500
Apartment,Pretoria,Sinoville,2,2,1,10400
Apartment,Pretoria,Montana,2,2,2,10400
House,Pretoria,"The Hills Game Reserve Estate",3,3,5,55000
House,Pretoria,"Boschkop AH",5,3,2,26000
Town-house,Pretoria,"Waterlake Farm Lifestyle Estate",2,2,4,20000
House,Pretoria,"Waterkloof Ridge",4,4,2,40000
Apartment,Pretoria,"Nieuw Muckleneuk",3,2,2,25000
House,Pretoria,"Silver Lakes Golf Estate",3,2,1,30000
Apartment,Pretoria,Sinoville,2,2,2,10400
Town-house,Pretoria,"Olympus AH",3,3,3,19000
Town-house,Pretoria,Montana,3,2,2,15000
House,Pretoria,Equestria,3,2,8,22000
House,Pretoria,"Silver Lakes Golf Estate",4,2,1,35000
Apartment,Pretoria,"Pretoria Central",1,1,1,4650
Apartment,Pretoria,"Grootfontein AH",1,1,1,6000
Town-house,Pretoria,"Moreleta Park",3,3,2,14000
Town-house,Pretoria,"Ashlea Gardens",3,3,1,23000
Apartment,Pretoria,"Menlo Park",3,3,2,25000
Town-house,Pretoria,Annlin,2,2,2,9850
Apartment,Pretoria,"Mahube Valley",1,1,3,2500
House,Pretoria,Equestria,3,3,2,28000
Apartment,Pretoria,Montana,2,1,3,10600
House,Pretoria,Montana,4,2,1,25000
Apartment,Pretoria,Montana,3,2,2,11900
Town-house,Pretoria,Brooklyn,2,3,1,18500
House,Pretoria,Elandspoort,1,1,6,2850
House,Pretoria,Elandspoort,1,1,3,2750
Apartment,Pretoria,"Pretoria West",2,1,4,5000
House,Pretoria,"Zambezi Country Estate",5,4,2,30000
House,Pretoria,Equestria,3,3,1,28000
Apartment,Pretoria,Sunnyside,2,1,4,7750
House,Pretoria,Rietondale,3,3,1,27000
Apartment,Pretoria,Annlin,2,2,1,8400
Apartment,Pretoria,"Willow Park Manor",3,2,2,16500
Apartment,Pretoria,Annlin-Wes,1,1,1,6150
Town-house,Pretoria,"Menlo Park",3,3,2,25000
House,Pretoria,"Pretoria West",3,3,2,11500
Town-house,Pretoria,Brooklyn,3,2,4,35000
Apartment,Pretoria,Hatfield,1,1,1,6900
Apartment,Pretoria,Hatfield,1,1,1,7850
Apartment,Pretoria,Queenswood,2,2,2,10500
House,Pretoria,Waterkloof,5,3,4,48000
House,Pretoria,"Nieuw Muckleneuk",3,3,2,24700
Apartment,Pretoria,Sinoville,2,2,2,10500
Apartment,Pretoria,Mooikloof,2,2,1,9000
Town-house,Pretoria,"Olympus AH",2,2,1,19400
Apartment,Pretoria,"Die Wilgers",2,1,1,8950
Apartment,Pretoria,Sinoville,2,1,2,10600
House,Pretoria,Hatfield,6,3,4,4000
Apartment,Pretoria,Sunnyside,1,1,2,4100
Town-house,Pretoria,"Oukraal Estate",3,2,1,11500
Apartment,Pretoria,"Pretoria North",2,1,6,6800
House,Pretoria,"Silver Lakes Golf Estate",4,4,1,48000
House,Pretoria,"Montana Tuine",2,2,1,16200
Apartment,Pretoria,"Blyde Riverwalk Estate",1,1,4,15000
House,Pretoria,"Silver Lakes Golf Estate",4,3,1,48000
House,Pretoria,Brooklyn,1,1,1,7500
Apartment,Pretoria,Montana,1,1,1,5000
Apartment,Pretoria,Sinoville,2,2,1,10400
Apartment,Pretoria,Hatfield,2,1,4,4000
Apartment,Pretoria,Sunnyside,1,1,2,4100
House,Pretoria,Waterkloof,3,3,2,22500
Apartment,Pretoria,Sunnyside,6,1,2,2600
Apartment,Pretoria,"Waterkloof Ridge",2,1,2,18990
Apartment,Pretoria,"Olympus AH",2,2,6,12320
Apartment,Pretoria,"Olympus AH",2,2,1,12320
House,Pretoria,"Waterkloof Ridge",4,3,2,35000
Apartment,Pretoria,Arcadia,1,1,1,4030
House,Pretoria,"Savannah Country Estate",5,5,3,25000
Apartment,Pretoria,"Baileys Muckleneuk",2,2,1,26250
Apartment,Pretoria,Hillcrest,2,2,1,11600
Apartment,Pretoria,Sinoville,2,2,1,10600
Apartment,Pretoria,Sinoville,2,2,1,10200
Apartment,Pretoria,Arcadia,1,1,1,6000
House,Pretoria,Atteridgeville,3,2,2,7100
House,Pretoria,Villieria,1,1,1,11000
Apartment,Pretoria,"Les Marais",1,1,1,3940
Apartment,Pretoria,"Menlo Park",2,1,3,10500
Apartment,Pretoria,Hatfield,5,3,1,11000
House,Pretoria,Mamelodi,6,1,2,11000
Apartment,Pretoria,Sunnyside,3,3,1,2500
Town-house,Pretoria,"Ashlea Gardens",2,1,2,23000
Apartment,Pretoria,Queenswood,2,2,1,7800
Apartment,Pretoria,Queenswood,2,2,1,10500
Apartment,Pretoria,Sinoville,2,1,2,10600
Apartment,Pretoria,Queenswood,2,2,2,7800
Apartment,Pretoria,Brooklyn,2,2,1,11900
Apartment,Pretoria,Annlin,3,2,1,11206
Apartment,Pretoria,"Monument Park",1,1,1,11300
Apartment,Pretoria,Wapadrand,2,1,2,8500
Apartment,Pretoria,Sunnyside,3,1,2,8000
Town-house,Pretoria,"Tijger Vallei",4,2,2,12800
Apartment,Pretoria,"Waterkloof Ridge",1,1,1,18990
Town-house,Pretoria,"Moreleta Park",2,2,2,8500
House,Pretoria,"Montana Tuine",1,1,1,13632
House,Pretoria,Dorandia,3,2,4,13000
Apartment,Pretoria,Montana,1,1,1,6050
House,Pretoria,"Silver Lakes Golf Estate",2,1,2,17500
House,Pretoria,"Mooiplaats AH",1,1,3,5300
House,Pretoria,"Silver Lakes Golf Estate",4,3,8,35000
House,Pretoria,"Woodhill Golf Estate",5,4,6,75000
House,Pretoria,Waterkloof,6,6,1,70000
Apartment,Pretoria,Annlin,3,2,1,11206
House,Pretoria,Muckleneuk,2,2,2,14000
Apartment,Pretoria,"Lynnwood Manor",2,1,2,10500
Apartment,Pretoria,"Faerie Glen",3,2,3,15000
House,Pretoria,Rietvalleirand,3,2,3,20000
Apartment,Pretoria,"Lotus Gardens",1,1,1,3600
Town-house,Pretoria,Hatfield,2,3,1,14000
Town-house,Pretoria,Brooklyn,3,4,3,52000
House,Pretoria,"Waterkloof Heights",6,6,4,50000
Apartment,Pretoria,"Wonderboom South",1,1,1,4800
Apartment,Pretoria,Brooklyn,3,3,2,20800
Town-house,Pretoria,"Silver Lakes",2,2,2,10800
Apartment,Pretoria,Hillcrest,1,2,1,5800
Apartment,Pretoria,"Waterkloof Ridge",1,1,2,18990
Apartment,Pretoria,"Waterkloof Ridge",1,1,1,18990
Apartment,Pretoria,Hatfield,1,1,2,6025
House,Pretoria,Wolmer,3,2,1,10500
Apartment,Pretoria,"Menlo Park",1,1,1,8500
Apartment,Pretoria,Hatfield,2,2,4,7000
Apartment,Pretoria,"Pretoria North",1,1,2,4500
Apartment,Pretoria,"Menlo Park",1,1,2,7550
House,Pretoria,Waverley,1,1,1,5000
Apartment,Pretoria,"Blyde Riverwalk Estate",1,1,1,9990
Apartment,Pretoria,"Pretoria North",2,1,1,6000
Town-house,Pretoria,"Pretoria West",4,3,2,11000
Apartment,Pretoria,"Olympus AH",2,1,1,8800
Apartment,Pretoria,Waterkloof,1,1,1,18990
House,Pretoria,Brooklyn,6,3,3,32000
House,Pretoria,"Lombardy Estate",3,4,2,40000
Apartment,Pretoria,Arcadia,6,2,1,2000
House,Pretoria,"Silver Lakes Golf Estate",4,4,2,48000
Apartment,Pretoria,"Menlo Park",2,3,2,14000
House,Pretoria,"Lynnwood Glen",4,2,6,24000
House,Pretoria,"Silver Lakes Golf Estate",5,6,6,130000
House,Pretoria,"Lombardy Estate",3,4,2,40000
Town-house,Pretoria,"Woodhill Golf Estate",3,2,2,24000
Apartment,Pretoria,Equestria,2,2,2,9100
Apartment,Pretoria,Arcadia,2,2,1,6000
Apartment,Pretoria,"Capital Park",1,1,2,3940
Apartment,Pretoria,Wapadrand,3,2,2,12500
Town-house,Pretoria,Montana,2,3,2,10500
House,Pretoria,"Silver Lakes Golf Estate",4,3,3,45000
Apartment,Pretoria,Brooklyn,2,2,2,12000
Apartment,Pretoria,Waterkloof,3,3,2,20800
Apartment,Pretoria,Hatfield,2,1,2,8500
Apartment,Pretoria,Montana,2,2,2,8400
Town-house,Pretoria,"Erasmus Park",3,3,1,17950
Apartment,Pretoria,Arcadia,2,1,10,7200
Apartment,Pretoria,"Mooikloof Manor",2,2,1,9800
House,Pretoria,"Pretoria North",10,4,2,3500
Apartment,Pretoria,"Silver Lakes",1,1,2,8500
Apartment,Pretoria,"Willow Park Manor",3,2,4,16995
House,Pretoria,"Pretoria Gardens",4,2,3,10500
House,Pretoria,"Waterkloof Ridge",6,7,6,65000
House,Pretoria,Rietfontein,4,3,1,15990
House,Pretoria,"Willow Acres",3,3,1,25000
Apartment,Pretoria,"Olympus AH",2,1,1,8500
Apartment,Pretoria,"Olympus AH",2,1,6,7800
Town-house,Pretoria,Waverley,2,2,3,11300
Apartment,Pretoria,"Blyde Riverwalk Estate",1,1,1,8200
House,Pretoria,"Woodhill Golf Estate",5,4,8,75000
Apartment,Pretoria,Hatfield,2,2,2,18000
Apartment,Pretoria,"Blyde Riverwalk Estate",1,1,1,10000
Apartment,Pretoria,"Paramount Estate",2,2,1,9500
Apartment,Pretoria,Arcadia,2,1,1,3003
Apartment,Pretoria,Muckleneuk,2,1,2,5500
Apartment,Pretoria,"Silver Lakes",1,1,1,10000
Apartment,Pretoria,Equestria,1,1,1,8600
Apartment,Pretoria,Doornpoort,3,1,3,8500
House,Pretoria,Sinoville,2,2,2,5500
House,Pretoria,Nellmapius,3,1,3,8500
Apartment,Pretoria,Equestria,3,2,3,8600
Town-house,Pretoria,"Olympus AH",3,2,2,17500
Town-house,Pretoria,"Olympus AH",3,3,2,17500
Town-house,Pretoria,"Olympus AH",3,3,2,19000
Town-house,Pretoria,"Olympus AH",3,3,2,19000
Town-house,Pretoria,"Olympus AH",3,3,2,19000
Town-house,Pretoria,"Olympus AH",3,3,2,19000
Town-house,Pretoria,"Olympus AH",3,3,2,19000
Town-house,Pretoria,"Olympus AH",3,3,2,19000
House,Pretoria,Rietfontein,4,3,4,25000
Apartment,Pretoria,Arcadia,1,1,1,5090
Apartment,Pretoria,Menlyn,1,1,1,13400
House,Pretoria,"Waterkloof Ridge",4,4,8,40000
Apartment,Pretoria,"Montana Tuine",2,1,2,7400
Apartment,Pretoria,"Olympus AH",2,1,2,10175
Town-house,Pretoria,Silverton,3,3,4,23500
House,Pretoria,"Silver Lakes Golf Estate",4,3,3,48000
Apartment,Pretoria,"Mooikloof Manor",2,2,1,9800
Town-house,Pretoria,"Olympus AH",3,3,2,19000
Town-house,Pretoria,Montana,2,3,2,10170
Apartment,Pretoria,Mooikloof,2,2,2,11900
House,Pretoria,Brooklyn,1,1,1,6500
Apartment,Pretoria,Sunnyside,1,1,2,3700
Apartment,Pretoria,"Blyde Riverwalk Estate",3,2,1,20888
Apartment,Pretoria,Annlin-Wes,1,1,3,6150
House,Pretoria,"Waterkloof Ridge",3,2,1,40000
Town-house,Pretoria,Sinoville,3,3,2,20000
Apartment,Pretoria,Hatfield,2,2,2,11250
Town-house,Pretoria,"Silver Lakes Golf Estate",2,1,1,16500
Apartment,Pretoria,Hillcrest,1,1,1,4550
Apartment,Pretoria,Magalieskruin,2,2,1,7680
House,Pretoria,Florauna,4,2,4,19500
House,Pretoria,"Waterkloof Ridge",3,3,4,30000
House,Pretoria,"Silver Lakes Golf Estate",4,3,2,48000
House,Pretoria,Kirkney,3,1,1,6850
House,Pretoria,"Moreleta Park",4,3,10,25000
Apartment,Pretoria,Montana,1,1,1,5500
Apartment,Pretoria,"Blyde Riverwalk Estate",1,1,1,8900
House,Pretoria,"Pretoria North",3,2,2,13500
Apartment,Pretoria,Muckleneuk,2,1,1,10000
Apartment,Pretoria,"The Hills Game Reserve Estate",1,1,1,8500
Apartment,Pretoria,Sunnyside,5,2,2,2800
House,Pretoria,"Faerie Glen",2,2,4,22000
Town-house,Pretoria,Equestria,3,2,1,14500
Apartment,Pretoria,Arcadia,1,1,1,4450
Apartment,Pretoria,Gezina,2,1,2,5500
Apartment,Pretoria,Florauna,1,1,1,5600
House,Pretoria,"Waterkloof Ridge",4,4,5,65000
Apartment,Pretoria,"Blyde Riverwalk Estate",1,1,1,8000
Apartment,Pretoria,Hillcrest,1,1,1,7900
Apartment,Pretoria,Hillcrest,1,1,1,7900
Apartment,Pretoria,Lynnwood,2,2,2,16000
Apartment,Pretoria,Lynnwood,2,1,2,9400
Town-house,Pretoria,"Kilner Park",2,1,2,8500
Apartment,Pretoria,Florauna,2,1,1,7250
Apartment,Pretoria,"Olympus AH",2,1,2,10175
House,Pretoria,Waterkloof,3,2,4,22000
Apartment,Pretoria,"Blyde Riverwalk Estate",1,1,4,8300
House,Pretoria,"Pretoria North",5,3,5,16000
House,Pretoria,"Waterkloof Ridge",6,6,1,65000
Apartment,Pretoria,"Menlo Park",2,2,1,21500
Apartment,Pretoria,Wolmer,2,1,2,7200
Apartment,Pretoria,Equestria,2,2,4,10300
House,Pretoria,"Olympus AH",3,2,1,22400
Apartment,Pretoria,"Olympus AH",2,1,11,11200
Apartment,Pretoria,Montana,2,1,2,7680
House,Pretoria,"Vissershoek AH",3,1,2,6500
House,Pretoria,"Lotus Gardens",2,1,2,6500
House,Pretoria,Magalieskruin,2,1,2,9200
Town-house,Pretoria,Silverton,3,2,4,23000
Apartment,Pretoria,"Blyde Riverwalk Estate",1,1,1,9800
Apartment,Pretoria,Menlyn,1,1,1,25300
Apartment,Pretoria,Sinoville,2,2,1,10500
Apartment,Pretoria,Sinoville,2,2,1,10200
Town-house,Pretoria,Arcadia,5,2,1,15000
House,Pretoria,"Philip Nel Park",2,1,1,7500
Town-house,Pretoria,"Faerie Glen",2,2,2,12850
Apartment,Pretoria,Sinoville,2,2,1,10400
Apartment,Pretoria,Sinoville,2,2,1,10400
Apartment,Pretoria,Sinoville,2,2,1,10400
Apartment,Pretoria,Mooikloof,3,2,2,12500
Town-house,Pretoria,Annlin,2,2,2,9200
Apartment,Pretoria,Lynnwood,2,2,2,25000
Apartment,Pretoria,"Silver Lakes",2,2,1,8800
Apartment,Pretoria,Sunnyside,1,1,1,3200
Apartment,Pretoria,"Blyde Riverwalk Estate",3,2,1,26000
House,Pretoria,Dorandia,3,2,4,15000
Apartment,Pretoria,Hatfield,1,1,1,6950
Apartment,Pretoria,Hatfield,2,1,1,5500
Town-house,Pretoria,"Zambezi Manor Lifestyle Estate",3,3,2,16500
Apartment,Pretoria,Brooklyn,2,2,1,16500
Apartment,Pretoria,"Menlo Park",2,2,4,11000
Apartment,Pretoria,Magalieskruin,4,3,2,8000
House,Pretoria,Waterkloof,1,1,2,40000
House,Pretoria,"Silver Lakes Golf Estate",2,1,2,12000
Apartment,Pretoria,Annlin,1,1,2,7400
Apartment,Pretoria,Arcadia,2,1,4,13000
Apartment,Pretoria,Garsfontein,3,3,4,8550
Town-house,Pretoria,"Menlo Park",4,3,2,34000
House,Pretoria,Waterkloof,2,2,8,40000
Apartment,Pretoria,Groenkloof,1,1,2,8900
House,Pretoria,"Mountain View",4,3,1,6100
House,Pretoria,"Silver Lakes Golf Estate",2,1,1,35000
Town-house,Pretoria,Magalieskruin,4,2,5,22000
Apartment,Pretoria,"Philip Nel Park",1,1,1,4800
House,Pretoria,Queenswood,3,2,4,20350
Apartment,Pretoria,"Olympus AH",2,2,1,12320
House,Pretoria,"Silver Lakes Golf Estate",2,2,1,18000
Apartment,Pretoria,"Mooikloof Glen",2,2,2,9800
Apartment,Pretoria,Gezina,1,1,2,3500
House,Pretoria,Waterkloof,3,3,1,38000
Apartment,Pretoria,"Pretoria Central",1,1,3,4620
Town-house,Pretoria,Brooklyn,4,2,12,25000
House,Pretoria,Sinoville,4,2,2,24500
Town-house,Pretoria,"Lynnwood Glen",3,3,1,20000
Apartment,Pretoria,Lynnwood,1,1,2,14200
Apartment,Pretoria,Menlyn,2,3,2,21899
Apartment,Pretoria,"Waterkloof Glen",2,2,1,46000
Apartment,Pretoria,Hazeldean,1,1,3,5390
House,Pretoria,"Waterkloof Ridge",5,4,2,45000
Town-house,Pretoria,"Moreleta Park",3,2,3,14000
House,Pretoria,"Waterkloof Ridge",5,4,1,45000
Apartment,Pretoria,Waterkloof,1,1,4,8990
Town-house,Pretoria,Equestria,4,4,4,23998
Apartment,Pretoria,"Mooikloof Glen",2,2,2,9500
House,Pretoria,Magalieskruin,4,2,2,17500
House,Pretoria,Silverton,3,1,2,10500
Apartment,Pretoria,Hatfield,2,1,1,6615
Apartment,Pretoria,Montana,2,2,2,8250
Apartment,Pretoria,"Blyde Riverwalk Estate",3,2,2,16500
House,Pretoria,Magalieskruin,4,2,2,17500
Apartment,Pretoria,"Pretoria West",1,1,1,4500
Apartment,Pretoria,Equestria,2,2,2,10500
House,Pretoria,Danville,4,1,3,18000
Apartment,Pretoria,"Capital Park",1,1,1,3940
Apartment,Pretoria,"Willow Park",2,2,2,9000
Apartment,Pretoria,Sunnyside,2,1,1,5000
Town-house,Pretoria,Montana,2,1,1,8500
Apartment,Pretoria,Arcadia,2,1,2,6500
Apartment,Pretoria,Mooikloof,2,2,3,10000
Town-house,Pretoria,"Olympus AH",3,2,2,19800
Apartment,Pretoria,Hatfield,2,1,1,7500
Apartment,Pretoria,Brooklyn,2,2,1,14000
Apartment,Pretoria,Brooklyn,2,2,1,14000
Apartment,Pretoria,Brooklyn,2,2,1,14000
House,Pretoria,Eastwood,3,3,6,25000
Apartment,Pretoria,Hatfield,1,1,8,3950
House,Pretoria,"Silver Lakes Golf Estate",4,4,1,75000
Apartment,Pretoria,Equestria,1,1,1,9000
House,Pretoria,"Parktown Estate",1,1,5,6000
House,Pretoria,Waterkloof,4,4,8,48000
House,Pretoria,"Waterkloof Ridge",5,5,4,99000
House,Pretoria,Doornpoort,3,3,1,16000
Apartment,Pretoria,"Waterkloof Ridge",1,1,6,9990
Apartment,Pretoria,Moregloed,1,1,1,10700
Apartment,Pretoria,Sunnyside,4,4,4,3900
House,Pretoria,"Pretoria North",1,1,1,25000
Apartment,Pretoria,"Blyde Riverwalk Estate",3,1,2,11000
House,Pretoria,Gezina,1,1,1,13800
Apartment,Pretoria,Brooklyn,2,2,2,13950
Town-house,Pretoria,Equestria,3,2,3,16800
House,Pretoria,"Alphen Park",3,3,6,50000
Apartment,Pretoria,Wonderboom,1,1,1,5500
House,Pretoria,Queenswood,3,2,3,17080
Town-house,Pretoria,"Menlo Park",2,3,2,26000
Apartment,Pretoria,"Nieuw Muckleneuk",1,1,2,17000
Apartment,Pretoria,"Willow Park Manor",2,2,2,10200
Apartment,Pretoria,"Mountain View",2,1,1,7500
House,Pretoria,"Waterkloof Ridge",4,3,3,130000
House,Pretoria,Queenswood,3,2,3,17080
House,Pretoria,Brooklyn,1,1,1,5500
Apartment,Pretoria,"Blyde Riverwalk Estate",1,1,1,8500
Apartment,Pretoria,"Willow Park Manor",2,1,2,9500
Apartment,Pretoria,Waterkloof,3,3,2,20800
Apartment,Pretoria,Menlyn,1,1,2,24000
Apartment,Pretoria,Hatfield,1,1,1,8000
Apartment,Pretoria,Brooklyn,2,2,2,13800
Apartment,Pretoria,Waterkloof,2,1,1,23990
Apartment,Pretoria,Hatfield,1,1,1,5940
Town-house,Pretoria,"Faerie Glen",2,1,2,9000
Town-house,Pretoria,Montana,4,2,10,14000
Apartment,Pretoria,"Die Wilgers",4,2,5,4300
House,Pretoria,"Pretoria North",4,4,8,14300
House,Pretoria,"Woodhill Golf Estate",2,2,1,50000
Town-house,Pretoria,"Willow Park Manor",3,2,4,11500
House,Pretoria,Muckleneuk,1,1,1,18000
Apartment,Pretoria,Magalieskruin,1,1,1,7700
Apartment,Pretoria,Magalieskruin,2,1,1,7700
Apartment,Pretoria,Elandspoort,3,2,3,6500
Apartment,Pretoria,"Greencreek Lifestyle Estate",4,4,2,12500
Town-house,Pretoria,"Montana Tuine",2,2,1,28000
Apartment,Pretoria,Brooklyn,2,1,2,14000
Town-house,Pretoria,Erasmuskloof,1,1,1,8000
Apartment,Pretoria,Waterkloof,2,2,2,10990
Apartment,Pretoria,Brooklyn,5,3,3,13000
House,Pretoria,"Waterkloof Ridge",4,3,1,75000
House,Pretoria,Waverley,1,1,1,16500
Apartment,Pretoria,Montana,1,1,1,5000
Apartment,Pretoria,"Montana Park",1,1,1,6500
Apartment,Pretoria,Arcadia,2,2,1,12000
Apartment,Pretoria,"Capital Park",1,2,1,3000
House,Pretoria,Andeon,3,1,1,7910
Apartment,Pretoria,Hatfield,1,1,1,5500
Apartment,Pretoria,Arcadia,2,2,1,7250
Apartment,Pretoria,"Ashlea Gardens",1,1,1,16500
Apartment,Pretoria,Villieria,2,1,1,8600
Apartment,Pretoria,Garsfontein,1,2,2,6800
Apartment,Pretoria,Brooklyn,2,1,1,16900
Apartment,Pretoria,Colbyn,1,1,2,7150
Apartment,Pretoria,Waterkloof,1,2,5,18990
House,Pretoria,"Waterkloof Ridge",4,1,2,40000
Apartment,Pretoria,Sunnyside,2,4,1,5000
House,Pretoria,Waterkloof,4,1,6,70000
Apartment,Pretoria,Hazelwood,1,1,2,15900
Apartment,Pretoria,Waterkloof,1,2,4,18990
Apartment,Pretoria,"Olympus AH",2,4,2,12320
Apartment,Pretoria,Hillcrest,1,1,1,9000
House,Pretoria,"Moreleta Park",4,2,8,24900
Apartment,Pretoria,Hatfield,2,2,1,8500
Town-house,Pretoria,"Lynnwood Glen",3,2,2,20000
Apartment,Pretoria,"Blyde Riverwalk Estate",1,1,1,11000
Apartment,Pretoria,"Blyde Riverwalk Estate",1,1,1,9500
Apartment,Pretoria,Sunnyside,2,1,1,6750
Apartment,Pretoria,Garsfontein,1,1,1,6500
House,Pretoria,"Parktown Estate",2,1,4,6300
House,Pretoria,"Waterkloof Ridge",6,7,2,70000
House,Pretoria,Silverton,3,2,5,10500
House,Pretoria,"Waterkloof Heights",5,6,2,57000
Apartment,Pretoria,"Blyde Riverwalk Estate",2,2,1,15000
Apartment,Pretoria,Brooklyn,3,1,2,14000
Apartment,Pretoria,"Mooikloof Glen",2,2,1,11000
Apartment,Pretoria,Shere,3,2,6,9250
House,Pretoria,Colbyn,2,1,2,20500
Apartment,Pretoria,Menlyn,5,2,4,40000
Town-house,Pretoria,"Olympus AH",2,2,1,22000
Apartment,Pretoria,Hillcrest,2,1,1,8500
Apartment,Pretoria,Sinoville,2,2,1,10200
Apartment,Pretoria,Sinoville,2,2,1,10500
Apartment,Pretoria,Arcadia,1,1,1,7000
Apartment,Pretoria,Hatfield,2,1,1,5000
Apartment,Pretoria,"Monument Park",1,1,2,7250
Apartment,Pretoria,Hatfield,1,1,1,10500
Apartment,Pretoria,Waterkloof,3,3,1,9990
Apartment,Pretoria,Arcadia,2,2,3,4160
Town-house,Pretoria,"Olympus AH",2,2,1,22000
Apartment,Pretoria,Sinoville,3,3,1,10500
Apartment,Pretoria,Sinoville,2,1,2,10200
House,Pretoria,Waterkloof,3,2,1,45000
Apartment,Pretoria,Waterkloof,4,4,2,17990
House,Pretoria,"Wonderboom South",2,1,2,16500
House,Pretoria,Brooklyn,1,1,2,36000
Apartment,Pretoria,Florauna,3,2,1,7150
Apartment,Pretoria,Waterkloof,1,1,2,9990
Apartment,Pretoria,"Blyde Riverwalk Estate",3,2,1,19500
Apartment,Pretoria,Sinoville,2,2,1,10200
Apartment,Pretoria,Pretoriuspark,2,2,2,9500
Apartment,Pretoria,"Menlo Park",2,2,2,21500
House,Pretoria,"Waterkloof Ridge",5,5,2,65000
Town-house,Pretoria,"Montana Park",3,2,1,12375
Apartment,Pretoria,Florauna,1,1,1,6000
Town-house,Pretoria,"Constantia Park",3,2,2,13500
Apartment,Pretoria,Hatfield,1,1,1,7200
Apartment,Pretoria,"Menlo Park",2,3,2,13000
House,Pretoria,Waterkloof,4,3,3,45000
Apartment,Pretoria,"Pretoria West",1,1,1,4020
Apartment,Pretoria,"Waterkloof Ridge",1,1,1,11990
Apartment,Pretoria,Hatfield,1,1,1,7200
Apartment,Pretoria,Equestria,2,2,2,23500
Town-house,Pretoria,Hazelwood,3,4,6,50000
House,Pretoria,Danville,2,1,6,6000
House,Pretoria,"Faerie Glen",6,5,3,4400
House,Pretoria,"The Hills Game Reserve Estate",5,5,1,44995
Apartment,Pretoria,Gezina,2,1,1,7000
Town-house,Pretoria,Hazeldean,2,2,2,10500
Apartment,Pretoria,Hatfield,1,1,1,6800
Town-house,Pretoria,Annlin,2,1,3,8600
Apartment,Pretoria,Brooklyn,2,2,1,14000
Apartment,Pretoria,"Menlo Park",2,2,3,19900
House,Pretoria,"Woodhill Golf Estate",4,4,2,35000
House,Pretoria,Brooklyn,3,3,4,30000
House,Pretoria,Muckleneuk,3,2,2,16000
Town-house,Pretoria,Garsfontein,3,1,2,11500
House,Pretoria,Brooklyn,6,3,2,4500
House,Pretoria,Andeon,3,2,1,9000
Apartment,Pretoria,Brooklyn,1,2,2,4800
Town-house,Pretoria,"The Wilds",2,2,2,15500
Apartment,Pretoria,Mayville,2,2,6,5800
Apartment,Pretoria,"Mooikloof Glen",4,3,1,9500
House,Pretoria,Muckleneuk,1,1,1,36000
Apartment,Pretoria,Hatfield,2,1,1,6800
Apartment,Pretoria,"Kilner Park",1,1,1,4300
Town-house,Pretoria,"Olympus AH",3,2,2,22000
House,Pretoria,Hatfield,3,1,4,5000
Apartment,Pretoria,Menlyn,1,1,1,26000
Apartment,Pretoria,"Philip Nel Park",2,1,2,6570
Town-house,Pretoria,Sinoville,3,2,3,10400
Town-house,Pretoria,Garsfontein,2,2,6,13500
House,Pretoria,"Woodhill Golf Estate",4,3,2,40000
Apartment,Pretoria,"Willow Park Manor",3,2,6,26000
Apartment,Pretoria,Arcadia,2,1,2,10500
House,Pretoria,"Woodhill Golf Estate",4,5,2,65000
Apartment,Pretoria,"Nieuw Muckleneuk",1,1,1,17000
Town-house,Pretoria,"Olympus AH",3,2,3,22000
Apartment,Pretoria,Arcadia,2,1,6,12000
Apartment,Pretoria,"Pretoria Central",3,2,1,3800
House,Pretoria,Waterkloof,4,3,2,45000
House,Pretoria,Dorandia,4,2,1,15000
Apartment,Pretoria,Waterkloof,2,1,1,27990
Apartment,Pretoria,Brooklyn,2,2,1,12000
Apartment,Pretoria,Brooklyn,2,2,1,12000
Apartment,Pretoria,"Montana Park",2,2,2,9900
Apartment,Pretoria,"Blyde Riverwalk Estate",1,1,1,15500
Apartment,Pretoria,Sunnyside,1,1,1,4620
House,Pretoria,"Pretoria North",3,2,4,13560
Apartment,Pretoria,"Monument Park",3,1,1,8900
Town-house,Pretoria,Montana,3,3,2,13530
Town-house,Pretoria,"Montana Park",2,1,1,9500
House,Pretoria,"Pretoria North",4,2,2,11500
Apartment,Pretoria,"Monument Park",3,1,1,8900
Town-house,Pretoria,"Menlo Park",3,4,2,25000
Apartment,Pretoria,Hatfield,2,1,1,7950
House,Pretoria,"Monument Park",1,1,1,6250
Apartment,Pretoria,Mayville,1,1,1,5600
Apartment,Pretoria,Hatfield,2,1,1,7950
Apartment,Pretoria,Hatfield,1,1,1,8500
Apartment,Pretoria,"Nieuw Muckleneuk",1,1,2,17000
Apartment,Pretoria,Silverton,2,1,2,6300
Town-house,Pretoria,"La Montagne",2,1,1,7500
Apartment,Pretoria,"Blyde Riverwalk Estate",1,1,1,8200
House,Pretoria,"Menlo Park",2,3,3,28000
Apartment,Pretoria,Arcadia,1,1,1,8300
Apartment,Pretoria,"Pretoria North",4,4,2,4800
House,Pretoria,"Silver Lakes Golf Estate",1,1,1,55000
House,Pretoria,"Mooikloof Equestrian Estate",2,2,2,5500
Apartment,Pretoria,Lynnwood,4,2,6,14000
House,Pretoria,"Mountain View",4,2,2,26500
Apartment,Pretoria,Brooklyn,2,1,1,3900
Apartment,Pretoria,Montana,4,3,3,7500
House,Pretoria,"Silver Lakes Golf Estate",2,1,1,55000
Apartment,Pretoria,"Pretoria North",2,1,2,7150
Apartment,Pretoria,Montana,3,2,4,8400
House,Pretoria,"Pretoria North",2,1,3,12000
Apartment,Pretoria,Gezina,4,3,1,6000
House,Pretoria,"Silver Lakes Golf Estate",1,1,2,55000
House,Pretoria,"Pretoria Central",3,3,6,2950
Town-house,Pretoria,"Olympus AH",3,2,4,22000
House,Pretoria,"Silver Lakes Golf Estate",7,4,2,36000
House,Pretoria,Elarduspark,3,2,2,45000
Apartment,Pretoria,Waterkloof,2,1,1,17990
Apartment,Pretoria,"Blyde Riverwalk Estate",1,1,1,8200
Apartment,Pretoria,Hatfield,1,1,1,4830
House,Pretoria,Waterkloof,5,5,2,55000
House,Pretoria,Murrayfield,4,3,4,21000
Apartment,Pretoria,Equestria,2,1,2,10500
Town-house,Pretoria,"Waterkloof Heights",3,2,1,20000
Apartment,Pretoria,"Lynnwood Manor",2,1,4,9000
House,Pretoria,Murrayfield,4,3,1,21000
Apartment,Pretoria,Hatfield,1,1,2,5750
Apartment,Pretoria,Sinoville,3,3,4,20000
House,Pretoria,"Faerie Glen",6,5,1,36000
House,Pretoria,Roodeplaat,1,1,1,6250
Apartment,Pretoria,Daspoort,2,1,1,6400
Apartment,Pretoria,Hazeldean,1,1,2,10000
House,Pretoria,Waterkloof,3,1,4,9500
House,Pretoria,Roodeplaat,5,4,4,39000
Apartment,Pretoria,Brooklyn,2,2,2,15000
Town-house,Pretoria,"Olympus AH",3,2,2,22000
Apartment,Pretoria,"Six Fountains Residential Estate",2,2,2,15000
Apartment,Pretoria,Sinoville,3,2,2,7900
Apartment,Pretoria,Sunnyside,4,1,2,9800
House,Pretoria,"Waterkloof Ridge",4,4,1,40000
Apartment,Pretoria,"Blyde Riverwalk Estate",1,1,1,13000
Apartment,Pretoria,Dorandia,2,1,2,7600
Apartment,Pretoria,Roodeplaat,2,1,1,7500
Town-house,Pretoria,Waterkloof,3,3,1,20000
Apartment,Pretoria,"Pretoria North",2,1,1,7150
Apartment,Pretoria,Hatfield,1,1,2,5900
Town-house,Pretoria,Waterkloof,3,3,1,20000
House,Pretoria,"Olympus AH",3,2,1,17500
Apartment,Pretoria,Waterkloof,1,1,6,15990
Apartment,Pretoria,Brooklyn,1,1,4,6300
House,Pretoria,Eastwood,1,1,1,10500
House,Pretoria,"Waterkloof Ridge",6,7,1,65000
Town-house,Pretoria,"Monument Park",3,2,1,22000
House,Pretoria,Rietfontein,2,1,1,6500
Apartment,Pretoria,Sinoville,2,2,4,10400
Apartment,Pretoria,Menlyn,2,2,1,28000
Apartment,Pretoria,"Greencreek Lifestyle Estate",1,1,4,7250
Apartment,Pretoria,"Willow Park Manor",1,1,1,10500
House,Pretoria,"Strubenkop Security Village",3,3,1,32000
Apartment,Pretoria,Sinoville,2,2,1,10500
Apartment,Pretoria,"Blyde Riverwalk Estate",1,1,3,10000
Apartment,Pretoria,Waverley,2,2,2,11000
House,Pretoria,Hatfield,4,4,1,6500
Apartment,Pretoria,Waverley,2,1,1,9750
House,Pretoria,Brooklyn,6,4,4,3950
House,Pretoria,"Nieuw Muckleneuk",3,2,2,40000
House,Pretoria,"Mountain View",1,1,1,5900
Apartment,Pretoria,Hatfield,2,1,4,9765
Apartment,Pretoria,Waterkloof,1,1,2,10990
Apartment,Pretoria,Hillcrest,2,1,1,8600
Apartment,Pretoria,Muckleneuk,1,1,1,5000
Apartment,Pretoria,"Lynnwood Glen",2,1,2,20000
Apartment,Pretoria,Brooklyn,1,1,1,13000
Apartment,Pretoria,"Menlo Park",1,1,1,5000
Apartment,Pretoria,Arcadia,2,1,1,5200
Apartment,Pretoria,"Mountain View",2,1,1,6300
Town-house,Pretoria,"Silver Lakes",4,2,3,9400
House,Pretoria,"Silver Lakes Golf Estate",2,4,2,48000
Apartment,Pretoria,"Olympus AH",1,2,2,14500
Apartment,Pretoria,Rietvalleirand,4,1,1,4750
House,Pretoria,"Montana Tuine",4,2,2,14000
House,Pretoria,"Monument Park",3,2,6,26000
House,Pretoria,"Pretoria Gardens",1,1,2,9600
House,Pretoria,Mooikloof,4,1,1,6500
House,Pretoria,"Montana Tuine",4,2,2,14000
House,Pretoria,"Waterkloof Ridge",2,4,7,74500
Apartment,Pretoria,"Mountain View",5,1,1,6300
House,Pretoria,Waterkloof,4,5,3,100000
House,Pretoria,Waterkloof,2,4,5,70000
House,Pretoria,Groenkloof,4,2,3,25000
Apartment,Pretoria,"Nieuw Muckleneuk",1,3,1,13800
House,Pretoria,"Woodhill Golf Estate",3,3,7,40000
Apartment,Pretoria,"Silver Lakes Golf Estate",2,3,1,35000
House,Pretoria,Erasmusrand,4,1,3,25000
House,Pretoria,Mayville,1,1,1,5900
Apartment,Pretoria,"Lotus Gardens",2,1,2,4000
Apartment,Pretoria,Newlands,2,1,1,9500
Apartment,Pretoria,"Capital Park",1,1,2,3940
House,Pretoria,Equestria,3,1,1,11800
Apartment,Pretoria,"Silver Lakes Golf Estate",2,1,1,12000
Apartment,Pretoria,Colbyn,1,2,2,7900
Town-house,Pretoria,Florauna,2,2,2,9500
Town-house,Pretoria,"Menlo Park",3,1,1,19500
Apartment,Pretoria,Sunnyside,5,1,2,4300
Apartment,Pretoria,Newlands,2,2,2,9500
House,Pretoria,"Silver Lakes Golf Estate",3,1,4,25000
Apartment,Pretoria,"Pretoria Gardens",2,1,2,5600
Town-house,Pretoria,"Zambezi Manor Lifestyle Estate",3,3,2,14200
Apartment,Pretoria,Hatfield,7,5,4,7500
House,Pretoria,Hatfield,2,1,1,41000
Apartment,Pretoria,"Faerie Glen",3,2,2,12950
Town-house,Pretoria,Annlin,2,2,1,10950
Apartment,Pretoria,Montana,3,3,5,7680
Town-house,Pretoria,"Olympus AH",1,1,1,16950
Apartment,Pretoria,Eloffsdal,3,3,2,3940
House,Pretoria,"Silverwoods Country Estate",1,1,2,50000
Apartment,Pretoria,"Capital Park",3,1,2,3840
House,Pretoria,Danville,2,1,4,6500
Apartment,Pretoria,"Faerie Glen",3,2,1,12950
House,Pretoria,"Kameeldrift East",5,5,1,14000
House,Pretoria,"Waterkloof Heights",2,2,2,99000
Apartment,Pretoria,Sinoville,1,1,3,10200
Apartment,Pretoria,Zwartkoppies,3,2,1,20000
Town-house,Pretoria,"Silver Lakes Golf Estate",3,3,2,30000
Apartment,Pretoria,"Menlo Park",2,2,2,19900
Apartment,Pretoria,Magalieskruin,1,1,2,6500
House,Pretoria,Brooklyn,3,3,1,5500
House,Pretoria,"Lisdogan Park",2,2,2,18000
Town-house,Pretoria,Equestria,1,1,1,22898
Apartment,Pretoria,Hatfield,1,1,1,5750
House,Pretoria,Arcadia,2,2,2,2900
Apartment,Pretoria,"Mooikloof Equestrian Estate",3,2,4,12000
Town-house,Pretoria,Waterkloof,2,1,1,26500
Apartment,Pretoria,Hatfield,1,1,2,7200
Apartment,Pretoria,"Pretoria North",3,3,2,4000
Apartment,Pretoria,Montana,3,2,2,21000
Apartment,Pretoria,Sunnyside,4,2,8,7700
House,Pretoria,Danville,2,2,2,11300
Apartment,Pretoria,Sinoville,5,4,1,10200
House,Pretoria,Mayville,3,2,2,20000
Apartment,Pretoria,"Blyde Riverwalk Estate",1,1,1,8500
House,Pretoria,"Silverwoods Country Estate",5,5,6,50000
Town-house,Pretoria,Equestria,3,2,2,6000
House,Pretoria,Waverley,1,2,1,11800
House,Pretoria,Andeon,2,1,1,3000
Apartment,Pretoria,"Weavind Park",1,1,1,8500
Apartment,Pretoria,"Wonderboom South",2,1,2,5150
Apartment,Pretoria,Montana,1,1,1,10150
Apartment,Pretoria,"La Montagne",2,1,4,6000
Apartment,Pretoria,"Pretoria North",2,1,1,5500
Town-house,Pretoria,Montana,2,2,1,7450
Apartment,Pretoria,Hatfield,1,1,4,4250
House,Pretoria,Andeon,3,2,2,3000
Town-house,Pretoria,"Monument Park",3,1,1,22000
Apartment,Pretoria,"Greencreek Lifestyle Estate",2,2,2,9200
Town-house,Pretoria,Roodeplaat,4,3,2,12900
House,Pretoria,Brooklyn,11,6,1,3950
Apartment,Pretoria,Hillcrest,2,1,1,5000
Apartment,Pretoria,Arcadia,1,1,6,5200
House,Pretoria,Waterkloof,5,4,4,75000
House,Pretoria,Montana,2,2,1,10400
House,Pretoria,"Waterkloof Heights",4,5,2,60000
Apartment,Pretoria,Sunnyside,2,1,1,5830
Apartment,Pretoria,Brooklyn,2,2,4,12900
Apartment,Pretoria,"Menlo Park",1,1,2,11500
House,Pretoria,"Woodhill Golf Estate",5,4,4,85000
House,Pretoria,Silverton,3,2,1,21000
Apartment,Pretoria,Wolmer,1,1,1,3570
House,Pretoria,"Waterkloof Ridge",5,5,4,75000
Town-house,Pretoria,"Waterkloof Glen",2,2,5,13500
Apartment,Pretoria,"Mooikloof Equestrian Estate",2,2,1,11950
Apartment,Pretoria,"Blyde Riverwalk Estate",2,2,2,16500
House,Pretoria,"Zandfontein AH",3,1,1,6500
Apartment,Pretoria,"Willow Park Manor",3,2,2,10500
House,Pretoria,"Kameeldrift East",3,2,2,9100
Apartment,Pretoria,"Blyde Riverwalk Estate",1,1,1,8200
Apartment,Pretoria,Sinoville,2,2,1,10200
Apartment,Pretoria,"Nieuw Muckleneuk",2,2,2,17300
Apartment,Pretoria,"Pretoria Central",1,1,2,4235
Town-house,Pretoria,Muckleneuk,2,3,1,16500
Town-house,Pretoria,Rietfontein,2,1,1,7900
Apartment,Pretoria,Brooklyn,1,1,1,9500
Apartment,Pretoria,Sunnyside,2,1,8,7300
House,Pretoria,"Wingate Park",3,3,1,30000
Apartment,Pretoria,Brooklyn,2,2,1,12000
Apartment,Pretoria,Hatfield,1,1,1,6200
Apartment,Pretoria,"Pretoria Central",1,1,4,4310
Apartment,Pretoria,Muckleneuk,2,2,8,35000
Apartment,Pretoria,Menlyn,2,2,2,12750
House,Pretoria,"Silver Lakes Golf Estate",3,2,2,38700
Apartment,Pretoria,Waterkloof,3,2,3,20500
House,Pretoria,Waverley,3,1,1,13800
House,Pretoria,"Mooikloof Glen",6,6,4,50000
House,Pretoria,"Waterkloof Ridge",5,4,4,45000
Apartment,Pretoria,"Willow Park Manor",3,2,2,14000
Apartment,Pretoria,"Philip Nel Park",2,1,1,5780
Apartment,Pretoria,Sinoville,2,2,2,10400
Apartment,Pretoria,"Wonderboom South",1,1,1,5150
Apartment,Pretoria,Daspoort,1,1,1,4150
Apartment,Pretoria,Hatfield,2,2,1,10000
Apartment,Pretoria,Sinoville,2,2,1,10500
Apartment,Pretoria,Annlin,2,1,2,7400
Apartment,Pretoria,Brooklyn,2,2,1,12000
House,Pretoria,Hatfield,14,14,6,3350
Apartment,Pretoria,Sinoville,2,2,1,10500
Apartment,Pretoria,Mooikloof,2,2,2,12500
Town-house,Pretoria,"The Hills Game Reserve Estate",3,3,2,26000
House,Pretoria,"Waterkloof Ridge",6,7,10,65000
Apartment,Pretoria,"Olympus AH",2,2,1,9900
Apartment,Pretoria,Hatfield,1,1,1,7000
House,Pretoria,"Woodhill Golf Estate",4,5,6,65000
Town-house,Pretoria,Wapadrand,2,1,1,25000
House,Pretoria,"Waterkloof Ridge",6,6,6,90000
Town-house,Pretoria,"Waterkloof Park",3,2,2,21500
Apartment,Pretoria,Clydesdale,1,1,1,4800
House,Pretoria,"Woodhill Golf Estate",6,8,8,85000
Apartment,Pretoria,Rietfontein,1,1,1,5900
Apartment,Pretoria,Arcadia,1,1,2,6990
Apartment,Pretoria,Brooklyn,1,1,1,9500
Apartment,Pretoria,Waterkloof,1,2,1,11990
Town-house,Pretoria,"Waterkloof Ridge",3,3,2,40000
Town-house,Pretoria,"Menlo Park",2,4,2,28000
House,Pretoria,"Monument Park",3,1,6,35000
Town-house,Pretoria,Wapadrand,2,5,2,25000
House,Pretoria,"Woodhill Golf Estate",4,1,6,65000
Apartment,Pretoria,Brooklyn,1,1,10,10000
Apartment,Pretoria,Brooklyn,1,3,1,12500
Apartment,Pretoria,"Nieuw Muckleneuk",3,1,1,20500
Apartment,Pretoria,Moregloed,2,1,1,7755
House,Pretoria,Brooklyn,10,8,8,5900
Apartment,Pretoria,"Menlo Park",2,2,2,22000
Apartment,Pretoria,"Pretoria North",2,1,1,6500
Apartment,Pretoria,Waterkloof,1,1,1,11990
Town-house,Pretoria,"Menlo Park",2,2,2,14500
House,Pretoria,Brooklyn,3,3,10,26000
Apartment,Pretoria,Hazeldean,3,2,1,9500
Apartment,Pretoria,"Pretoria North",2,1,1,5500
Town-house,Pretoria,Equestria,3,2,4,15650
Apartment,Pretoria,Hatfield,1,1,1,6250
Apartment,Pretoria,Brooklyn,2,2,1,15995
Apartment,Pretoria,Muckleneuk,3,1,1,9040
Apartment,Pretoria,Muckleneuk,3,1,1,9040
Apartment,Pretoria,Brooklyn,2,2,1,12000
Apartment,Pretoria,Waterkloof,1,1,2,15990
Apartment,Pretoria,Waterkloof,3,3,1,20800
Apartment,Pretoria,Menlyn,1,1,1,18900
Apartment,Pretoria,"Pretoria Central",2,2,1,5000
Apartment,Pretoria,"Blyde Riverwalk Estate",2,2,1,13000
Apartment,Pretoria,"Faerie Glen",2,2,2,12750
Apartment,Pretoria,"Mooikloof Glen",3,2,2,11500
House,Pretoria,"Waterkloof Ridge",4,4,6,58000
House,Pretoria,Groenkloof,4,4,3,26000
House,Pretoria,"Six Fountains Residential Estate",3,3,4,34000
Town-house,Pretoria,Brooklyn,1,1,2,12500
Apartment,Pretoria,Rietfontein,1,1,1,5500
Apartment,Pretoria,Claremont,2,2,1,6050
Apartment,Pretoria,"Andeon AH",2,1,1,8200
Town-house,Pretoria,"Mooikloof Ridge",3,2,4,13000
Apartment,Pretoria,Mooikloof,1,1,1,6700
Apartment,Pretoria,"Pretoria North",1,1,1,4605
Apartment,Pretoria,Waverley,2,1,1,6250
Apartment,Pretoria,Lynnwood,4,1,1,9200
House,Pretoria,Groenkloof,3,2,2,25000
House,Pretoria,"Waterkloof Ridge",4,3,4,30000
House,Pretoria,"Woodhill Golf Estate",1,5,6,65000
Apartment,Pretoria,Hatfield,1,1,1,5940
Apartment,Pretoria,Muckleneuk,1,1,2,3400
Town-house,Pretoria,Brooklyn,2,1,1,12500
Apartment,Pretoria,Arcadia,2,1,1,6200
Apartment,Pretoria,Menlyn,1,1,1,13900
Apartment,Pretoria,"Faerie Glen",2,1,1,7900
Apartment,Pretoria,Hatfield,2,1,1,9300
Apartment,Pretoria,Sunnyside,1,1,2,3303
Apartment,Pretoria,"Blyde Riverwalk Estate",2,1,1,10000
House,Pretoria,"Proclamation Hill",1,2,1,7500
House,Pretoria,Rynoue,2,1,2,5700
Apartment,Pretoria,Brooklyn,2,2,1,16500
Apartment,Pretoria,Rietvalleirand,2,2,2,13900
Apartment,Pretoria,Hatfield,4,2,4,13000
House,Pretoria,"Woodhill Golf Estate",2,4,1,50000
Apartment,Pretoria,"Nieuw Muckleneuk",1,1,1,17900
House,Pretoria,Rynoue,2,1,2,5700
Apartment,Pretoria,Arcadia,3,1,4,6050
Apartment,Pretoria,Mooikloof,3,2,1,11500
House,Pretoria,"Willow Acres",1,3,2,28000
Apartment,Pretoria,"Faerie Glen",2,1,2,8600
Apartment,Pretoria,Lynnwood,3,2,2,15500
Apartment,Pretoria,"Mooikloof Heights",3,2,1,16500
Town-house,Pretoria,"Faerie Glen",2,1,1,7690
Apartment,Pretoria,Hatfield,2,1,1,7200
Town-house,Pretoria,Waterkloof,3,2,2,27000
Apartment,Pretoria,"Pretoria Central",2,1,1,6400
House,Pretoria,Brooklyn,1,3,3,6750
Apartment,Pretoria,Waterkloof,1,1,1,8990
Apartment,Pretoria,"Montana Park",2,1,1,6000
Apartment,Pretoria,Mooikloof,1,1,2,7700
Apartment,Pretoria,Montana,2,2,2,10200
Apartment,Pretoria,Newlands,1,1,3,6600
Apartment,Pretoria,"Boardwalk Villas",2,2,3,15000
House,Pretoria,"Menlo Park",5,4,1,37000
Town-house,Pretoria,"Olympus AH",2,2,2,15450
House,Pretoria,Sinoville,2,1,2,9500
House,Pretoria,"Silver Lakes",4,3,4,55000
House,Pretoria,"Waterkloof Ridge",4,2,1,24500
House,Pretoria,Brooklyn,1,3,3,7300
Apartment,Pretoria,"Menlo Park",2,2,2,25000
House,Pretoria,"Bougainvillea Estate",3,2,3,23500
House,Pretoria,"Woodhill Golf Estate",5,4,3,60000
Apartment,Pretoria,"Blyde Riverwalk Estate",1,1,1,8000
Apartment,Pretoria,Sinoville,2,2,5,10500
Apartment,Pretoria,Mooikloof,1,1,1,7500
House,Pretoria,"Menlo Park",3,1,2,16000
Apartment,Pretoria,Sinoville,2,2,1,10500
House,Pretoria,Groenkloof,4,3,2,26000
Apartment,Pretoria,Montana,2,2,5,10600
House,Pretoria,Doornpoort,3,2,1,4000
House,Pretoria,"Zambezi Country Estate",6,3,2,33500
Apartment,Pretoria,"Lynnwood Ridge",1,1,1,8200
Town-house,Pretoria,Equestria,3,2,1,14450
Town-house,Pretoria,"Olympus AH",2,1,1,7150
House,Pretoria,Muckleneuk,3,1,2,17000
Apartment,Pretoria,"Pretoria West",1,2,1,3920
Apartment,Pretoria,Montana,1,1,1,5000
Apartment,Pretoria,"Mooikloof Glen",2,2,2,9500
Apartment,Pretoria,Montana,2,1,1,9650
Apartment,Pretoria,"Paramount Estate",2,2,1,8800
House,Pretoria,"Waterkloof Ridge",5,5,14,55000
Apartment,Pretoria,"Nieuw Muckleneuk",1,1,3,17000
Apartment,Pretoria,Arcadia,2,1,2,5820
House,Pretoria,"Willow Park Manor",3,3,2,20000
House,Pretoria,Sunnyside,4,1,1,12000
Apartment,Pretoria,Clydesdale,1,1,4,10000
House,Pretoria,"The Wilds",3,2,1,30000
Apartment,Pretoria,Menlyn,3,2,1,35000
Apartment,Pretoria,Waterkloof,1,1,1,15990
Apartment,Pretoria,Waterkloof,1,1,2,15990
House,Pretoria,Waterkloof,3,2,1,30000
Town-house,Pretoria,"Olympus Ridge",2,2,1,12700
Apartment,Pretoria,Sunnyside,2,1,1,3053
Apartment,Pretoria,Hazeldean,1,2,4,8800
Apartment,Pretoria,Sinoville,2,2,1,10200
Apartment,Pretoria,Annlin,2,1,2,7900
House,Pretoria,Waterkloof,4,3,1,50000
House,Pretoria,Dorandia,3,2,1,11000
Apartment,Pretoria,Montana,2,2,2,8400
Apartment,Pretoria,Riviera,1,2,1,4300
Apartment,Pretoria,Waterkloof,2,1,1,15000
House,Pretoria,Hillcrest,2,2,1,5000
Apartment,Pretoria,"East Lynne",2,1,1,5800
House,Pretoria,"Pretoria North",5,2,3,14690
Apartment,Pretoria,"Silver Lakes Golf Estate",2,3,1,23000
House,Pretoria,"Woodhill Golf Estate",4,1,1,70000
Apartment,Pretoria,"Pretoria Central",1,2,2,4550
Apartment,Pretoria,Hatfield,2,1,1,10950
Apartment,Pretoria,Hatfield,2,3,1,8000
Apartment,Pretoria,"Menlo Park",2,1,2,14995
House,Pretoria,Brooklyn,1,1,1,14000
Apartment,Pretoria,Hatfield,2,1,2,9000
House,Pretoria,"Willow Acres",3,3,2,25000
Apartment,Pretoria,Brooklyn,2,2,2,13000
Apartment,Pretoria,"Pretoria Central",1,1,2,5500
Apartment,Pretoria,Hatfield,2,1,2,9000
Town-house,Pretoria,"Olympus AH",2,2,2,16950
House,Pretoria,Waterkloof,3,2,3,45000
Apartment,Pretoria,"Lynnwood Glen",2,2,2,12750
Apartment,Pretoria,"Greencreek Lifestyle Estate",1,1,1,5900
Apartment,Pretoria,Rietfontein,3,2,2,9200
Apartment,Pretoria,"Paramount Estate",2,2,2,8800
House,Pretoria,"Monument Park",2,2,4,18000
Apartment,Pretoria,"Baileys Muckleneuk",1,1,1,6600
Apartment,Pretoria,"Nieuw Muckleneuk",1,1,2,17000
House,Pretoria,"Waterkloof Ridge",5,4,10,82500
Apartment,Pretoria,Brooklyn,1,1,1,12500
House,Pretoria,Queenswood,3,2,1,19340
Apartment,Pretoria,"Country View Estate",2,2,2,9500
Town-house,Pretoria,Lynnwood,3,2,2,18000
Town-house,Pretoria,"Boardwalk Villas",3,2,2,20000
Town-house,Pretoria,"Boardwalk Villas",3,2,2,20000
Town-house,Pretoria,"Boardwalk Villas",3,2,2,20000
House,Pretoria,"Waterkloof Ridge",5,5,7,75000
House,Pretoria,Muckleneuk,4,3,1,4500
House,Pretoria,Hatfield,2,1,2,10000
Town-house,Pretoria,"Oukraal Estate",3,2,2,11000
Apartment,Pretoria,Hatfield,3,1,2,3700
Town-house,Pretoria,Equestria,2,2,1,13800
Apartment,Pretoria,Montana,2,1,1,12500
Apartment,Pretoria,Arcadia,2,1,3,6000
Apartment,Pretoria,Paradiso,1,1,1,7000
House,Pretoria,"Silver Lakes Golf Estate",4,4,1,46000
Apartment,Pretoria,"Blyde Riverwalk Estate",1,1,1,11000
Apartment,Pretoria,Sunnyside,1,1,2,2300
Apartment,Pretoria,Montana,2,1,1,12500
Apartment,Pretoria,"The Hills Game Reserve Estate",1,2,9,8500
Town-house,Pretoria,"Olympus AH",3,1,1,22000
Apartment,Pretoria,"Nieuw Muckleneuk",1,3,2,13500
Apartment,Pretoria,Gezina,2,1,2,7100
Apartment,Pretoria,Gezina,1,1,1,2500
Apartment,Pretoria,Brooklyn,2,2,1,12000
Town-house,Pretoria,"Zwavelpoort AH",2,2,3,12100
Apartment,Pretoria,"Andeon AH",2,1,1,6950
Apartment,Pretoria,Queenswood,1,1,3,4750
Apartment,Pretoria,Hatfield,1,1,2,6800
Apartment,Pretoria,Brooklyn,4,4,6,13000
House,Pretoria,"Silver Lakes Golf Estate",2,1,2,50000
Apartment,Pretoria,"Olympus AH",2,1,2,9900
Town-house,Pretoria,Waverley,2,1,3,9500
Town-house,Pretoria,Andeon,2,1,1,7400
Apartment,Pretoria,Montana,6,7,1,8300
House,Pretoria,"Waterkloof Ridge",3,2,2,90000
Apartment,Pretoria,"Pretoria Central",1,1,1,4350
Apartment,Pretoria,Arcadia,1,1,3,3300
House,Pretoria,Muckleneuk,3,2,4,40000
House,Pretoria,Equestria,3,3,2,29000
Apartment,Pretoria,Brooklyn,2,2,1,18000
Town-house,Pretoria,"Pretoria North",2,2,1,7200
Apartment,Pretoria,Hatfield,1,1,1,8000
Apartment,Pretoria,Erasmusrand,1,1,2,5500
Apartment,Pretoria,"Montana Tuine",3,2,2,13250
Town-house,Pretoria,"The Wilds",3,2,2,20000
House,Pretoria,Sinoville,4,4,2,15500
House,Pretoria,"Pretoria North",4,2,1,14495
Apartment,Pretoria,Brooklyn,2,2,5,14000
House,Pretoria,Rietondale,4,3,2,21000
Apartment,Pretoria,Lynnwood,2,2,1,15000
Town-house,Pretoria,"Pretoria North",2,2,2,7200
House,Pretoria,Kirkney,2,1,1,6000
Apartment,Pretoria,Hatfield,1,1,1,4500
Town-house,Pretoria,"The Wilds",2,2,6,14500
Apartment,Pretoria,"Pretoria Central",1,1,1,4570
Apartment,Pretoria,"Blyde Riverwalk Estate",2,2,1,12000
House,Pretoria,"Woodhill Golf Estate",5,6,3,53000
Apartment,Pretoria,"West Park",1,1,1,6250
House,Pretoria,Queenswood,2,1,2,10000
Apartment,Pretoria,"Moreleta Park",3,2,2,18000
Town-house,Pretoria,Sterrewag,3,2,8,20000
House,Pretoria,Nellmapius,4,2,1,10000
Apartment,Pretoria,Sunnyside,6,1,1,4500
House,Pretoria,"Waterkloof Ridge",1,7,1,90000
Apartment,Pretoria,Lynnwood,2,1,1,6000
Apartment,Pretoria,Hazeldean,2,2,1,8800
Apartment,Pretoria,Hazeldean,2,2,4,8800
Apartment,Pretoria,"Blyde Riverwalk Estate",1,2,1,12000
Apartment,Pretoria,Sunnyside,3,1,1,3800
Apartment,Pretoria,"Woodhill Golf Estate",2,1,1,24000
Apartment,Pretoria,Hatfield,1,1,1,6400
House,Pretoria,Wapadrand,3,3,4,31000
Apartment,Pretoria,Waterkloof,3,2,2,30000
Apartment,Pretoria,Montana,2,2,3,10200
Apartment,Pretoria,Waterkloof,3,2,2,23500
Apartment,Pretoria,"Silver Lakes Golf Estate",2,2,1,23000
Apartment,Pretoria,Pretoriuspark,2,1,1,8300
Apartment,Pretoria,"Nieuw Muckleneuk",1,1,2,13800
House,Pretoria,"Faerie Glen",1,1,6,7500
Apartment,Pretoria,Brooklyn,2,2,1,11000
House,Pretoria,"Willow Acres Ext 10",3,2,2,25000
Apartment,Pretoria,Hatfield,1,1,1,9300
Apartment,Pretoria,Brooklyn,2,2,1,19500
Apartment,Pretoria,Wapadrand,1,1,1,6850
Apartment,Pretoria,"Blyde Riverwalk Estate",2,2,1,18000
Apartment,Pretoria,Hazeldean,3,2,3,9500
Apartment,Pretoria,Hazeldean,3,2,2,9500
House,Pretoria,Muckleneuk,4,3,8,35000
Apartment,Pretoria,Brooklyn,2,2,1,19500
Apartment,Pretoria,Colbyn,1,1,1,7200
Apartment,Pretoria,Sunnyside,2,2,2,4980
Apartment,Pretoria,"Six Fountains",2,2,1,15500
Apartment,Pretoria,Hazeldean,3,2,2,9500
House,Pretoria,"Willow Park Manor",3,3,2,14000
House,Pretoria,"Faerie Glen",1,1,1,28500
Apartment,Pretoria,"Pretoria Central",4,4,3,4160
House,Pretoria,Waterkloof,1,1,1,45000
House,Pretoria,"Willow Park Manor",2,2,2,5200
Apartment,Pretoria,Montana,3,3,4,8250
Town-house,Pretoria,"Olympus AH",3,3,4,22000
Town-house,Pretoria,"Olympus AH",1,1,1,22000
Apartment,Pretoria,Hatfield,2,2,1,4200
Apartment,Pretoria,Hazeldean,1,1,1,9500
Apartment,Pretoria,Hatfield,2,1,1,4200
Town-house,Pretoria,"The Wilds",1,1,1,13000
Apartment,Pretoria,Colbyn,2,2,2,8500
Apartment,Pretoria,Menlyn,3,2,1,28000
Apartment,Pretoria,Sunnyside,1,1,1,3300
Apartment,Pretoria,Silverton,2,1,2,3900
Town-house,Pretoria,Brooklyn,1,2,1,12750
Apartment,Pretoria,"Pretoria Central",2,1,1,3070
Apartment,Pretoria,Mooikloof,2,2,2,10000
Apartment,Pretoria,"Alphen Park",2,2,1,27500
Apartment,Pretoria,Hatfield,2,1,4,8000
Apartment,Pretoria,Hatfield,5,2,1,10500
House,Pretoria,"Waterkloof Heights",1,5,2,99000
Apartment,Pretoria,Brooklyn,3,1,2,12500
Town-house,Pretoria,Bronberg,4,3,2,22000
Apartment,Pretoria,"Nieuw Muckleneuk",5,4,3,4500
House,Pretoria,"Silver Lakes Golf Estate",2,5,1,75000
House,Pretoria,"Woodhill Golf Estate",1,1,1,53000
Apartment,Pretoria,Sinoville,2,1,1,8500
Apartment,Pretoria,Sunnyside,2,2,1,4400
Apartment,Pretoria,"Silver Lakes Golf Estate",3,2,2,24000
House,Pretoria,Danville,5,2,1,7500
Apartment,Pretoria,Mooikloof,1,4,1,11500
Apartment,Pretoria,Muckleneuk,1,2,1,5500
Apartment,Pretoria,Hatfield,2,1,1,3950
Town-house,Pretoria,"Boardwalk Manor",3,3,2,29500
Apartment,Pretoria,Hatfield,2,2,1,9000
Apartment,Pretoria,Hatfield,2,1,3,9700
House,Pretoria,Annlin,3,1,2,10800
Apartment,Pretoria,Waterkloof,1,1,2,30000
House,Pretoria,"Pretoria North",3,2,4,18990
House,Pretoria,"Waterkloof Ridge",4,5,2,70000
Town-house,Pretoria,"Olympus AH",3,3,4,19000
Apartment,Pretoria,"Silver Lakes Golf Estate",2,1,2,18500
Town-house,Pretoria,"Olympus AH",3,3,3,21000
Apartment,Pretoria,"Menlo Park",2,3,2,15000
Town-house,Pretoria,"Olympus AH",3,3,2,22000
Apartment,Pretoria,Menlyn,2,2,2,45000
Apartment,Pretoria,Lynnwood,2,2,1,14000
House,Pretoria,"Mamelodi East",3,2,1,4500
Town-house,Pretoria,"Montana Tuine",3,2,1,15000
House,Pretoria,"Woodhill Golf Estate",4,4,4,65000
House,Pretoria,Annlin,3,1,4,11000
House,Pretoria,"Menlo Park",4,3,4,18500
House,Pretoria,Brooklyn,1,1,1,7500
House,Pretoria,"Waterkloof Ridge",5,5,3,75000
Town-house,Pretoria,"The Wilds",2,2,2,15500
Apartment,Pretoria,Sunnyside,1,1,1,4560
Apartment,Pretoria,"Montana Park",2,1,1,8500
Apartment,Pretoria,"Capital Park",1,1,1,3940
Apartment,Pretoria,"Pretoria North",2,1,3,5700
House,Pretoria,Newlands,4,3,4,22790
House,Pretoria,"Waterkloof Ridge",6,7,1,90000
Apartment,Pretoria,Hatfield,1,1,2,4100
Apartment,Pretoria,Gezina,1,1,2,4300
Apartment,Pretoria,Hatfield,1,1,1,4100
Apartment,Pretoria,"Mooikloof Glen",3,2,4,12000
Apartment,Pretoria,Erasmuskloof,2,1,1,9500
Apartment,Pretoria,"Silver Lakes Golf Estate",1,1,1,12000
Apartment,Pretoria,Arcadia,2,1,2,6300
Town-house,Pretoria,"Pretoria North",2,1,1,6200
Apartment,Pretoria,Colbyn,1,1,1,8200
House,Pretoria,Lydiana,1,1,1,5750
Apartment,Pretoria,"Pretoria West",1,1,1,6250
Apartment,Pretoria,"Willow Park Manor",2,2,1,10500
Apartment,Pretoria,Brooklyn,1,1,2,4950
Apartment,Pretoria,"Menlo Park",3,3,2,18995
Apartment,Pretoria,Arcadia,2,1,1,6300
Apartment,Pretoria,"East Lynne",2,1,2,5500
Apartment,Pretoria,Hatfield,3,1,1,3950
Apartment,Pretoria,Tileba,2,1,2,4945
Apartment,Pretoria,Hatfield,1,1,1,4400
Apartment,Pretoria,"Blyde Riverwalk Estate",1,1,9,10500
House,Pretoria,"Waterkloof Heights",1,1,1,13995
House,Pretoria,"Waterkloof Heights",5,6,1,95000
Apartment,Pretoria,Waterkloof,1,1,1,10990
House,Pretoria,"Waterkloof Heights",5,4,2,40000
Apartment,Pretoria,"Faerie Glen",2,2,1,10500
House,Pretoria,Lynnwood,1,1,1,6800
Apartment,Pretoria,Queenswood,2,1,2,4750
Apartment,Pretoria,"Willow Park Manor",2,2,1,10500
Apartment,Pretoria,Waverley,2,1,1,7300
Apartment,Pretoria,"Faerie Glen",3,2,2,10500
House,Pretoria,"Glenway Estate",3,2,4,8500
House,Pretoria,"Waterkloof Ridge",2,2,2,27000
Apartment,Pretoria,Lynnwood,1,2,1,15500
Apartment,Pretoria,Arcadia,1,1,1,4882
Apartment,Pretoria,"Pretoria Central",2,1,1,4453
Town-house,Pretoria,"Montana Tuine",2,1,1,6000
Apartment,Pretoria,Hatfield,2,2,2,9250
Apartment,Pretoria,Mooikloof,1,2,1,11500
Apartment,Pretoria,Brooklyn,1,2,1,13000
Apartment,Pretoria,"Menlo Park",3,1,1,8050
Apartment,Pretoria,Hatfield,2,1,6,7000
Apartment,Pretoria,Sinoville,2,1,1,8500
Apartment,Pretoria,Waterkloof,1,1,1,15000
Apartment,Pretoria,"Philip Nel Park",1,1,1,4250
Apartment,Pretoria,Annlin,1,1,2,6150
House,Pretoria,Kirkney,2,1,1,5700
House,Pretoria,Sunnyside,3,1,3,6800
House,Pretoria,"Willow Acres",3,2,1,25000
Apartment,Pretoria,Waterkloof,1,1,2,10990
House,Pretoria,"Featherwood Retirement Estate",3,2,1,14000
Apartment,Pretoria,"Blyde Riverwalk Estate",2,2,1,12500
Apartment,Pretoria,"Mahube Valley",1,1,2,5500
Apartment,Pretoria,Hatfield,1,1,2,5500
Apartment,Pretoria,Waterkloof,2,2,3,13800
Town-house,Pretoria,Equestria,3,2,1,20000
Apartment,Pretoria,Brooklyn,3,2,2,9200
House,Pretoria,"Willow Acres",2,1,1,25000
Apartment,Pretoria,Colbyn,2,2,3,7800
Town-house,Pretoria,"Lynnwood Ridge",2,2,2,10500
House,Pretoria,"Lynnwood Glen",2,2,2,25000
Apartment,Pretoria,Sinoville,2,2,1,10400
Apartment,Pretoria,Brooklyn,2,2,1,12000
House,Pretoria,"Mooiplaats AH",2,2,2,6250
House,Pretoria,Hatfield,1,1,10,6300
House,Pretoria,Brooklyn,9,8,4,3750
Apartment,Pretoria,Villieria,2,2,2,8500
Apartment,Pretoria,Annlin,2,1,1,6100
Apartment,Pretoria,Brooklyn,1,1,1,10000
Town-house,Pretoria,"Tyger Valley",4,4,2,14000
Apartment,Pretoria,"Silver Lakes Golf Estate",4,3,2,28000
Apartment,Pretoria,Brooklyn,2,2,1,12000
Apartment,Pretoria,"Lynnwood Manor",2,1,2,10800
Apartment,Pretoria,Brooklyn,2,2,4,15000
Town-house,Pretoria,"Menlo Park",3,2,1,34000
Apartment,Pretoria,Waterkloof,1,1,2,9990
Apartment,Pretoria,Waverley,2,1,2,6500
Apartment,Pretoria,Waterkloof,1,1,1,10990
Apartment,Pretoria,Muckleneuk,5,1,2,10200
House,Pretoria,Waterkloof,3,2,2,34000
Apartment,Pretoria,"Pretoria North",2,2,1,6000
House,Pretoria,"Patryshoek AH",1,1,1,5575
House,Pretoria,"Patryshoek AH",3,2,2,13380
House,Pretoria,"Patryshoek AH",4,2,8,17840
House,Pretoria,"Philip Nel Park",2,1,1,5800
Apartment,Pretoria,Hatfield,2,2,2,10750
Apartment,Pretoria,"Blyde Riverwalk Estate",2,2,1,20000
Town-house,Pretoria,Eastwood,4,4,1,18500
Apartment,Pretoria,"Lombardy Estate",1,1,2,13900
Apartment,Pretoria,Hillcrest,1,1,1,8000
Apartment,Pretoria,"Menlo Park",2,2,1,7750
Apartment,Pretoria,Hatfield,1,1,1,4830
House,Pretoria,"Patryshoek AH",4,2,8,17840
Apartment,Pretoria,Kameelfontein,1,1,1,4800
Apartment,Pretoria,Menlyn,1,1,5,23000
House,Pretoria,"Menlo Park",3,4,3,36500
House,Pretoria,"Silver Lakes",3,2,2,32000
Apartment,Pretoria,"Silver Lakes Golf Estate",1,1,1,10500
House,Pretoria,"Silver Lakes Golf Estate",3,3,4,38700
Apartment,Pretoria,Arcadia,2,1,1,6200
Apartment,Pretoria,Hatfield,2,1,2,9100
Town-house,Pretoria,"Christiaanville AH",3,1,2,13200
Town-house,Pretoria,Annlin-Wes,2,2,2,7400
Town-house,Pretoria,"Christiaanville AH",3,2,1,16000
Apartment,Pretoria,"Willow Park Manor",1,1,1,8100
Apartment,Pretoria,"Blyde Riverwalk Estate",1,1,1,13300
Apartment,Pretoria,Sunnyside,1,1,1,2700
Town-house,Pretoria,"The Wilds",2,1,1,13000
Apartment,Pretoria,"East Lynne",2,1,1,6900
Apartment,Pretoria,"Pretoria Central",1,1,2,4100
Apartment,Pretoria,"Menlo Park",3,2,1,7750
Town-house,Pretoria,Montana,1,1,1,13250
Apartment,Pretoria,Sinoville,1,1,1,5800
House,Pretoria,"Silver Lakes Golf Estate",1,1,1,10500
House,Pretoria,"Silver Lakes Golf Estate",1,1,1,10500
Apartment,Pretoria,"Menlo Park",2,2,1,7750
Apartment,Pretoria,"Silver Lakes",1,1,1,8500
Apartment,Pretoria,Rietvalleirand,2,2,2,14000
House,Pretoria,"Woodhill Golf Estate",4,5,6,65000
Apartment,Pretoria,Rietvalleirand,2,2,2,14000
House,Pretoria,Montana,3,1,1,10000
Apartment,Pretoria,"Mahube Valley",1,1,1,6500
Apartment,Pretoria,"Pretoria Central",1,1,5,4200
Apartment,Pretoria,"Pretoria Central",1,1,1,4550
Apartment,Pretoria,Arcadia,1,1,1,4850
House,Pretoria,"Woodhill Golf Estate",5,5,1,65000
Apartment,Pretoria,"Weavind Park",1,1,2,5900
Apartment,Pretoria,"Willow Park Manor",2,1,4,9600
House,Pretoria,"Lotus Gardens",2,1,2,6000
House,Pretoria,Brooklyn,3,3,2,23000
Apartment,Pretoria,Sinoville,2,2,4,10400
House,Pretoria,Dorandia,4,2,3,13500
House,Pretoria,Moregloed,4,2,2,15500
Apartment,Pretoria,"Mountain View",1,1,1,4250
Apartment,Pretoria,Waterkloof,2,2,2,13000
Apartment,Pretoria,Hazeldean,2,2,1,8800
Apartment,Pretoria,"Blyde Riverwalk Estate",1,1,1,8350
Apartment,Pretoria,Hatfield,1,1,1,7700
House,Pretoria,Andeon,3,2,1,8500
House,Pretoria,"Gem Valley",3,2,2,6000
Apartment,Pretoria,Waverley,2,1,4,11000
Apartment,Pretoria,Mooikloof,2,2,1,9500
House,Pretoria,Waterkloof,4,2,1,38000
Apartment,Pretoria,Hazeldean,2,2,1,8800
House,Pretoria,Claremont,2,1,1,3000
Apartment,Pretoria,Hatfield,1,2,1,13000
House,Pretoria,"Boardwalk Meander",3,1,2,9950
Apartment,Pretoria,"Blyde Riverwalk Estate",1,2,3,23500
Apartment,Pretoria,Hatfield,1,1,1,6500
Apartment,Pretoria,Lynnwood,2,1,1,10130
Apartment,Pretoria,Kwaggasrand,2,1,1,5300
Apartment,Pretoria,Sunnyside,1,1,2,4700
House,Pretoria,"Savannah Country Estate",1,1,1,7500
Town-house,Pretoria,Equestria,3,2,2,22300
Apartment,Pretoria,Hatfield,3,2,2,3500
Apartment,Pretoria,Menlyn,3,1,1,20000
House,Pretoria,"Faerie Glen",1,2,1,14500
House,Pretoria,"Featherwood Retirement Estate",2,1,2,16500
Apartment,Pretoria,Hatfield,2,1,1,9500
Town-house,Pretoria,Erasmuskloof,2,2,1,15000
House,Pretoria,"Woodhill Golf Estate",3,4,3,60000
Apartment,Pretoria,"Mooikloof Glen",4,1,1,6500
House,Pretoria,Hatfield,1,5,1,3150
House,Pretoria,"Mooikloof Equestrian Estate",10,1,1,6500
Apartment,Pretoria,Brooklyn,1,2,2,14000
Apartment,Pretoria,Sinoville,2,2,2,10600
Apartment,Pretoria,Hatfield,2,2,1,10000
Apartment,Pretoria,"Lotus Gardens",2,2,2,7550
Apartment,Pretoria,"Blyde Riverwalk Estate",3,2,2,17000
House,Pretoria,Garsfontein,1,1,1,6200
Town-house,Pretoria,"Olympus AH",3,2,2,22000
House,Pretoria,"Waterkloof Ridge",3,2,4,35000
House,Pretoria,Garsfontein,1,1,1,6200
Apartment,Pretoria,Waterkloof,3,2,2,23000
Town-house,Pretoria,"Baileys Muckleneuk",1,1,1,8500
Apartment,Pretoria,"Menlo Park",2,2,1,14000
Apartment,Pretoria,Hatfield,2,1,2,10500
Apartment,Pretoria,"Pretoria Central",2,3,2,6800
Apartment,Pretoria,Montana,3,1,2,8900
House,Pretoria,"Silverwoods Country Estate",3,3,2,50000
House,Pretoria,"Lotus Gardens",2,1,1,3800
Town-house,Pretoria,"Menlo Park",1,1,2,15500
House,Pretoria,Rietfontein,3,2,6,5000
Apartment,Pretoria,Hillcrest,1,1,1,6400
Apartment,Pretoria,"Lotus Gardens",4,4,8,1000
House,Pretoria,"Woodhill Golf Estate",2,1,1,95000
Town-house,Pretoria,"Olympus AH",1,1,1,7900
House,Pretoria,Groenkloof,1,1,1,9990
Apartment,Pretoria,"Mooikloof Glen",4,2,1,7500
House,Pretoria,"Waterkloof Ridge",3,1,2,30000
Apartment,Pretoria,Doornpoort,3,2,2,9850
Town-house,Pretoria,Hazeldean,2,2,2,14000
House,Pretoria,"Faerie Glen",3,2,1,10000
Town-house,Pretoria,"The Wilds",2,2,1,18000
Apartment,Pretoria,Sinoville,2,2,1,10200
Apartment,Pretoria,Brooklyn,1,1,1,15800
Apartment,Pretoria,"Pretoria Central",1,1,2,5600
Apartment,Pretoria,"Pretoria North",2,1,2,4700
House,Pretoria,"Patryshoek AH",3,2,2,5575
Apartment,Pretoria,"Lynnwood Glen",2,2,1,12750
Town-house,Pretoria,"The Wilds",1,1,1,18000
Apartment,Pretoria,Queenswood,3,1,1,8000
Apartment,Pretoria,Riviera,1,1,1,5250
Apartment,Pretoria,Riviera,1,1,1,5250
Apartment,Pretoria,"Waterkloof Park",2,2,2,18500
Apartment,Pretoria,Hazeldean,2,2,1,8800
Apartment,Pretoria,"Pretoria North",2,1,1,6000
Apartment,Pretoria,Brooklyn,2,1,9,4500
Apartment,Pretoria,"Menlo Park",1,1,1,4900
Apartment,Pretoria,Sunnyside,2,1,4,4500
House,Pretoria,Groenkloof,5,1,1,27990
House,Pretoria,"Waterkloof Ridge",2,3,3,75000
Apartment,Pretoria,Hatfield,6,1,3,11800
House,Pretoria,Waterkloof,1,7,1,90000
Apartment,Pretoria,"Philip Nel Park",2,1,2,3500
Apartment,Pretoria,"Pretoria Central",3,1,1,3472
Town-house,Pretoria,Annlin,3,1,2,6700
Apartment,Pretoria,Hatfield,2,2,1,11500
Apartment,Pretoria,"West Park",2,1,2,5400
Apartment,Pretoria,Hatfield,2,2,2,3950
Apartment,Pretoria,"Lotus Gardens",1,1,4,7150
Apartment,Pretoria,Mooikloof,4,2,1,7500
Apartment,Pretoria,Hatfield,2,2,1,3950
House,Pretoria,Villieria,2,1,2,15000
Town-house,Pretoria,"Silver Lakes Golf Estate",1,1,2,28000
Town-house,Pretoria,"The Wilds",3,3,8,12000
Town-house,Pretoria,"Moreleta Park",3,3,4,4500
Town-house,Pretoria,"Menlo Park",6,7,4,30000
Apartment,Pretoria,"Zambezi Manor Lifestyle Estate",4,3,4,15750
Town-house,Pretoria,"Waterkloof Ridge",3,3,1,90000
House,Pretoria,"Woodhill Golf Estate",6,8,1,45000
Apartment,Pretoria,"Nieuw Muckleneuk",4,3,1,24000
House,Pretoria,"Waterkloof Ridge",2,2,2,94000
Apartment,Pretoria,Eastwood,1,1,2,13500
Apartment,Pretoria,Sinoville,2,1,2,9500
House,Pretoria,"Waterkloof Glen",3,3,2,35000
Apartment,Pretoria,Sinoville,2,1,2,9500
Apartment,Pretoria,Sinoville,2,1,4,8500
House,Pretoria,Waterkloof,4,4,2,45000
House,Pretoria,Brooklyn,2,2,1,30000
House,Pretoria,Clydesdale,1,1,1,4500
House,Pretoria,Groenkloof,1,1,1,12990
Apartment,Pretoria,"Menlo Park",2,2,2,12700
Apartment,Pretoria,"Menlo Park",2,2,2,18000
House,Pretoria,"Waterkloof Ridge",4,4,1,41000
Apartment,Pretoria,Hatfield,2,1,2,10500
Apartment,Pretoria,Hatfield,2,1,1,11000
Apartment,Pretoria,Menlyn,1,1,1,27000
House,Pretoria,Eastwood,1,1,1,10500
Apartment,Pretoria,Equestria,3,4,4,9300
House,Pretoria,Arcadia,3,1,4,25000
Apartment,Pretoria,Arcadia,2,8,3,6000
House,Pretoria,Waterkloof,3,3,3,23000
Apartment,Pretoria,Kwaggasrand,1,1,1,4525
Apartment,Pretoria,Lynnwood,2,1,1,8750
Apartment,Pretoria,Hatfield,2,2,1,10000
House,Pretoria,"Silver Lakes Golf Estate",2,1,2,28000
House,Pretoria,Meyerspark,1,1,3,2500
Town-house,Pretoria,"Menlo Park",1,1,1,10400
Apartment,Pretoria,"Mooikloof Glen",3,2,1,11500
House,Pretoria,"Lynnwood Glen",4,3,3,25000
Apartment,Pretoria,Brooklyn,1,1,1,12750
House,Pretoria,"The Wilds",2,1,6,13000
Apartment,Pretoria,Riviera,1,1,1,5900
Apartment,Pretoria,Brooklyn,1,1,2,12900
House,Pretoria,"Faerie Glen",3,3,1,28000
Apartment,Pretoria,Hatfield,1,1,2,7200
Apartment,Pretoria,"Mooikloof Glen",3,2,1,11500
Apartment,Pretoria,Waterkloof,1,1,1,11300
Apartment,Pretoria,"Menlo Park",3,3,2,25500
House,Pretoria,"Faerie Glen",3,3,2,25500
Apartment,Pretoria,"Blyde Riverwalk Estate",1,1,1,10500
Apartment,Pretoria,"Lotus Gardens",2,1,2,6750
Apartment,Pretoria,"Lotus Gardens",4,3,4,7150
House,Pretoria,"Woodhill Golf Estate",2,1,1,75000
House,Pretoria,Danville,1,1,1,6500
Apartment,Pretoria,Queenswood,1,1,1,6000
Apartment,Pretoria,"Doornpoort AH",9,2,2,6700
House,Pretoria,Sunnyside,3,1,2,3300
Apartment,Pretoria,"West Park",2,2,1,5800
Apartment,Pretoria,"Silver Lakes Golf Estate",2,2,2,22000
Apartment,Pretoria,Sinoville,3,3,1,10400
House,Pretoria,Bronberg,9,2,1,22000
House,Pretoria,Sunnyside,3,3,1,3300
Town-house,Pretoria,"Olympus AH",3,2,1,22000
Apartment,Pretoria,"Ashlea Gardens",1,1,3,18750
Apartment,Pretoria,Sunnyside,1,1,2,5000
Apartment,Pretoria,Gezina,1,1,1,4200
Apartment,Pretoria,"Menlo Park",2,2,2,16900
House,Pretoria,Queenswood,4,2,4,4000
Apartment,Pretoria,"Menlo Park",2,2,2,15500
Apartment,Pretoria,Hatfield,1,1,1,4127
House,Pretoria,"Woodhill Golf Estate",5,5,3,65000
Apartment,Pretoria,Brooklyn,1,1,1,6750
Apartment,Pretoria,Brooklyn,1,1,1,5800
Apartment,Pretoria,Waterkloof,1,1,2,8990
Town-house,Pretoria,"Six Fountains",3,2,2,20000
Town-house,Pretoria,"Six Fountains",3,2,3,22000
House,Pretoria,Waterkloof,4,2,2,42000
Apartment,Pretoria,"Pretoria Central",2,1,4,7000
Town-house,Pretoria,"Six Fountains",3,2,1,22000
House,Pretoria,Queenswood,4,2,6,4000
Apartment,Pretoria,"Willow Park Manor",1,1,4,9500
Apartment,Pretoria,"Menlo Park",1,1,1,9500
Apartment,Pretoria,Mooikloof,2,2,4,12000
Apartment,Pretoria,"Pretoria West",1,1,2,3500
House,Pretoria,"Waterkloof Glen",3,2,1,24000
Apartment,Pretoria,"Mooikloof Ridge",2,1,4,9950
Apartment,Pretoria,Hatfield,2,1,2,6000
Apartment,Pretoria,Sunnyside,3,3,2,2495
House,Pretoria,Waterkloof,1,1,1,30000
Apartment,Pretoria,Hillcrest,2,2,1,7000
Town-house,Pretoria,Montana,1,1,2,8600
Apartment,Pretoria,Sunnyside,2,1,1,4530
Town-house,Pretoria,"Mooikloof Ridge",1,1,4,8000
House,Pretoria,"Montana Tuine",1,1,1,5200
Town-house,Pretoria,"Kameeldrift East",3,3,2,13200
Apartment,Pretoria,Garsfontein,2,2,2,8500
House,Pretoria,Mamelodi,3,2,5,9000
House,Pretoria,"Waterkloof Ridge",4,4,4,40000
Apartment,Pretoria,"Olympus AH",4,5,6,8200
House,Pretoria,"Sable Hills",4,2,2,60000
House,Pretoria,"Kameeldrift East",3,2,3,17900
Apartment,Pretoria,Arcadia,3,4,4,15000
House,Pretoria,"Baileys Muckleneuk",3,3,2,26750
Town-house,Pretoria,"Olympus AH",6,3,2,22000
House,Pretoria,Hatfield,3,3,2,3500
Town-house,Pretoria,Waterkloof,2,1,2,27000
Apartment,Pretoria,Hatfield,2,2,2,8900
Apartment,Pretoria,Waterkloof,4,4,3,20000
House,Pretoria,"Woodhill Golf Estate",2,2,3,50000
Apartment,Pretoria,"Menlo Park",3,2,2,15900
Apartment,Pretoria,Annlin,4,5,6,9300
House,Pretoria,Groenkloof,3,3,4,75000
Town-house,Pretoria,Waterkloof,4,4,1,27000
Apartment,Pretoria,Hillcrest,2,1,1,8000
Apartment,Pretoria,Arcadia,3,1,1,7580
Apartment,Pretoria,Zwartkoppies,1,1,1,7000
House,Pretoria,"Silver Lakes Golf Estate",4,3,2,38000
Apartment,Pretoria,"Nieuw Muckleneuk",2,2,2,15500
Apartment,Pretoria,"Monument Park",2,2,2,17500
House,Pretoria,"Nieuw Muckleneuk",1,1,2,17000
House,Pretoria,"Woodhill Golf Estate",4,3,2,35000
Apartment,Pretoria,Lynnwood,1,1,1,5500
House,Pretoria,"Waterkloof Ridge",4,3,2,26000
House,Pretoria,Danville,4,2,3,9000
Apartment,Pretoria,"Montana Tuine",1,1,1,7500
Apartment,Pretoria,Menlyn,1,1,1,16500
Apartment,Pretoria,"La Montagne",1,1,2,7000
Apartment,Pretoria,"Moreleta Park",1,1,2,11500
Apartment,Pretoria,Brooklyn,2,2,1,23000
Apartment,Pretoria,"Pretoria North",2,1,2,5790
Apartment,Pretoria,"Greencreek Lifestyle Estate",2,2,1,8750
Apartment,Pretoria,"Pretoria North",2,1,1,5790
House,Pretoria,Brooklyn,1,1,2,8600
Apartment,Pretoria,Brooklyn,2,2,1,12000
Apartment,Pretoria,Brooklyn,2,2,1,14000
Apartment,Pretoria,Hazeldean,2,2,2,9750
House,Pretoria,"Waterkloof Ridge",4,5,4,50000
Apartment,Pretoria,"Capital Park",1,1,1,3920
Apartment,Pretoria,"Blyde Riverwalk Estate",1,1,1,13500
House,Pretoria,"Sable Hills",2,2,2,22000
House,Pretoria,"Waterkloof Ridge",5,3,4,55000
House,Pretoria,"Silverwoods Country Estate",4,3,2,42000
Apartment,Pretoria,Waverley,2,1,2,9500
Apartment,Pretoria,"Nieuw Muckleneuk",2,2,2,15500
Apartment,Pretoria,Menlyn,2,2,1,45000
Town-house,Pretoria,Eastwood,4,3,1,22500
Apartment,Pretoria,Brooklyn,1,1,3,11800
House,Pretoria,"Willow Acres",3,3,1,29999
Town-house,Pretoria,"Kilner Park",2,1,3,8500
House,Pretoria,"Waterkloof Ridge",4,4,4,75000
Town-house,Pretoria,Waterkloof,4,3,2,32000
Apartment,Pretoria,Brooklyn,2,2,1,12000
Apartment,Pretoria,Menlyn,1,1,1,23000
Apartment,Pretoria,Riviera,1,1,1,4190
House,Pretoria,"Moreleta Park",1,1,7,5500
House,Pretoria,"Waterkloof Ridge",3,3,1,32000
Apartment,Pretoria,Rietondale,1,1,1,7500
Apartment,Pretoria,Hatfield,1,1,1,5420
Apartment,Pretoria,Menlyn,1,1,2,23000
House,Pretoria,"Silverwoods Country Estate",4,3,1,39000
Apartment,Pretoria,Arcadia,1,1,6,4500
House,Pretoria,"Silver Lakes Golf Estate",4,2,1,45000
House,Pretoria,"Montana Park",1,1,1,7800
Apartment,Pretoria,"Willow Park",1,1,2,7700
House,Pretoria,"Olympus AH",3,3,2,22000
Apartment,Pretoria,Muckleneuk,3,2,2,30000
Apartment,Pretoria,Muckleneuk,2,2,1,10500
Apartment,Pretoria,Hatfield,2,1,1,7900
Apartment,Pretoria,Hatfield,1,1,1,6600
Town-house,Pretoria,Equestria,2,2,7,9750
House,Pretoria,Garsfontein,1,1,2,6000
Apartment,Pretoria,"Blyde Riverwalk Estate",3,2,2,24000
Apartment,Pretoria,"Montana Tuine",2,1,1,7950
Apartment,Pretoria,"Philip Nel Park",2,1,1,6760
Apartment,Pretoria,Waverley,2,1,2,9750
Apartment,Pretoria,"Menlo Park",2,2,1,18000
House,Pretoria,"Willow Acres",4,3,4,56900
Apartment,Pretoria,Hatfield,1,1,1,9500
Apartment,Pretoria,Arcadia,3,1,2,7100
Apartment,Pretoria,Hatfield,1,1,2,6400
House,Pretoria,"Lynnwood Glen",4,4,2,45000
Apartment,Pretoria,Hatfield,2,1,1,7500
House,Pretoria,"Waterkloof Ridge",4,4,4,36000
Apartment,Pretoria,Hatfield,2,2,2,10000
House,Pretoria,"Silverwoods Country Estate",4,3,1,39000
Town-house,Pretoria,Sterrewag,2,1,1,13500
Apartment,Pretoria,Arcadia,2,1,1,6800
Apartment,Pretoria,"Mooikloof Glen",1,1,2,7450
Apartment,Pretoria,"Paramount Estate",2,2,1,8800
Apartment,Pretoria,"Lynnwood Glen",2,2,1,11000
Apartment,Pretoria,Brooklyn,1,1,11,11200
House,Pretoria,Muckleneuk,6,5,13,55000
House,Pretoria,Sunnyside,11,5,1,5000
House,Pretoria,Brooklyn,1,1,1,6900
Apartment,Pretoria,Menlyn,2,1,1,26000
House,Pretoria,Arcadia,4,4,2,8000
House,Pretoria,"The Hills Game Reserve Estate",1,1,1,50000
Apartment,Pretoria,Sunnyside,1,1,1,4932
Apartment,Pretoria,Brooklyn,2,1,1,11500
Apartment,Pretoria,Danville,1,1,2,6935
Apartment,Pretoria,"Pretoria North",2,2,1,3860
Apartment,Pretoria,"Nieuw Muckleneuk",1,1,1,15900
Apartment,Pretoria,Waterkloof,1,1,11,11300
Apartment,Pretoria,Newlands,6,5,3,5387
Apartment,Pretoria,Daspoort,1,1,1,4150
Town-house,Pretoria,"Menlo Park",3,2,4,23000
Apartment,Pretoria,Kwaggasrand,1,1,2,4125
Apartment,Pretoria,Waterkloof,3,3,3,22000
House,Pretoria,"Woodhill Golf Estate",4,3,1,40000
House,Pretoria,Groenkloof,1,1,1,11990
Apartment,Pretoria,"Olympus AH",2,1,2,9500
Apartment,Pretoria,"Menlo Park",2,3,1,23000
House,Pretoria,Brooklyn,4,4,1,35000
Apartment,Pretoria,"Faerie Glen",2,1,1,8600
Apartment,Pretoria,Brooklyn,2,2,2,14000
Town-house,Pretoria,"Olympus AH",3,2,5,22000
House,Pretoria,Groenkloof,5,6,2,50000
Town-house,Pretoria,"Olympus AH",3,2,2,22000
Town-house,Pretoria,"Olympus AH",3,2,1,22000
Apartment,Pretoria,Sunnyside,1,1,2,3950
Apartment,Pretoria,Arcadia,2,1,2,21000
House,Pretoria,"The Hills Game Reserve Estate",3,2,2,33000
Apartment,Pretoria,"Waterkloof Ridge",3,3,2,13000
House,Pretoria,Lynnwood,1,1,3,10000
House,Pretoria,"Woodhill Golf Estate",6,8,8,85000
House,Pretoria,"Woodhill Golf Estate",4,56,2,60000
Apartment,Pretoria,"Capital Park",1,4,1,3940
Apartment,Pretoria,"La Montagne",2,1,1,7950
Town-house,Pretoria,"Pretoria North",2,1,1,7200
Apartment,Pretoria,Menlyn,1,1,1,23000
Apartment,Pretoria,Brooklyn,2,1,2,14999
Apartment,Pretoria,"Kilner Park",2,2,2,6950
House,Pretoria,Garsfontein,1,1,1,5965
House,Pretoria,"Waterkloof Ridge",6,1,8,95000
House,Pretoria,"Willow Acres",5,7,2,50000
Apartment,Pretoria,"Mooikloof Manor",2,5,5,10000
House,Pretoria,"Silver Lakes",5,2,4,50000
House,Pretoria,"Montana Park",4,3,2,23500
Apartment,Pretoria,"West Park",1,2,1,5350
Town-house,Pretoria,"The Wilds",2,1,2,15500
Apartment,Pretoria,"Lotus Gardens",4,3,2,1500
House,Pretoria,"Woodhill Golf Estate",6,3,3,52000
House,Pretoria,"Silver Lakes Golf Estate",1,1,1,75000
Apartment,Pretoria,Hazelwood,1,1,1,22000
Apartment,Pretoria,"Menlo Park",4,3,2,21500
House,Pretoria,"Waterkloof Ridge",3,3,3,30000
Apartment,Pretoria,Brooklyn,5,6,8,52000
House,Pretoria,"Woodhill Golf Estate",4,3,4,56000
House,Pretoria,"Woodhill Golf Estate",3,2,2,52000
House,Pretoria,"Silver Lakes",4,2,2,29000
House,Pretoria,"Silver Lakes Golf Estate",1,1,1,38000
Apartment,Pretoria,"Capital Park",1,5,1,5520
Apartment,Pretoria,"Philip Nel Park",4,1,3,3500
House,Pretoria,"Silver Lakes",1,4,1,75000
Apartment,Pretoria,Sunnyside,5,2,5,5880
House,Pretoria,"Silver Lakes Golf Estate",2,1,3,46000
House,Pretoria,"Philip Nel Park",1,2,1,1600
Apartment,Pretoria,"Menlo Park",2,6,1,21500
Apartment,Pretoria,Eastwood,6,2,4,20000
Town-house,Pretoria,"Woodhill Golf Estate",3,2,4,25000
Apartment,Pretoria,Gezina,1,1,1,2040
Apartment,Pretoria,Menlyn,2,2,1,23000
House,Pretoria,"The Wilds",2,1,1,14500
Apartment,Pretoria,Lynnwood,2,2,1,7500
Town-house,Pretoria,"The Wilds",2,1,1,14500
Apartment,Pretoria,Lynnwood,2,3,2,9500
Apartment,Pretoria,"Menlo Park",2,1,1,23000
Apartment,Pretoria,Lynnwood,2,1,1,8000
Apartment,Pretoria,"Pretoria West",2,1,1,6420
Apartment,Pretoria,"Pretoria North",2,2,2,6800
House,Pretoria,"Menlo Park",1,1,1,14000
Apartment,Pretoria,Menlyn,4,4,2,16000
House,Pretoria,"Silver Lakes Golf Estate",2,1,1,50000
Apartment,Pretoria,Lynnwood,3,2,2,8500
Apartment,Pretoria,"Nieuw Muckleneuk",2,3,2,28500
Apartment,Pretoria,"Six Fountains",1,1,1,17000
Apartment,Pretoria,"Waterkloof Ridge",4,5,9,10000
House,Pretoria,"Waterkloof Ridge",11,5,13,75000
House,Pretoria,Sunnyside,2,1,1,4800
Town-house,Pretoria,Hazelwood,3,2,2,23000
Apartment,Pretoria,"Menlo Park",1,1,1,11900
Apartment,Pretoria,Equestria,2,2,2,10300
House,Pretoria,Hatfield,7,6,1,3500
Apartment,Pretoria,Hatfield,3,2,3,25500
Apartment,Pretoria,"Montana Tuine",1,1,2,7000
Town-house,Pretoria,"Menlo Park",3,2,2,32000
House,Pretoria,"Pretoria West",3,2,3,7500
Apartment,Pretoria,"Savannah Country Estate",2,2,1,8300
Town-house,Pretoria,"Willow Park Manor",3,2,1,16750
Town-house,Pretoria,"Kilner Park",3,2,1,9400
Apartment,Pretoria,"Menlo Park",1,1,2,10000
Apartment,Pretoria,Sinoville,2,1,1,8500
Apartment,Pretoria,Lynnwood,1,1,2,9500
House,Pretoria,Kwaggasrand,3,1,1,8500
Apartment,Pretoria,Riviera,2,1,3,4000
Apartment,Pretoria,"Pretoria West",2,1,1,6435
Apartment,Pretoria,Sunnyside,2,1,1,5770
House,Pretoria,Brooklyn,1,1,5,7950
House,Pretoria,Brooklyn,6,5,2,3750
House,Pretoria,"Faerie Glen",3,3,1,28000
House,Pretoria,"Savannah Country Estate",5,3,1,28000
Apartment,Pretoria,"Blyde Riverwalk Estate",2,2,2,20000
Apartment,Pretoria,Arcadia,1,1,4,6450
Apartment,Pretoria,"West Park",1,1,1,4450
Town-house,Pretoria,"Woodhill Golf Estate",3,2,2,29950
House,Pretoria,"Waterkloof Ridge",4,3,4,30000
Apartment,Pretoria,Arcadia,2,1,1,6390
Town-house,Pretoria,"Woodhill Golf Estate",3,2,1,29950
House,Pretoria,"Woodhill Golf Estate",4,4,2,100000
Apartment,Pretoria,Waterkloof,1,1,2,11300
House,Pretoria,"Philip Nel Park",3,2,3,6400
Apartment,Pretoria,"Waterkloof Ridge",2,1,1,11500
Apartment,Pretoria,"Menlo Park",2,2,2,22000
House,Pretoria,Silverton,3,1,6,14408
Town-house,Pretoria,"Silver Lakes Golf Estate",2,2,2,28000
House,Pretoria,Groenkloof,3,2,3,25000
Apartment,Pretoria,"Capital Park",1,1,1,3940
Apartment,Pretoria,Riviera,1,1,5,5900
Apartment,Pretoria,"Menlo Park",2,2,3,14000
House,Pretoria,"Woodhill Golf Estate",4,4,4,60000
Town-house,Pretoria,"Silver Lakes Golf Estate",2,2,2,28000
House,Pretoria,"Woodhill Golf Estate",4,5,3,59900
Apartment,Pretoria,Tileba,2,1,3,5545
Town-house,Pretoria,"Woodhill Golf Estate",3,3,4,35000
House,Pretoria,"Woodhill Golf Estate",3,2,4,85000
House,Pretoria,Lukasrand,5,7,2,4950
Apartment,Pretoria,Brooklyn,5,3,6,13900
House,Pretoria,"Woodhill Golf Estate",2,2,1,85000
Apartment,Pretoria,Clydesdale,5,7,1,7500
Apartment,Pretoria,Hatfield,2,1,1,4200
Apartment,Pretoria,Sinoville,2,1,1,7500
House,Pretoria,Muckleneuk,3,3,5,27000
House,Pretoria,"Monument Park",4,2,6,19000
House,Pretoria,"Tyger Valley",2,2,2,15000
Apartment,Pretoria,"Waterkloof Park",3,2,2,25000
Apartment,Pretoria,"Blyde Riverwalk Estate",3,2,3,23000
Apartment,Pretoria,Hatfield,2,2,2,17500
House,Pretoria,"Silver Lakes Golf Estate",4,3,2,38000
Apartment,Pretoria,Sterrewag,2,1,2,9675
Apartment,Pretoria,Brooklyn,2,2,3,13800
Town-house,Pretoria,"The Wilds",3,2,5,18000
House,Pretoria,Muckleneuk,3,3,2,25000
House,Pretoria,"Faerie Glen",3,3,3,28000
Apartment,Pretoria,Waterkloof,2,2,3,13500
House,Pretoria,"Woodhill Golf Estate",3,4,6,45000
Apartment,Pretoria,Brooklyn,2,2,1,14000
House,Pretoria,"Silver Lakes Golf Estate",4,3,1,38000
House,Pretoria,Montana,4,4,4,38000
House,Pretoria,"Silver Lakes Golf Estate",4,3,8,55000
House,Pretoria,Brooklyn,1,1,1,6100
House,Pretoria,Brooklyn,1,1,1,6200
Town-house,Pretoria,"The Wilds",2,2,2,15500
Apartment,Pretoria,Hatfield,1,1,1,13000
Apartment,Pretoria,Menlyn,1,1,1,25500
Town-house,Pretoria,Equestria,3,3,4,17400
Town-house,Pretoria,"The Wilds",2,2,1,15500
Town-house,Pretoria,"The Wilds",2,1,1,13000
Town-house,Pretoria,"The Wilds",2,2,2,15500
Town-house,Pretoria,"The Wilds",2,2,1,14500
Apartment,Pretoria,"Menlo Park",2,2,2,14500
Town-house,Pretoria,"The Wilds",3,2,2,20000
Town-house,Pretoria,"The Wilds",2,1,1,13000
Apartment,Pretoria,Sunnyside,1,1,1,4000
Apartment,Pretoria,"Blyde Riverwalk Estate",2,2,2,12000
House,Pretoria,"Waterkloof Ridge",6,7,8,95000
Apartment,Pretoria,Annlin,2,1,2,7400
House,Pretoria,"Menlo Park",1,2,1,5000
Apartment,Pretoria,Mayville,2,1,1,4500
Apartment,Pretoria,Sunnyside,4,2,3,3200
Apartment,Pretoria,Waterkloof,2,2,4,20000
House,Pretoria,"Kameeldrift East",4,3,1,22000
House,Pretoria,Waterkloof,3,2,2,32000
Apartment,Pretoria,"Pretoria Central",1,1,3,4520
Apartment,Pretoria,Brooklyn,2,2,1,12500
Apartment,Pretoria,Brooklyn,2,2,2,15000
House,Pretoria,"Willow Acres Ext 10",3,3,1,30000
House,Pretoria,Erasmuskloof,2,2,1,9200
Apartment,Pretoria,"Faerie Glen",2,2,1,8800
Apartment,Pretoria,Gezina,2,1,1,5300
Apartment,Pretoria,Hatfield,3,1,1,17500
Apartment,Pretoria,Hatfield,2,1,5,16500
Apartment,Pretoria,Hatfield,2,1,1,16500
Apartment,Pretoria,Hillcrest,2,2,1,5950
House,Pretoria,Danville,3,2,4,16500
Apartment,Pretoria,"Nieuw Muckleneuk",1,1,2,12000
Apartment,Pretoria,Brooklyn,2,2,2,15500
Apartment,Pretoria,Mayville,1,1,1,3840
House,Pretoria,Wapadrand,3,3,4,31000
Apartment,Pretoria,"Mooikloof Glen",1,1,1,6500
Apartment,Pretoria,Arcadia,1,1,1,4850
Apartment,Pretoria,"Silver Lakes Golf Estate",1,1,5,6600
House,Pretoria,Sunnyside,4,4,1,2940
House,Pretoria,Waterkloof,1,1,3,40000
Apartment,Pretoria,Rietondale,6,5,1,7000
House,Pretoria,"Willow Acres",1,1,1,45000
Apartment,Pretoria,"Montana Park",1,1,1,9500
House,Pretoria,Groenkloof,11,2,2,10990
Apartment,Pretoria,Sunnyside,11,2,3,1505
Apartment,Pretoria,Colbyn,2,2,1,5000
Apartment,Pretoria,Colbyn,2,1,2,5000
Apartment,Pretoria,Sunnyside,3,2,1,6790
House,Pretoria,"Waterkloof Heights",6,7,2,50000
House,Pretoria,"Waterkloof Ridge",3,3,4,28000
Apartment,Pretoria,"Alphen Park",1,1,1,21500
House,Pretoria,Danville,1,2,4,4500
House,Pretoria,Waterkloof,3,2,7,28000
House,Pretoria,"Waterkloof Ridge",5,5,1,65000
Apartment,Pretoria,Sunnyside,1,1,1,3800
Apartment,Pretoria,Queenswood,1,1,1,4750
House,Pretoria,Riviera,1,1,4,5000
Apartment,Pretoria,Hatfield,1,1,2,8500
Apartment,Pretoria,Menlyn,1,1,4,23000
Town-house,Pretoria,Equestria,3,2,2,22000
Apartment,Pretoria,Brooklyn,3,3,1,42000
House,Pretoria,"Willow Acres",6,5,2,50000
House,Pretoria,Andeon,3,2,1,8000
Apartment,Pretoria,"Mountain View",1,1,1,5300
Apartment,Pretoria,"Menlo Park",2,2,4,16500
Apartment,Pretoria,"Paramount Estate",2,2,2,8800
Apartment,Pretoria,Sinoville,2,1,2,8500
Apartment,Pretoria,Sinoville,2,1,2,7500
House,Pretoria,"Philip Nel Park",5,3,2,10500
Town-house,Pretoria,Brooklyn,3,3,6,30000
Apartment,Pretoria,"Alphen Park",1,1,4,18500
Town-house,Pretoria,"Willow Glen",3,3,4,23000
Apartment,Pretoria,Menlyn,1,1,1,30000
House,Pretoria,"Waterkloof Ridge",6,7,4,90000
House,Pretoria,"Boardwalk Manor",4,4,2,65000
Apartment,Pretoria,Hatfield,1,1,1,8250
Apartment,Pretoria,Menlyn,2,2,2,29500
Apartment,Pretoria,Muckleneuk,1,1,1,8350
House,Pretoria,"Nieuw Muckleneuk",1,1,1,13800
Apartment,Pretoria,"Alphen Park",1,1,4,18500
Apartment,Pretoria,Brooklyn,2,2,1,12000
House,Pretoria,"Waterkloof Ridge",3,4,4,28000
House,Pretoria,"Moreleta Park",3,3,5,60000
Apartment,Pretoria,"Alphen Park",2,2,4,25000
Apartment,Pretoria,Brooklyn,2,2,2,10500
House,Pretoria,"Savannah Country Estate",6,6,2,25000
Apartment,Pretoria,Sunnyside,1,2,1,1950
Apartment,Pretoria,Hazeldean,2,2,1,8800
Apartment,Pretoria,"Silver Lakes Golf Estate",2,4,1,22000
Apartment,Pretoria,Brooklyn,3,1,2,52000
Apartment,Pretoria,Menlyn,1,4,3,23000
House,Pretoria,"Woodhill Golf Estate",4,1,1,65000
Apartment,Pretoria,"Menlo Park",1,1,2,11900
Apartment,Pretoria,"Nieuw Muckleneuk",1,1,1,17000
Apartment,Pretoria,"Pretoria Central",1,2,2,4000
Apartment,Pretoria,Hazeldean,3,2,2,9500
Town-house,Pretoria,"Sable Hills",2,2,1,19500
Town-house,Pretoria,"Sable Hills",2,1,2,25000
Apartment,Pretoria,Mayville,2,1,1,4880
Apartment,Pretoria,"Menlo Park",1,1,2,2825
Apartment,Pretoria,"Silver Lakes",1,1,2,10000
Apartment,Pretoria,Arcadia,1,1,1,4120
Apartment,Pretoria,"Faerie Glen",2,1,2,12000
Apartment,Pretoria,"Blyde Riverwalk Estate",2,2,1,23000
Apartment,Pretoria,Hatfield,1,1,3,6680
House,Pretoria,"Silver Lakes Golf Estate",1,1,2,13900
House,Pretoria,"Pretoria North",3,2,3,16000
House,Pretoria,"Savannah Country Estate",6,6,1,49000
Apartment,Pretoria,"Capital Park",1,1,1,2800
Apartment,Pretoria,"Silver Lakes Golf Estate",1,1,1,16500
Apartment,Pretoria,Hatfield,1,1,1,6680
Apartment,Pretoria,Arcadia,1,1,1,4221
Apartment,Pretoria,Arcadia,1,1,1,5200
Apartment,Pretoria,"Capital Park",1,1,2,3940
Apartment,Pretoria,Dorandia,2,3,1,5410
House,Pretoria,Riviera,1,1,1,17000
Apartment,Pretoria,Hatfield,3,3,1,4300
Town-house,Pretoria,Lynnwood,1,1,2,19800
Town-house,Pretoria,"Philip Nel Park",1,1,1,5000
Apartment,Pretoria,"Pretoria North",2,1,2,5000
Apartment,Pretoria,"Blyde Riverwalk Estate",3,2,2,22000
House,Pretoria,"Woodhill Golf Estate",4,5,3,59000
Apartment,Pretoria,Sunnyside,1,1,1,2000
House,Pretoria,"Silver Lakes Golf Estate",1,1,1,12000
Apartment,Pretoria,"Willow Park Manor",1,1,1,8000
Apartment,Pretoria,"Pretoria North",2,1,1,7600
House,Pretoria,Andeon,3,3,2,13000
Apartment,Pretoria,Brooklyn,1,1,9,5000
House,Pretoria,"Waterkloof Ridge",6,4,2,99000
House,Pretoria,"Six Fountains Residential Estate",3,3,10,26000
House,Pretoria,"Waterkloof Ridge",6,5,4,70000
House,Pretoria,"Woodhill Golf Estate",7,8,1,85000
Apartment,Pretoria,Arcadia,1,1,1,4900
Apartment,Pretoria,Hatfield,1,1,2,8500
Apartment,Pretoria,"Silver Lakes",2,2,6,9000
House,Pretoria,"Mooikloof Equestrian Estate",5,5,1,39800
Apartment,Pretoria,Sunnyside,2,2,2,11500
Town-house,Pretoria,"Waterkloof Ridge",3,3,2,30000
House,Pretoria,"Pretoria Central",4,3,1,40000
Apartment,Pretoria,"Pretoria North",2,1,2,7600
Apartment,Pretoria,"Pretoria Central",1,1,1,5050
Apartment,Pretoria,"Montana Park",2,1,1,7700
Apartment,Pretoria,"Ashlea Gardens",1,1,2,4000
Apartment,Pretoria,"Lombardy Estate",3,2,6,10200
House,Pretoria,"Woodhill Golf Estate",4,3,1,60000
House,Pretoria,Brooklyn,15,9,2,4350
Apartment,Pretoria,"Silver Lakes",2,2,3,12000
Apartment,Pretoria,"Blyde Riverwalk Estate",3,2,1,18500
Apartment,Pretoria,Hatfield,1,1,1,4000
Apartment,Pretoria,"Capital Park",1,1,4,5000
Apartment,Pretoria,"Silver Lakes",2,2,1,12000
Apartment,Pretoria,"Pretoria Central",2,2,1,2999
Apartment,Pretoria,Waverley,2,3,2,6901
Apartment,Pretoria,"Menlo Park",3,2,1,16000
House,Pretoria,"Waterkloof Marina Retirement Estate",2,2,2,26250
Apartment,Pretoria,"Kameeldrift East",2,1,1,10000
Apartment,Pretoria,Claremont,3,1,1,6900
Apartment,Pretoria,Muckleneuk,1,1,2,8500
Apartment,Pretoria,"Nieuw Muckleneuk",3,2,1,22000
Apartment,Pretoria,Menlyn,2,2,3,45000
Apartment,Pretoria,"Boardwalk Villas",3,3,3,22000
Apartment,Pretoria,Hatfield,2,2,4,8000
House,Pretoria,"Waterkloof Ridge",5,5,1,65000
Apartment,Pretoria,Lynnwood,3,3,1,25500
Apartment,Pretoria,Menlyn,1,1,1,15000
Apartment,Pretoria,Erasmusrand,5,2,2,6000
House,Pretoria,Danville,1,1,3,13000
Apartment,Pretoria,"Ashlea Gardens",4,3,4,13800
House,Pretoria,"Waterkloof Ridge",3,4,6,65000
House,Pretoria,"Silver Lakes Golf Estate",4,4,3,32500
House,Pretoria,"Silver Lakes",1,1,1,75000
Apartment,Pretoria,Waterkloof,1,1,1,10000
Apartment,Pretoria,Erasmusrand,1,1,1,6000
Apartment,Pretoria,"Pretoria Central",6,7,8,4200
House,Pretoria,"Waterkloof Ridge",2,2,2,95000
House,Pretoria,"Kilner Park",2,1,1,8500
Apartment,Pretoria,"Faerie Glen",1,1,1,10000
Apartment,Pretoria,Muckleneuk,1,1,1,10000
Apartment,Pretoria,Hazeldean,1,1,1,7450
Apartment,Pretoria,Dorandia,5,1,1,4500
House,Pretoria,"Silver Lakes Golf Estate",1,3,6,65000
Apartment,Pretoria,"Faerie Glen",1,1,1,10000
Apartment,Pretoria,Menlyn,2,1,1,15500
House,Pretoria,"The Wilds",2,2,2,15500
Apartment,Pretoria,"Waterkloof Glen",1,2,2,35000
Apartment,Pretoria,Menlyn,1,1,1,23000
House,Pretoria,Brooklyn,3,1,1,8000
Apartment,Pretoria,"Erasmus Park",3,2,2,16000
Apartment,Pretoria,"Nieuw Muckleneuk",2,3,3,20500
Apartment,Pretoria,Brooklyn,1,2,2,14000
Apartment,Pretoria,"Menlo Park",4,1,1,11900
House,Pretoria,Derdepoort,2,3,2,26000
House,Pretoria,"The Wilds",2,2,1,14500
Apartment,Pretoria,"Silver Lakes Golf Estate",3,2,1,24000
House,Pretoria,"Silver Lakes Golf Estate",1,2,4,27990
Apartment,Pretoria,"Pretoria West",2,2,1,5700
Apartment,Pretoria,Hillcrest,2,1,1,9900
Apartment,Pretoria,Shere,2,2,1,8000
House,Pretoria,Kirkney,2,1,4,6800
Town-house,Pretoria,"Silver Lakes Golf Estate",2,2,3,28000
House,Pretoria,"Silver Lakes Golf Estate",4,3,1,65000
Apartment,Pretoria,Arcadia,2,1,2,16000
Apartment,Pretoria,"Menlo Park",2,2,4,25500
House,Pretoria,Brooklyn,4,3,1,25000
House,Pretoria,Danville,1,1,1,3500
Apartment,Pretoria,Brooklyn,2,1,1,13800
Apartment,Pretoria,Brooklyn,13,8,1,5200
House,Pretoria,"Pretoria West",3,2,1,12000
Apartment,Pretoria,"Menlo Park",1,1,1,16500
Town-house,Pretoria,"The Wilds",2,1,1,13000
House,Pretoria,Kirkney,2,1,1,6800
Apartment,Pretoria,Menlyn,1,1,2,21000
Apartment,Pretoria,Danville,1,1,4,2500
Apartment,Pretoria,Brooklyn,2,2,2,13500
Apartment,Pretoria,"Wonderboom South",2,1,1,8600
House,Pretoria,"Olympus AH",3,3,5,22000
Apartment,Pretoria,"Pretoria Central",1,1,1,7490
Apartment,Pretoria,"Menlo Park",1,1,2,9500
Town-house,Pretoria,"Menlo Park",1,1,2,6000
House,Pretoria,"Waterkloof Ridge",4,3,1,75000
Apartment,Pretoria,Hatfield,1,1,2,6500
Apartment,Pretoria,"Featherwood Retirement Estate",2,1,3,18500
Apartment,Pretoria,"Silver Lakes Golf Estate",2,2,1,23000
House,Pretoria,Brooklyn,3,4,4,35000
Apartment,Pretoria,Brooklyn,2,1,2,13800
Apartment,Pretoria,Sinoville,1,1,1,6400
Apartment,Pretoria,"Silver Lakes Golf Estate",2,2,1,22000
Apartment,Pretoria,"Silver Lakes Golf Estate",2,2,1,23000
Apartment,Pretoria,Brooklyn,2,1,1,13800
House,Pretoria,Hatfield,9,4,1,4300
Apartment,Pretoria,"Silver Lakes Golf Estate",1,1,2,12000
Apartment,Pretoria,Brooklyn,2,1,2,13800
Apartment,Pretoria,Brooklyn,2,2,2,12750
Apartment,Pretoria,"Nieuw Muckleneuk",3,2,1,22000
Apartment,Pretoria,Arcadia,1,1,1,4160
Apartment,Pretoria,"Blyde Riverwalk Estate",1,1,1,13000
Apartment,Pretoria,Waverley,2,2,3,6901
Apartment,Pretoria,"Silver Lakes Golf Estate",1,1,1,13000
House,Pretoria,"Silver Lakes",3,2,5,33000
Apartment,Pretoria,Menlyn,4,4,4,16000
Apartment,Pretoria,"Nieuw Muckleneuk",1,1,1,13800
Apartment,Pretoria,"Pretoria West",2,1,1,5000
Apartment,Pretoria,Gezina,1,1,2,4500
House,Pretoria,Hazeldean,2,2,4,15000
House,Pretoria,"Silver Lakes",3,2,1,31000
House,Pretoria,Menlyn,1,1,1,6000
House,Pretoria,Menlyn,1,1,1,6000
Apartment,Pretoria,"Lotus Gardens",2,1,1,1500
Apartment,Pretoria,Sinoville,2,1,1,7400
Apartment,Pretoria,"Featherwood Retirement Estate",1,1,1,10500
Apartment,Pretoria,"Pretoria Central",1,1,1,6520
Apartment,Pretoria,"Nieuw Muckleneuk",1,1,1,13800
Apartment,Pretoria,"Lynnwood Ridge",1,1,1,6999
Apartment,Pretoria,Sunnyside,2,1,1,4120
Apartment,Pretoria,"Olympus AH",2,1,3,7500
Apartment,Pretoria,"Lynnwood Ridge",2,1,1,9000
Apartment,Pretoria,"Pretoria Gardens",3,2,1,6850
Apartment,Pretoria,Equestria,2,2,1,10000
Apartment,Pretoria,"Pretoria Central",2,1,4,7000
Town-house,Pretoria,"Menlo Park",3,4,2,30000
Apartment,Pretoria,"Nieuw Muckleneuk",1,1,5,17000
Apartment,Pretoria,"Waterkloof Glen",1,1,1,22000
House,Pretoria,Muckleneuk,3,3,1,25000
Apartment,Pretoria,"Lynnwood Ridge",2,1,2,9000
Apartment,Pretoria,Shere,1,1,1,7800
House,Pretoria,"Waterkloof Ridge",3,3,1,46000
Apartment,Pretoria,Hatfield,1,1,3,5400
Apartment,Pretoria,"Capital Park",1,1,2,4200
House,Pretoria,"The Wilds",5,4,2,65000
House,Pretoria,"Waterkloof Heights",2,2,1,18000
Apartment,Pretoria,Menlyn,3,3,1,16000
House,Pretoria,Muckleneuk,1,1,1,23000
Apartment,Pretoria,"Nieuw Muckleneuk",1,1,1,13500
Apartment,Pretoria,"Silver Lakes Golf Estate",1,1,1,18000
Apartment,Pretoria,"Silver Lakes Golf Estate",2,2,1,23000
Apartment,Pretoria,Sunnyside,1,1,2,4420
Apartment,Pretoria,"Baileys Muckleneuk",3,2,1,19000
Apartment,Pretoria,Claremont,2,1,1,5900
Apartment,Pretoria,Sunnyside,1,1,1,2950
Apartment,Pretoria,Sunnyside,1,1,1,2950
Apartment,Pretoria,Lynnwood,2,1,1,5990
Apartment,Pretoria,"Willow Park Manor",6,1,6,6800
Apartment,Pretoria,Hatfield,2,2,1,13000
House,Pretoria,"Waterkloof Ridge",2,7,1,95000
Apartment,Pretoria,"Pretoria Central",1,1,1,7000
Apartment,Pretoria,Montana,1,1,1,8500
Apartment,Pretoria,Sunnyside,1,1,2,4280
Apartment,Pretoria,Riviera,1,1,2,5500
Apartment,Pretoria,Brooklyn,2,1,1,8800
Apartment,Pretoria,Hatfield,1,1,1,6200
Apartment,Pretoria,"Savannah Country Estate",1,1,2,8500
Apartment,Pretoria,Menlyn,2,1,1,25000
Apartment,Pretoria,Brooklyn,1,1,1,10500
Apartment,Pretoria,Sunnyside,2,1,1,2160
Apartment,Pretoria,Menlyn,3,1,1,25000
Apartment,Pretoria,Waterkloof,1,1,1,28990
Apartment,Pretoria,"Pretoria Central",1,1,1,2500
Apartment,Pretoria,Sinoville,1,1,1,6000
House,Pretoria,Claremont,1,1,1,2800
Apartment,Pretoria,"Pretoria Central",2,1,1,4390
Apartment,Pretoria,Arcadia,1,2,1,6290
Apartment,Pretoria,Hatfield,1,1,1,5500
Apartment,Pretoria,Arcadia,1,1,1,2950
House,Pretoria,"Silver Lakes Golf Estate",1,1,1,10000
Apartment,Pretoria,Arcadia,2,1,1,2950
Apartment,Pretoria,"Pretoria West",1,1,1,1800
Apartment,Pretoria,Arcadia,2,1,1,6390
Apartment,Pretoria,"Waterkloof Ridge",1,1,1,9200
Apartment,Pretoria,Waterkloof,2,1,1,10500
Apartment,Pretoria,Waterkloof,3,1,2,9200
Apartment,Pretoria,"Waterkloof Ridge",3,2,1,10500
Apartment,Pretoria,"Montana Park",2,2,1,10900
Apartment,Pretoria,"Waterkloof Glen",1,1,1,9200
Apartment,Pretoria,Silverton,2,1,1,7550
Apartment,Pretoria,"Montana Park",2,2,1,8900
Apartment,Pretoria,Sinoville,2,1,1,7650
Apartment,Pretoria,Magalieskruin,3,2,2,10900
Apartment,Pretoria,"Pretoria North",3,2,2,10900
Apartment,Pretoria,"Mountain View",2,1,2,8100
Apartment,Pretoria,"Lotus Gardens",2,1,2,8100
Apartment,Pretoria,Kwaggasrand,2,1,2,8100
Apartment,Pretoria,Daspoort,2,1,1,8100
Apartment,Pretoria,Kirkney,2,2,2,8100
Apartment,Pretoria,"Wonderboom AH",3,1,2,15750
Apartment,Pretoria,Roodeplaat,2,1,1,7650
Apartment,Pretoria,Waterkloof,1,1,1,8200
Apartment,Pretoria,"Montana Park",2,1,1,7550
Apartment,Pretoria,"Doornpoort AH",2,1,1,7550
Apartment,Pretoria,"Montana Park",2,1,1,7550
Apartment,Pretoria,"Mountain View",2,1,2,7350
Apartment,Pretoria,"Waterkloof Glen",1,1,1,8200
Apartment,Pretoria,"Faerie Glen",1,2,1,8100
Apartment,Pretoria,Roodeplaat,3,2,2,14200
Apartment,Pretoria,Roodeplaat,3,2,2,15750
Apartment,Pretoria,"Montana Park",2,1,1,7550
Apartment,Pretoria,Equestria,3,2,2,13500
Apartment,Pretoria,"Faerie Glen",2,1,1,9400
Apartment,Pretoria,Silverton,2,2,2,8750
Apartment,Pretoria,Roodeplaat,2,1,1,7550
Apartment,Pretoria,Gezina,2,2,1,8450
Apartment,Pretoria,"Pretoria North",2,1,1,7550
Apartment,Pretoria,Newlands,2,1,1,8300
Apartment,Pretoria,Montana,2,1,1,7750
Apartment,Pretoria,"Die Wilgers",2,2,2,10300
Apartment,Pretoria,Erasmuskloof,2,1,1,9400
Apartment,Pretoria,"Faerie Glen",2,2,1,9000
Apartment,Pretoria,Booysens,2,1,3,7350
Apartment,Pretoria,Garsfontein,2,1,1,9500
Apartment,Pretoria,Montana,2,2,1,8900
Apartment,Pretoria,Atteridgeville,2,1,3,7350
Apartment,Pretoria,Elarduspark,1,1,1,8200
Apartment,Pretoria,Equestria,3,2,2,13500
Apartment,Pretoria,"Menlo Park",1,1,1,8200
Apartment,Pretoria,Arcadia,2,1,3,7350
Apartment,Pretoria,Claremont,2,1,3,7550
Town-house,Pretoria,"Capital Park",2,1,3,7550
Town-house,Pretoria,Booysens,2,1,3,7550
Town-house,Pretoria,Andeon,2,1,4,7550
Town-house,Pretoria,Booysens,2,1,3,7550
Town-house,Pretoria,Danville,2,1,3,7550
Apartment,Pretoria,Garsfontein,1,1,1,8200
Town-house,Pretoria,Atteridgeville,2,1,3,7550
Apartment,Pretoria,Erasmuskloof,1,1,1,8200
Apartment,Pretoria,"Montana Tuine",1,1,1,8500
Apartment,Pretoria,Andeon,2,1,4,7350
Apartment,Pretoria,"Capital Park",1,1,4,6250
Apartment,Pretoria,Erasmuskloof,1,1,1,8200
Apartment,Pretoria,"La Montagne",2,2,1,10300
Apartment,Pretoria,Brooklyn,1,1,1,8200
Apartment,Pretoria,Atteridgeville,1,1,4,6250
Apartment,Pretoria,Booysens,1,1,4,6250
Apartment,Pretoria,Newlands,2,1,1,9100
